ChargePeriodStart,ChargePeriodEnd,ChargeFrequency,ChargeDescription,ChargeCategory,BillingPeriodStart,BillingPeriodEnd,Provider,Publisher,InvoiceIssuer,BillingAccountId,BilledCost,BillingCurrency,EffectiveCost,RegionId,ServiceCategory,ServiceName,SubAccountId,AvailabilityZone,ResourceName,ResourceId,ResourceType,CommitmentDiscountId,CommitmentDiscountType,CommitmentDiscountCategory,PricingQuantity,PricingUnit,PricingCategory,SkuId,SkuPriceId,ListUnitPrice,ListCost,ConsumedQuantity,ConsumedUnit
2023-11-01T00:00:00.000+0000,2023-12-01T00:00:00.000+0000,Recurring,Tax for product code AWSCloudTrail,Tax,2023-11-01T00:00:00.000+0000,2023-12-01T00:00:00.000+0000,AWS,"Amazon Web Services Canada, Inc.","Amazon Web Services Canada, Inc.",123412340534,0.0,USD,0.0,,Management and Governance,AWSCloudTrail,123412340534,,,,,,,,1.0,,,,,,0.0,1.0,
2023-11-01T00:00:00.000+0000,2023-12-01T00:00:00.000+0000,Recurring,Tax for product code AWSDataTransfer,Tax,2023-11-01T00:00:00.000+0000,2023-12-01T00:00:00.000+0000,AWS,"Amazon Web Services Canada, Inc.","Amazon Web Services Canada, Inc.",123412340534,0.0,USD,0.0,,Networking,AWSDataTransfer,123412340534,,,,,,,,1.0,,,,,,0.0,1.0,
2023-11-01T00:00:00.000+0000,2023-12-01T00:00:00.000+0000,Recurring,Tax for product code AWSGlue,Tax,2023-11-01T00:00:00.000+0000,2023-12-01T00:00:00.000+0000,AWS,"Amazon Web Services Canada, Inc.","Amazon Web Services Canada, Inc.",123412340534,0.0,USD,0.0,,Analytics,AWSGlue,123412340534,,,,,,,,1.0,,,,,,0.0,1.0,
2023-11-01T00:00:00.000+0000,2023-12-01T00:00:00.000+0000,Recurring,Tax for product code AWSIoT,Tax,2023-11-01T00:00:00.000+0000,2023-12-01T00:00:00.000+0000,AWS,"Amazon Web Services Canada, Inc.","Amazon Web Services Canada, Inc.",123412340534,0.0,USD,0.0,,Internet of Things,AWSIoT,123412340534,,,,,,,,1.0,,,,,,0.0,1.0,
2023-11-01T00:00:00.000+0000,2023-12-01T00:00:00.000+0000,Recurring,Tax for product code awskms,Tax,2023-11-01T00:00:00.000+0000,2023-12-01T00:00:00.000+0000,AWS,"Amazon Web Services Canada, Inc.","Amazon Web Services Canada, Inc.",123412340534,0.01,USD,0.01,,Security,awskms,123412340534,,,,,,,,1.0,,,,,,0.0,1.0,
2023-11-01T00:00:00.000+0000,2023-12-01T00:00:00.000+0000,Recurring,Tax for product code AWSMigrationHubRefactorSpaces,Tax,2023-11-01T00:00:00.000+0000,2023-12-01T00:00:00.000+0000,AWS,"Amazon Web Services Canada, Inc.","Amazon Web Services Canada, Inc.",123412340534,0.0,USD,0.0,,,AWSMigrationHubRefactorSpaces,123412340534,,,,,,,,1.0,,,,,,0.0,1.0,
2023-11-01T00:00:00.000+0000,2023-12-01T00:00:00.000+0000,Recurring,Tax for product code AWSSecretsManager,Tax,2023-11-01T00:00:00.000+0000,2023-12-01T00:00:00.000+0000,AWS,"Amazon Web Services Canada, Inc.","Amazon Web Services Canada, Inc.",123412340534,0.0,USD,0.0,,Security,AWSSecretsManager,123412340534,,,,,,,,1.0,,,,,,0.0,1.0,
2023-11-01T00:00:00.000+0000,2023-12-01T00:00:00.000+0000,Recurring,Tax for product code AmazonEFS,Tax,2023-11-01T00:00:00.000+0000,2023-12-01T00:00:00.000+0000,AWS,"Amazon Web Services Canada, Inc.","Amazon Web Services Canada, Inc.",123412340534,0.0,USD,0.0,,Storage,AmazonEFS,123412340534,,,,,,,,1.0,,,,,,0.0,1.0,
2023-11-01T00:00:00.000+0000,2023-12-01T00:00:00.000+0000,Recurring,Tax for product code AmazonSNS,Tax,2023-11-01T00:00:00.000+0000,2023-12-01T00:00:00.000+0000,AWS,"Amazon Web Services Canada, Inc.","Amazon Web Services Canada, Inc.",123412340534,0.0,USD,0.0,,Integration,AmazonSNS,123412340534,,,,,,,,1.0,,,,,,0.0,1.0,
2023-11-01T00:00:00.000+0000,2023-12-01T00:00:00.000+0000,Recurring,Tax for product code AWSQueueService,Tax,2023-11-01T00:00:00.000+0000,2023-12-01T00:00:00.000+0000,AWS,"Amazon Web Services Canada, Inc.","Amazon Web Services Canada, Inc.",123412340534,0.0,USD,0.0,,Integration,AWSQueueService,123412340534,,,,,,,,1.0,,,,,,0.0,1.0,
2023-11-01T00:00:00.000+0000,2023-12-01T00:00:00.000+0000,Recurring,Tax for product code AmazonS3,Tax,2023-11-01T00:00:00.000+0000,2023-12-01T00:00:00.000+0000,AWS,"Amazon Web Services Canada, Inc.","Amazon Web Services Canada, Inc.",123412340534,0.07,USD,0.07,,Storage,AmazonS3,123412340534,,,,,,,,1.0,,,,,,0.0,1.0,
2023-11-01T00:00:00.000+0000,2023-12-01T00:00:00.000+0000,Recurring,Tax for product code AmazonCloudWatch,Tax,2023-11-01T00:00:00.000+0000,2023-12-01T00:00:00.000+0000,AWS,"Amazon Web Services Canada, Inc.","Amazon Web Services Canada, Inc.",123412340534,0.0,USD,0.0,,Management and Governance,AmazonCloudWatch,123412340534,,,,,,,,1.0,,,,,,0.0,1.0,
2023-11-05T04:00:00.000+0000,2023-11-05T05:00:00.000+0000,Recurring,$0.00 per GB - regional data transfer - in/out/between EC2 Azs or using elastic IPs or ELB,Usage,2023-11-01T00:00:00.000+0000,2023-12-01T00:00:00.000+0000,AWS,"Amazon Web Services Canada, Inc.","Amazon Web Services Canada, Inc.",123412340534,0.0,USD,0.0,us-east-1,,AWSCloudShell,123412340534,,,,,,,,0.0010569617,GB,,22AJRxxxxxxKRGKF,22AJRQH2RDJKRxxx.xxxxxxxxxx.xxx6EN2CT7,0.0,0.0,0.0010569617,GB
2023-11-07T05:00:00.000+0000,2023-11-07T07:00:00.000+0000,Recurring,USD0.0 per GB for  in Middle East (UAE),Usage,2023-11-01T00:00:00.000+0000,2023-12-01T00:00:00.000+0000,AWS,"Amazon Web Services Canada, Inc.","Amazon Web Services Canada, Inc.",123412340534,0.0,USD,0.0,ca-central-1,Storage,AmazonS3,123412340534,,,,,,,,9.984e-7,GB,,26QPHxxxxxxK62PR,26QPHR5QDPRK6xxx.xxxxxxxxxx.xxx6EN2CT7,0.0,0.0,9.984e-7,GB
2023-11-04T23:00:00.000+0000,2023-11-05T00:00:00.000+0000,Recurring,$0.02 per GB - US East (Northern Virginia) data transfer to EU (Germany),Usage,2023-11-01T00:00:00.000+0000,2023-12-01T00:00:00.000+0000,AWS,"Amazon Web Services Canada, Inc.","Amazon Web Services Canada, Inc.",123412340534,1.81e-8,USD,1.81e-8,us-east-1,Storage,AmazonS3,123412340534,,,,,,,,9.052e-7,GB,,2BG23xxxxxxBKVFW,2BG23N2FNX3BKxxx.xxxxxxxxxx.xxx6EN2CT7,0.02,1.8104e-8,9.052e-7,GB
2023-11-04T23:00:00.000+0000,2023-11-05T00:00:00.000+0000,Recurring,$0.02 per GB - US East (Northern Virginia) data transfer to EU (Germany),Usage,2023-11-01T00:00:00.000+0000,2023-12-01T00:00:00.000+0000,AWS,"Amazon Web Services Canada, Inc.","Amazon Web Services Canada, Inc.",123412340534,1.3e-9,USD,1.3e-9,us-east-1,Storage,AmazonS3,123412340534,,,,,,,,6.71e-8,GB,,2BG23xxxxxxBKVFW,2BG23N2FNX3BKxxx.xxxxxxxxxx.xxx6EN2CT7,0.02,1.342e-9,6.71e-8,GB
2023-11-04T23:00:00.000+0000,2023-11-05T00:00:00.000+0000,Recurring,$0.02 per GB - US East (Northern Virginia) data transfer to EU (Germany),Usage,2023-11-01T00:00:00.000+0000,2023-12-01T00:00:00.000+0000,AWS,"Amazon Web Services Canada, Inc.","Amazon Web Services Canada, Inc.",123412340534,8.4e-9,USD,8.4e-9,us-east-1,Storage,AmazonS3,123412340534,,,,,,,,4.21e-7,GB,,2BG23xxxxxxBKVFW,2BG23N2FNX3BKxxx.xxxxxxxxxx.xxx6EN2CT7,0.02,8.42e-9,4.21e-7,GB
2023-11-04T23:00:00.000+0000,2023-11-05T00:00:00.000+0000,Recurring,$0.02 per GB - US East (Northern Virginia) data transfer to EU (Germany),Usage,2023-11-01T00:00:00.000+0000,2023-12-01T00:00:00.000+0000,AWS,"Amazon Web Services Canada, Inc.","Amazon Web Services Canada, Inc.",123412340534,1.8e-9,USD,1.8e-9,us-east-1,Storage,AmazonS3,123412340534,,,,,,,,8.85e-8,GB,,2BG23xxxxxxBKVFW,2BG23N2FNX3BKxxx.xxxxxxxxxx.xxx6EN2CT7,0.02,1.77e-9,8.85e-8,GB
2023-11-05T19:00:00.000+0000,2023-11-05T20:00:00.000+0000,Recurring,$0.02 per GB - US East (Northern Virginia) data transfer to EU (Germany),Usage,2023-11-01T00:00:00.000+0000,2023-12-01T00:00:00.000+0000,AWS,"Amazon Web Services Canada, Inc.","Amazon Web Services Canada, Inc.",123412340534,1.8e-9,USD,1.8e-9,us-east-1,Storage,AmazonS3,123412340534,,,,,,,,8.85e-8,GB,,2BG23xxxxxxBKVFW,2BG23N2FNX3BKxxx.xxxxxxxxxx.xxx6EN2CT7,0.02,1.77e-9,8.85e-8,GB
2023-11-08T09:00:00.000+0000,2023-11-08T10:00:00.000+0000,Recurring,$0.02 per GB - US East (Northern Virginia) data transfer to EU (Germany),Usage,2023-11-01T00:00:00.000+0000,2023-12-01T00:00:00.000+0000,AWS,"Amazon Web Services Canada, Inc.","Amazon Web Services Canada, Inc.",123412340534,1.3e-9,USD,1.3e-9,us-east-1,Storage,AmazonS3,123412340534,,,,,,,,6.71e-8,GB,,2BG23xxxxxxBKVFW,2BG23N2FNX3BKxxx.xxxxxxxxxx.xxx6EN2CT7,0.02,1.342e-9,6.71e-8,GB
2023-11-10T19:00:00.000+0000,2023-11-10T20:00:00.000+0000,Recurring,$0.02 per GB - US East (Northern Virginia) data transfer to EU (Germany),Usage,2023-11-01T00:00:00.000+0000,2023-12-01T00:00:00.000+0000,AWS,"Amazon Web Services Canada, Inc.","Amazon Web Services Canada, Inc.",123412340534,1.8e-9,USD,1.8e-9,us-east-1,Storage,AmazonS3,123412340534,,,,,,,,8.85e-8,GB,,2BG23xxxxxxBKVFW,2BG23N2FNX3BKxxx.xxxxxxxxxx.xxx6EN2CT7,0.02,1.77e-9,8.85e-8,GB
2023-11-11T03:00:00.000+0000,2023-11-11T04:00:00.000+0000,Recurring,$0.02 per GB - US East (Northern Virginia) data transfer to EU (Germany),Usage,2023-11-01T00:00:00.000+0000,2023-12-01T00:00:00.000+0000,AWS,"Amazon Web Services Canada, Inc.","Amazon Web Services Canada, Inc.",123412340534,4.65e-8,USD,4.65e-8,us-east-1,Storage,AmazonS3,123412340534,,,,,,,,2.3265e-6,GB,,2BG23xxxxxxBKVFW,2BG23N2FNX3BKxxx.xxxxxxxxxx.xxx6EN2CT7,0.02,4.653e-8,2.3265e-6,GB
2023-11-11T03:00:00.000+0000,2023-11-11T04:00:00.000+0000,Recurring,$0.02 per GB - US East (Northern Virginia) data transfer to EU (Germany),Usage,2023-11-01T00:00:00.000+0000,2023-12-01T00:00:00.000+0000,AWS,"Amazon Web Services Canada, Inc.","Amazon Web Services Canada, Inc.",123412340534,1.46e-8,USD,1.46e-8,us-east-1,Storage,AmazonS3,123412340534,,,,,,,,7.32e-7,GB,,2BG23xxxxxxBKVFW,2BG23N2FNX3BKxxx.xxxxxxxxxx.xxx6EN2CT7,0.02,1.464e-8,7.32e-7,GB
2023-11-13T09:00:00.000+0000,2023-11-13T10:00:00.000+0000,Recurring,$0.02 per GB - US East (Northern Virginia) data transfer to EU (Germany),Usage,2023-11-01T00:00:00.000+0000,2023-12-01T00:00:00.000+0000,AWS,"Amazon Web Services Canada, Inc.","Amazon Web Services Canada, Inc.",123412340534,1.3e-9,USD,1.3e-9,us-east-1,Storage,AmazonS3,123412340534,,,,,,,,6.71e-8,GB,,2BG23xxxxxxBKVFW,2BG23N2FNX3BKxxx.xxxxxxxxxx.xxx6EN2CT7,0.02,1.342e-9,6.71e-8,GB
2023-11-04T23:00:00.000+0000,2023-11-05T00:00:00.000+0000,Recurring,$0 for AWS Glue Data Catalog requests under the free tier,Usage,2023-11-01T00:00:00.000+0000,2023-12-01T00:00:00.000+0000,AWS,"Amazon Web Services Canada, Inc.","Amazon Web Services Canada, Inc.",123412340534,0.0,USD,0.0,ap-northeast-3,Analytics,AWSGlue,123412340534,,,,,,,,3.0,Request,,2JE3WxxxxxxQY8TK,2JE3WCEUSPXQYxxx.xxxxxxxxxx.xxx6EN2CT7,1e-6,3e-6,3.0,Request
2023-11-06T03:00:00.000+0000,2023-11-06T04:00:00.000+0000,Recurring,$0 for AWS Glue Data Catalog requests under the free tier,Usage,2023-11-01T00:00:00.000+0000,2023-12-01T00:00:00.000+0000,AWS,"Amazon Web Services Canada, Inc.","Amazon Web Services Canada, Inc.",123412340534,0.0,USD,0.0,ap-northeast-3,Analytics,AWSGlue,123412340534,,,,,,,,1.0,Request,,2JE3WxxxxxxQY8TK,2JE3WCEUSPXQYxxx.xxxxxxxxxx.xxx6EN2CT7,1e-6,1e-6,1.0,Request
2023-11-09T09:00:00.000+0000,2023-11-09T10:00:00.000+0000,Recurring,$0 for AWS Glue Data Catalog requests under the free tier,Usage,2023-11-01T00:00:00.000+0000,2023-12-01T00:00:00.000+0000,AWS,"Amazon Web Services Canada, Inc.","Amazon Web Services Canada, Inc.",123412340534,0.0,USD,0.0,ap-northeast-3,Analytics,AWSGlue,123412340534,,,,,,,,1.0,Request,,2JE3WxxxxxxQY8TK,2JE3WCEUSPXQYxxx.xxxxxxxxxx.xxx6EN2CT7,1e-6,1e-6,1.0,Request
2023-11-11T03:00:00.000+0000,2023-11-11T04:00:00.000+0000,Recurring,$0 for AWS Glue Data Catalog requests under the free tier,Usage,2023-11-01T00:00:00.000+0000,2023-12-01T00:00:00.000+0000,AWS,"Amazon Web Services Canada, Inc.","Amazon Web Services Canada, Inc.",123412340534,0.0,USD,0.0,ap-northeast-3,Analytics,AWSGlue,123412340534,,,,,,,,1.0,Request,,2JE3WxxxxxxQY8TK,2JE3WCEUSPXQYxxx.xxxxxxxxxx.xxx6EN2CT7,1e-6,1e-6,1.0,Request
2023-11-05T03:00:00.000+0000,2023-11-06T00:00:00.000+0000,Recurring,$0.00 per GB - Canada (Central) data transfer from US East (Northern Virginia),Usage,2023-11-01T00:00:00.000+0000,2023-12-01T00:00:00.000+0000,AWS,"Amazon Web Services Canada, Inc.","Amazon Web Services Canada, Inc.",123412340534,0.0,USD,0.0,ca-central-1,Storage,AmazonS3,123412340534,,,,,,,,0.0000647111,GB,,2JE46xxxxxxNSTTW,2JE46CBZYW8NSxxx.xxxxxxxxxx.xxx6EN2CT7,0.0,0.0,0.0000647111,GB
2023-11-05T00:00:00.000+0000,2023-11-06T00:00:00.000+0000,Recurring,$0.00 per GB - Canada (Central) data transfer from US East (Northern Virginia),Usage,2023-11-01T00:00:00.000+0000,2023-12-01T00:00:00.000+0000,AWS,"Amazon Web Services Canada, Inc.","Amazon Web Services Canada, Inc.",123412340534,0.0,USD,0.0,ca-central-1,Storage,AmazonS3,123412340534,,,,,,,,0.0000193044,GB,,2JE46xxxxxxNSTTW,2JE46CBZYW8NSxxx.xxxxxxxxxx.xxx6EN2CT7,0.0,0.0,0.0000193044,GB
2023-11-05T00:00:00.000+0000,2023-11-05T01:00:00.000+0000,Recurring,$0.00 per GB - Canada (Central) data transfer from US East (Northern Virginia),Usage,2023-11-01T00:00:00.000+0000,2023-12-01T00:00:00.000+0000,AWS,"Amazon Web Services Canada, Inc.","Amazon Web Services Canada, Inc.",123412340534,0.0,USD,0.0,ca-central-1,Storage,AmazonS3,123412340534,,,,,,,,1.3019e-6,GB,,2JE46xxxxxxNSTTW,2JE46CBZYW8NSxxx.xxxxxxxxxx.xxx6EN2CT7,0.0,0.0,1.3019e-6,GB
2023-11-05T00:00:00.000+0000,2023-11-05T01:00:00.000+0000,Recurring,$0.00 per GB - Canada (Central) data transfer from US East (Northern Virginia),Usage,2023-11-01T00:00:00.000+0000,2023-12-01T00:00:00.000+0000,AWS,"Amazon Web Services Canada, Inc.","Amazon Web Services Canada, Inc.",123412340534,0.0,USD,0.0,ca-central-1,Storage,AmazonS3,123412340534,,,,,,,,5.346e-7,GB,,2JE46xxxxxxNSTTW,2JE46CBZYW8NSxxx.xxxxxxxxxx.xxx6EN2CT7,0.0,0.0,5.346e-7,GB
2023-11-06T09:00:00.000+0000,2023-11-06T21:00:00.000+0000,Recurring,$0.00 per GB - Canada (Central) data transfer from US East (Northern Virginia),Usage,2023-11-01T00:00:00.000+0000,2023-12-01T00:00:00.000+0000,AWS,"Amazon Web Services Canada, Inc.","Amazon Web Services Canada, Inc.",123412340534,0.0,USD,0.0,ca-central-1,Storage,AmazonS3,123412340534,,,,,,,,0.0000599492,GB,,2JE46xxxxxxNSTTW,2JE46CBZYW8NSxxx.xxxxxxxxxx.xxx6EN2CT7,0.0,0.0,0.0000599492,GB
2023-11-06T09:00:00.000+0000,2023-11-06T21:00:00.000+0000,Recurring,$0.00 per GB - Canada (Central) data transfer from US East (Northern Virginia),Usage,2023-11-01T00:00:00.000+0000,2023-12-01T00:00:00.000+0000,AWS,"Amazon Web Services Canada, Inc.","Amazon Web Services Canada, Inc.",123412340534,0.0,USD,0.0,ca-central-1,Storage,AmazonS3,123412340534,,,,,,,,0.0000129304,GB,,2JE46xxxxxxNSTTW,2JE46CBZYW8NSxxx.xxxxxxxxxx.xxx6EN2CT7,0.0,0.0,0.0000129304,GB
2023-11-07T07:00:00.000+0000,2023-11-07T17:00:00.000+0000,Recurring,$0.00 per GB - Canada (Central) data transfer from US East (Northern Virginia),Usage,2023-11-01T00:00:00.000+0000,2023-12-01T00:00:00.000+0000,AWS,"Amazon Web Services Canada, Inc.","Amazon Web Services Canada, Inc.",123412340534,0.0,USD,0.0,ca-central-1,Storage,AmazonS3,123412340534,,,,,,,,0.0000650892,GB,,2JE46xxxxxxNSTTW,2JE46CBZYW8NSxxx.xxxxxxxxxx.xxx6EN2CT7,0.0,0.0,0.0000650892,GB
2023-11-07T03:00:00.000+0000,2023-11-07T17:00:00.000+0000,Recurring,$0.00 per GB - Canada (Central) data transfer from US East (Northern Virginia),Usage,2023-11-01T00:00:00.000+0000,2023-12-01T00:00:00.000+0000,AWS,"Amazon Web Services Canada, Inc.","Amazon Web Services Canada, Inc.",123412340534,0.0,USD,0.0,ca-central-1,Storage,AmazonS3,123412340534,,,,,,,,0.0000261068,GB,,2JE46xxxxxxNSTTW,2JE46CBZYW8NSxxx.xxxxxxxxxx.xxx6EN2CT7,0.0,0.0,0.0000261068,GB
2023-11-08T01:00:00.000+0000,2023-11-08T20:00:00.000+0000,Recurring,$0.00 per GB - Canada (Central) data transfer from US East (Northern Virginia),Usage,2023-11-01T00:00:00.000+0000,2023-12-01T00:00:00.000+0000,AWS,"Amazon Web Services Canada, Inc.","Amazon Web Services Canada, Inc.",123412340534,0.0,USD,0.0,ca-central-1,Storage,AmazonS3,123412340534,,,,,,,,0.0001302547,GB,,2JE46xxxxxxNSTTW,2JE46CBZYW8NSxxx.xxxxxxxxxx.xxx6EN2CT7,0.0,0.0,0.0001302547,GB
2023-11-08T01:00:00.000+0000,2023-11-08T20:00:00.000+0000,Recurring,$0.00 per GB - Canada (Central) data transfer from US East (Northern Virginia),Usage,2023-11-01T00:00:00.000+0000,2023-12-01T00:00:00.000+0000,AWS,"Amazon Web Services Canada, Inc.","Amazon Web Services Canada, Inc.",123412340534,0.0,USD,0.0,ca-central-1,Storage,AmazonS3,123412340534,,,,,,,,0.0000192366,GB,,2JE46xxxxxxNSTTW,2JE46CBZYW8NSxxx.xxxxxxxxxx.xxx6EN2CT7,0.0,0.0,0.0000192366,GB
2023-11-09T10:00:00.000+0000,2023-11-09T11:00:00.000+0000,Recurring,$0.00 per GB - Canada (Central) data transfer from US East (Northern Virginia),Usage,2023-11-01T00:00:00.000+0000,2023-12-01T00:00:00.000+0000,AWS,"Amazon Web Services Canada, Inc.","Amazon Web Services Canada, Inc.",123412340534,0.0,USD,0.0,ca-central-1,Storage,AmazonS3,123412340534,,,,,,,,0.0000452446,GB,,2JE46xxxxxxNSTTW,2JE46CBZYW8NSxxx.xxxxxxxxxx.xxx6EN2CT7,0.0,0.0,0.0000452446,GB
2023-11-09T10:00:00.000+0000,2023-11-09T11:00:00.000+0000,Recurring,$0.00 per GB - Canada (Central) data transfer from US East (Northern Virginia),Usage,2023-11-01T00:00:00.000+0000,2023-12-01T00:00:00.000+0000,AWS,"Amazon Web Services Canada, Inc.","Amazon Web Services Canada, Inc.",123412340534,0.0,USD,0.0,ca-central-1,Storage,AmazonS3,123412340534,,,,,,,,6.4122e-6,GB,,2JE46xxxxxxNSTTW,2JE46CBZYW8NSxxx.xxxxxxxxxx.xxx6EN2CT7,0.0,0.0,6.4122e-6,GB
2023-11-10T02:00:00.000+0000,2023-11-10T19:00:00.000+0000,Recurring,$0.00 per GB - Canada (Central) data transfer from US East (Northern Virginia),Usage,2023-11-01T00:00:00.000+0000,2023-12-01T00:00:00.000+0000,AWS,"Amazon Web Services Canada, Inc.","Amazon Web Services Canada, Inc.",123412340534,0.0,USD,0.0,ca-central-1,Storage,AmazonS3,123412340534,,,,,,,,0.0001415983,GB,,2JE46xxxxxxNSTTW,2JE46CBZYW8NSxxx.xxxxxxxxxx.xxx6EN2CT7,0.0,0.0,0.0001415983,GB
2023-11-10T02:00:00.000+0000,2023-11-10T19:00:00.000+0000,Recurring,$0.00 per GB - Canada (Central) data transfer from US East (Northern Virginia),Usage,2023-11-01T00:00:00.000+0000,2023-12-01T00:00:00.000+0000,AWS,"Amazon Web Services Canada, Inc.","Amazon Web Services Canada, Inc.",123412340534,0.0,USD,0.0,ca-central-1,Storage,AmazonS3,123412340534,,,,,,,,0.0000192365,GB,,2JE46xxxxxxNSTTW,2JE46CBZYW8NSxxx.xxxxxxxxxx.xxx6EN2CT7,0.0,0.0,0.0000192365,GB
2023-11-11T03:00:00.000+0000,2023-11-11T15:00:00.000+0000,Recurring,$0.00 per GB - Canada (Central) data transfer from US East (Northern Virginia),Usage,2023-11-01T00:00:00.000+0000,2023-12-01T00:00:00.000+0000,AWS,"Amazon Web Services Canada, Inc.","Amazon Web Services Canada, Inc.",123412340534,0.0,USD,0.0,ca-central-1,Storage,AmazonS3,123412340534,,,,,,,,0.0000993069,GB,,2JE46xxxxxxNSTTW,2JE46CBZYW8NSxxx.xxxxxxxxxx.xxx6EN2CT7,0.0,0.0,0.0000993069,GB
2023-11-11T03:00:00.000+0000,2023-11-11T15:00:00.000+0000,Recurring,$0.00 per GB - Canada (Central) data transfer from US East (Northern Virginia),Usage,2023-11-01T00:00:00.000+0000,2023-12-01T00:00:00.000+0000,AWS,"Amazon Web Services Canada, Inc.","Amazon Web Services Canada, Inc.",123412340534,0.0,USD,0.0,ca-central-1,Storage,AmazonS3,123412340534,,,,,,,,0.0000128244,GB,,2JE46xxxxxxNSTTW,2JE46CBZYW8NSxxx.xxxxxxxxxx.xxx6EN2CT7,0.0,0.0,0.0000128244,GB
2023-11-12T03:00:00.000+0000,2023-11-12T12:00:00.000+0000,Recurring,$0.00 per GB - Canada (Central) data transfer from US East (Northern Virginia),Usage,2023-11-01T00:00:00.000+0000,2023-12-01T00:00:00.000+0000,AWS,"Amazon Web Services Canada, Inc.","Amazon Web Services Canada, Inc.",123412340534,0.0,USD,0.0,ca-central-1,Storage,AmazonS3,123412340534,,,,,,,,0.000103089,GB,,2JE46xxxxxxNSTTW,2JE46CBZYW8NSxxx.xxxxxxxxxx.xxx6EN2CT7,0.0,0.0,0.000103089,GB
2023-11-12T03:00:00.000+0000,2023-11-12T12:00:00.000+0000,Recurring,$0.00 per GB - Canada (Central) data transfer from US East (Northern Virginia),Usage,2023-11-01T00:00:00.000+0000,2023-12-01T00:00:00.000+0000,AWS,"Amazon Web Services Canada, Inc.","Amazon Web Services Canada, Inc.",123412340534,0.0,USD,0.0,ca-central-1,Storage,AmazonS3,123412340534,,,,,,,,0.0000128244,GB,,2JE46xxxxxxNSTTW,2JE46CBZYW8NSxxx.xxxxxxxxxx.xxx6EN2CT7,0.0,0.0,0.0000128244,GB
2023-11-13T00:00:00.000+0000,2023-11-13T19:00:00.000+0000,Recurring,$0.00 per GB - Canada (Central) data transfer from US East (Northern Virginia),Usage,2023-11-01T00:00:00.000+0000,2023-12-01T00:00:00.000+0000,AWS,"Amazon Web Services Canada, Inc.","Amazon Web Services Canada, Inc.",123412340534,0.0,USD,0.0,ca-central-1,Storage,AmazonS3,123412340534,,,,,,,,0.0001635635,GB,,2JE46xxxxxxNSTTW,2JE46CBZYW8NSxxx.xxxxxxxxxx.xxx6EN2CT7,0.0,0.0,0.0001635635,GB
2023-11-13T00:00:00.000+0000,2023-11-13T19:00:00.000+0000,Recurring,$0.00 per GB - Canada (Central) data transfer from US East (Northern Virginia),Usage,2023-11-01T00:00:00.000+0000,2023-12-01T00:00:00.000+0000,AWS,"Amazon Web Services Canada, Inc.","Amazon Web Services Canada, Inc.",123412340534,0.0,USD,0.0,ca-central-1,Storage,AmazonS3,123412340534,,,,,,,,0.0000192328,GB,,2JE46xxxxxxNSTTW,2JE46CBZYW8NSxxx.xxxxxxxxxx.xxx6EN2CT7,0.0,0.0,0.0000192328,GB
2023-11-14T02:00:00.000+0000,2023-11-14T04:00:00.000+0000,Recurring,$0.00 per GB - Canada (Central) data transfer from US East (Northern Virginia),Usage,2023-11-01T00:00:00.000+0000,2023-12-01T00:00:00.000+0000,AWS,"Amazon Web Services Canada, Inc.","Amazon Web Services Canada, Inc.",123412340534,0.0,USD,0.0,ca-central-1,Storage,AmazonS3,123412340534,,,,,,,,6.4121e-6,GB,,2JE46xxxxxxNSTTW,2JE46CBZYW8NSxxx.xxxxxxxxxx.xxx6EN2CT7,0.0,0.0,6.4121e-6,GB
2023-11-04T22:00:00.000+0000,2023-11-04T23:00:00.000+0000,Recurring,$0.02 per GB - US East (Northern Virginia) data transfer to Asia Pacific (Singapore),Usage,2023-11-01T00:00:00.000+0000,2023-12-01T00:00:00.000+0000,AWS,"Amazon Web Services Canada, Inc.","Amazon Web Services Canada, Inc.",123412340534,1.79e-8,USD,1.79e-8,us-east-1,Storage,AmazonS3,123412340534,,,,,,,,8.941e-7,GB,,2T92AxxxxxxQHEXW,2T92AZQGNFAQHxxx.xxxxxxxxxx.xxx6EN2CT7,0.02,1.7882e-8,8.941e-7,GB
2023-11-04T23:00:00.000+0000,2023-11-05T00:00:00.000+0000,Recurring,$0.02 per GB - US East (Northern Virginia) data transfer to Asia Pacific (Singapore),Usage,2023-11-01T00:00:00.000+0000,2023-12-01T00:00:00.000+0000,AWS,"Amazon Web Services Canada, Inc.","Amazon Web Services Canada, Inc.",123412340534,1.3e-9,USD,1.3e-9,us-east-1,Storage,AmazonS3,123412340534,,,,,,,,6.71e-8,GB,,2T92AxxxxxxQHEXW,2T92AZQGNFAQHxxx.xxxxxxxxxx.xxx6EN2CT7,0.02,1.342e-9,6.71e-8,GB
2023-11-04T22:00:00.000+0000,2023-11-04T23:00:00.000+0000,Recurring,$0.02 per GB - US East (Northern Virginia) data transfer to Asia Pacific (Singapore),Usage,2023-11-01T00:00:00.000+0000,2023-12-01T00:00:00.000+0000,AWS,"Amazon Web Services Canada, Inc.","Amazon Web Services Canada, Inc.",123412340534,9e-9,USD,9e-9,us-east-1,Storage,AmazonS3,123412340534,,,,,,,,4.498e-7,GB,,2T92AxxxxxxQHEXW,2T92AZQGNFAQHxxx.xxxxxxxxxx.xxx6EN2CT7,0.02,8.996e-9,4.498e-7,GB
2023-11-04T23:00:00.000+0000,2023-11-05T00:00:00.000+0000,Recurring,$0.02 per GB - US East (Northern Virginia) data transfer to Asia Pacific (Singapore),Usage,2023-11-01T00:00:00.000+0000,2023-12-01T00:00:00.000+0000,AWS,"Amazon Web Services Canada, Inc.","Amazon Web Services Canada, Inc.",123412340534,1.8e-9,USD,1.8e-9,us-east-1,Storage,AmazonS3,123412340534,,,,,,,,8.85e-8,GB,,2T92AxxxxxxQHEXW,2T92AZQGNFAQHxxx.xxxxxxxxxx.xxx6EN2CT7,0.02,1.77e-9,8.85e-8,GB
2023-11-05T23:00:00.000+0000,2023-11-06T00:00:00.000+0000,Recurring,$0.02 per GB - US East (Northern Virginia) data transfer to Asia Pacific (Singapore),Usage,2023-11-01T00:00:00.000+0000,2023-12-01T00:00:00.000+0000,AWS,"Amazon Web Services Canada, Inc.","Amazon Web Services Canada, Inc.",123412340534,1.3e-9,USD,1.3e-9,us-east-1,Storage,AmazonS3,123412340534,,,,,,,,6.71e-8,GB,,2T92AxxxxxxQHEXW,2T92AZQGNFAQHxxx.xxxxxxxxxx.xxx6EN2CT7,0.02,1.342e-9,6.71e-8,GB
2023-11-05T21:00:00.000+0000,2023-11-05T22:00:00.000+0000,Recurring,$0.02 per GB - US East (Northern Virginia) data transfer to Asia Pacific (Singapore),Usage,2023-11-01T00:00:00.000+0000,2023-12-01T00:00:00.000+0000,AWS,"Amazon Web Services Canada, Inc.","Amazon Web Services Canada, Inc.",123412340534,1.8e-9,USD,1.8e-9,us-east-1,Storage,AmazonS3,123412340534,,,,,,,,8.85e-8,GB,,2T92AxxxxxxQHEXW,2T92AZQGNFAQHxxx.xxxxxxxxxx.xxx6EN2CT7,0.02,1.77e-9,8.85e-8,GB
2023-11-10T00:00:00.000+0000,2023-11-10T01:00:00.000+0000,Recurring,$0.02 per GB - US East (Northern Virginia) data transfer to Asia Pacific (Singapore),Usage,2023-11-01T00:00:00.000+0000,2023-12-01T00:00:00.000+0000,AWS,"Amazon Web Services Canada, Inc.","Amazon Web Services Canada, Inc.",123412340534,4.63e-8,USD,4.63e-8,us-east-1,Storage,AmazonS3,123412340534,,,,,,,,2.3154e-6,GB,,2T92AxxxxxxQHEXW,2T92AZQGNFAQHxxx.xxxxxxxxxx.xxx6EN2CT7,0.02,4.6308e-8,2.3154e-6,GB
2023-11-10T23:00:00.000+0000,2023-11-11T00:00:00.000+0000,Recurring,$0.02 per GB - US East (Northern Virginia) data transfer to Asia Pacific (Singapore),Usage,2023-11-01T00:00:00.000+0000,2023-12-01T00:00:00.000+0000,AWS,"Amazon Web Services Canada, Inc.","Amazon Web Services Canada, Inc.",123412340534,1.3e-9,USD,1.3e-9,us-east-1,Storage,AmazonS3,123412340534,,,,,,,,6.71e-8,GB,,2T92AxxxxxxQHEXW,2T92AZQGNFAQHxxx.xxxxxxxxxx.xxx6EN2CT7,0.02,1.342e-9,6.71e-8,GB
2023-11-10T00:00:00.000+0000,2023-11-10T01:00:00.000+0000,Recurring,$0.02 per GB - US East (Northern Virginia) data transfer to Asia Pacific (Singapore),Usage,2023-11-01T00:00:00.000+0000,2023-12-01T00:00:00.000+0000,AWS,"Amazon Web Services Canada, Inc.","Amazon Web Services Canada, Inc.",123412340534,1.52e-8,USD,1.52e-8,us-east-1,Storage,AmazonS3,123412340534,,,,,,,,7.609e-7,GB,,2T92AxxxxxxQHEXW,2T92AZQGNFAQHxxx.xxxxxxxxxx.xxx6EN2CT7,0.02,1.5218e-8,7.609e-7,GB
2023-11-10T21:00:00.000+0000,2023-11-10T22:00:00.000+0000,Recurring,$0.02 per GB - US East (Northern Virginia) data transfer to Asia Pacific (Singapore),Usage,2023-11-01T00:00:00.000+0000,2023-12-01T00:00:00.000+0000,AWS,"Amazon Web Services Canada, Inc.","Amazon Web Services Canada, Inc.",123412340534,1.8e-9,USD,1.8e-9,us-east-1,Storage,AmazonS3,123412340534,,,,,,,,8.85e-8,GB,,2T92AxxxxxxQHEXW,2T92AZQGNFAQHxxx.xxxxxxxxxx.xxx6EN2CT7,0.02,1.77e-9,8.85e-8,GB
2023-11-04T23:00:00.000+0000,2023-11-05T00:00:00.000+0000,Recurring,USD 0.0 per Requests for Requests-Tier1 in EU (Stockholm),Usage,2023-11-01T00:00:00.000+0000,2023-12-01T00:00:00.000+0000,AWS,"Amazon Web Services Canada, Inc.","Amazon Web Services Canada, Inc.",123412340534,0.0,USD,0.0,eu-north-1,Integration,AmazonSNS,123412340534,,,,,,,,1.0,Requests,,33TTQxxxxxxEUZ85,33TTQRQQS5AEUxxx.xxxxxxxxxx.xxxVSFF4TP,5e-7,5e-7,1.0,Requests
2023-11-08T18:00:00.000+0000,2023-11-08T19:00:00.000+0000,Recurring,USD 0.0 per Requests for Requests-Tier1 in EU (Stockholm),Usage,2023-11-01T00:00:00.000+0000,2023-12-01T00:00:00.000+0000,AWS,"Amazon Web Services Canada, Inc.","Amazon Web Services Canada, Inc.",123412340534,0.0,USD,0.0,eu-north-1,Integration,AmazonSNS,123412340534,,,,,,,,1.0,Requests,,33TTQxxxxxxEUZ85,33TTQRQQS5AEUxxx.xxxxxxxxxx.xxxVSFF4TP,5e-7,5e-7,1.0,Requests
2023-11-13T18:00:00.000+0000,2023-11-13T19:00:00.000+0000,Recurring,USD 0.0 per Requests for Requests-Tier1 in EU (Stockholm),Usage,2023-11-01T00:00:00.000+0000,2023-12-01T00:00:00.000+0000,AWS,"Amazon Web Services Canada, Inc.","Amazon Web Services Canada, Inc.",123412340534,0.0,USD,0.0,eu-north-1,Integration,AmazonSNS,123412340534,,,,,,,,1.0,Requests,,33TTQxxxxxxEUZ85,33TTQRQQS5AEUxxx.xxxxxxxxxx.xxxVSFF4TP,5e-7,5e-7,1.0,Requests
2023-11-07T05:00:00.000+0000,2023-11-07T07:00:00.000+0000,Recurring,$0.00 per GB - Canada (Central) data transfer from Europe (Spain),Usage,2023-11-01T00:00:00.000+0000,2023-12-01T00:00:00.000+0000,AWS,"Amazon Web Services Canada, Inc.","Amazon Web Services Canada, Inc.",123412340534,0.0,USD,0.0,ca-central-1,Storage,AmazonS3,123412340534,,,,,,,,1.0077e-6,GB,,3BA4AxxxxxxU3QU5,3BA4APD8TCEU3xxx.xxxxxxxxxx.xxx6EN2CT7,0.0,0.0,1.0077e-6,GB
2023-11-04T23:00:00.000+0000,2023-11-05T00:00:00.000+0000,Recurring,"First 1,000,000 Amazon SNS API Requests per month are free",Usage,2023-11-01T00:00:00.000+0000,2023-12-01T00:00:00.000+0000,AWS,"Amazon Web Services Canada, Inc.","Amazon Web Services Canada, Inc.",123412340534,0.0,USD,0.0,eu-central-1,Integration,AmazonSNS,123412340534,,,,,,,,1.0,Requests,,3BKF6xxxxxxDJ5YT,3BKF6C2U97QDJxxx.xxxxxxxxxx.xxxVSFF4TP,5e-7,5e-7,1.0,Requests
2023-11-06T19:00:00.000+0000,2023-11-06T20:00:00.000+0000,Recurring,"First 1,000,000 Amazon SNS API Requests per month are free",Usage,2023-11-01T00:00:00.000+0000,2023-12-01T00:00:00.000+0000,AWS,"Amazon Web Services Canada, Inc.","Amazon Web Services Canada, Inc.",123412340534,0.0,USD,0.0,eu-central-1,Integration,AmazonSNS,123412340534,,,,,,,,1.0,Requests,,3BKF6xxxxxxDJ5YT,3BKF6C2U97QDJxxx.xxxxxxxxxx.xxxVSFF4TP,5e-7,5e-7,1.0,Requests
2023-11-11T19:00:00.000+0000,2023-11-11T20:00:00.000+0000,Recurring,"First 1,000,000 Amazon SNS API Requests per month are free",Usage,2023-11-01T00:00:00.000+0000,2023-12-01T00:00:00.000+0000,AWS,"Amazon Web Services Canada, Inc.","Amazon Web Services Canada, Inc.",123412340534,0.0,USD,0.0,eu-central-1,Integration,AmazonSNS,123412340534,,,,,,,,1.0,Requests,,3BKF6xxxxxxDJ5YT,3BKF6C2U97QDJxxx.xxxxxxxxxx.xxxVSFF4TP,5e-7,5e-7,1.0,Requests
2023-11-05T21:00:00.000+0000,2023-11-05T22:00:00.000+0000,Recurring,$0.02 per GB - Canada (Central) data transfer to South America (Sao Paulo),Usage,2023-11-01T00:00:00.000+0000,2023-12-01T00:00:00.000+0000,AWS,"Amazon Web Services Canada, Inc.","Amazon Web Services Canada, Inc.",123412340534,2.6e-9,USD,2.6e-9,ca-central-1,Storage,AmazonS3,123412340534,,,,,,,,1.304e-7,GB,,3PK46xxxxxxZR3XW,3PK46XP5X78ZRxxx.xxxxxxxxxx.xxx6EN2CT7,0.02,2.608e-9,1.304e-7,GB
2023-11-07T05:00:00.000+0000,2023-11-07T06:00:00.000+0000,Recurring,$0.02 per GB - Canada (Central) data transfer to South America (Sao Paulo),Usage,2023-11-01T00:00:00.000+0000,2023-12-01T00:00:00.000+0000,AWS,"Amazon Web Services Canada, Inc.","Amazon Web Services Canada, Inc.",123412340534,8.9e-9,USD,8.9e-9,ca-central-1,Storage,AmazonS3,123412340534,,,,,,,,4.47e-7,GB,,3PK46xxxxxxZR3XW,3PK46XP5X78ZRxxx.xxxxxxxxxx.xxx6EN2CT7,0.02,8.940000000000001e-9,4.47e-7,GB
2023-11-10T21:00:00.000+0000,2023-11-10T22:00:00.000+0000,Recurring,$0.02 per GB - Canada (Central) data transfer to South America (Sao Paulo),Usage,2023-11-01T00:00:00.000+0000,2023-12-01T00:00:00.000+0000,AWS,"Amazon Web Services Canada, Inc.","Amazon Web Services Canada, Inc.",123412340534,7.8e-9,USD,7.8e-9,ca-central-1,Storage,AmazonS3,123412340534,,,,,,,,3.912e-7,GB,,3PK46xxxxxxZR3XW,3PK46XP5X78ZRxxx.xxxxxxxxxx.xxx6EN2CT7,0.02,7.824000000000001e-9,3.912e-7,GB
2023-11-01T17:00:00.000+0000,2023-11-01T18:00:00.000+0000,Recurring,$0.02 per GB - US West (Oregon) data transfer to Canada (Central),Usage,2023-11-01T00:00:00.000+0000,2023-12-01T00:00:00.000+0000,AWS,"Amazon Web Services Canada, Inc.","Amazon Web Services Canada, Inc.",123412340534,5.2e-9,USD,5.2e-9,us-west-2,Storage,AmazonS3,123412340534,,,,,,,,2.552e-7,GB,,4AR28xxxxxx2STYQ,4AR283EJ3D82Sxxx.xxxxxxxxxx.xxx6EN2CT7,0.02,5.1040000000000006e-9,2.552e-7,GB
2023-11-02T17:00:00.000+0000,2023-11-02T18:00:00.000+0000,Recurring,$0.02 per GB - US West (Oregon) data transfer to Canada (Central),Usage,2023-11-01T00:00:00.000+0000,2023-12-01T00:00:00.000+0000,AWS,"Amazon Web Services Canada, Inc.","Amazon Web Services Canada, Inc.",123412340534,5.2e-9,USD,5.2e-9,us-west-2,Storage,AmazonS3,123412340534,,,,,,,,2.552e-7,GB,,4AR28xxxxxx2STYQ,4AR283EJ3D82Sxxx.xxxxxxxxxx.xxx6EN2CT7,0.02,5.1040000000000006e-9,2.552e-7,GB
2023-11-03T17:00:00.000+0000,2023-11-03T18:00:00.000+0000,Recurring,$0.02 per GB - US West (Oregon) data transfer to Canada (Central),Usage,2023-11-01T00:00:00.000+0000,2023-12-01T00:00:00.000+0000,AWS,"Amazon Web Services Canada, Inc.","Amazon Web Services Canada, Inc.",123412340534,5.2e-9,USD,5.2e-9,us-west-2,Storage,AmazonS3,123412340534,,,,,,,,2.552e-7,GB,,4AR28xxxxxx2STYQ,4AR283EJ3D82Sxxx.xxxxxxxxxx.xxx6EN2CT7,0.02,5.1040000000000006e-9,2.552e-7,GB
2023-11-04T17:00:00.000+0000,2023-11-05T00:00:00.000+0000,Recurring,$0.02 per GB - US West (Oregon) data transfer to Canada (Central),Usage,2023-11-01T00:00:00.000+0000,2023-12-01T00:00:00.000+0000,AWS,"Amazon Web Services Canada, Inc.","Amazon Web Services Canada, Inc.",123412340534,1.04e-8,USD,1.04e-8,us-west-2,Storage,AmazonS3,123412340534,,,,,,,,5.104e-7,GB,,4AR28xxxxxx2STYQ,4AR283EJ3D82Sxxx.xxxxxxxxxx.xxx6EN2CT7,0.02,1.0208000000000001e-8,5.104e-7,GB
2023-11-05T17:00:00.000+0000,2023-11-05T18:00:00.000+0000,Recurring,$0.02 per GB - US West (Oregon) data transfer to Canada (Central),Usage,2023-11-01T00:00:00.000+0000,2023-12-01T00:00:00.000+0000,AWS,"Amazon Web Services Canada, Inc.","Amazon Web Services Canada, Inc.",123412340534,5.2e-9,USD,5.2e-9,us-west-2,Storage,AmazonS3,123412340534,,,,,,,,2.552e-7,GB,,4AR28xxxxxx2STYQ,4AR283EJ3D82Sxxx.xxxxxxxxxx.xxx6EN2CT7,0.02,5.1040000000000006e-9,2.552e-7,GB
2023-11-06T17:00:00.000+0000,2023-11-06T19:00:00.000+0000,Recurring,$0.02 per GB - US West (Oregon) data transfer to Canada (Central),Usage,2023-11-01T00:00:00.000+0000,2023-12-01T00:00:00.000+0000,AWS,"Amazon Web Services Canada, Inc.","Amazon Web Services Canada, Inc.",123412340534,1.04e-8,USD,1.04e-8,us-west-2,Storage,AmazonS3,123412340534,,,,,,,,5.104e-7,GB,,4AR28xxxxxx2STYQ,4AR283EJ3D82Sxxx.xxxxxxxxxx.xxx6EN2CT7,0.02,1.0208000000000001e-8,5.104e-7,GB
2023-11-07T06:00:00.000+0000,2023-11-07T18:00:00.000+0000,Recurring,$0.02 per GB - US West (Oregon) data transfer to Canada (Central),Usage,2023-11-01T00:00:00.000+0000,2023-12-01T00:00:00.000+0000,AWS,"Amazon Web Services Canada, Inc.","Amazon Web Services Canada, Inc.",123412340534,1.04e-8,USD,1.04e-8,us-west-2,Storage,AmazonS3,123412340534,,,,,,,,5.104e-7,GB,,4AR28xxxxxx2STYQ,4AR283EJ3D82Sxxx.xxxxxxxxxx.xxx6EN2CT7,0.02,1.0208000000000001e-8,5.104e-7,GB
2023-11-08T17:00:00.000+0000,2023-11-08T18:00:00.000+0000,Recurring,$0.02 per GB - US West (Oregon) data transfer to Canada (Central),Usage,2023-11-01T00:00:00.000+0000,2023-12-01T00:00:00.000+0000,AWS,"Amazon Web Services Canada, Inc.","Amazon Web Services Canada, Inc.",123412340534,5.2e-9,USD,5.2e-9,us-west-2,Storage,AmazonS3,123412340534,,,,,,,,2.552e-7,GB,,4AR28xxxxxx2STYQ,4AR283EJ3D82Sxxx.xxxxxxxxxx.xxx6EN2CT7,0.02,5.1040000000000006e-9,2.552e-7,GB
2023-11-09T17:00:00.000+0000,2023-11-09T18:00:00.000+0000,Recurring,$0.02 per GB - US West (Oregon) data transfer to Canada (Central),Usage,2023-11-01T00:00:00.000+0000,2023-12-01T00:00:00.000+0000,AWS,"Amazon Web Services Canada, Inc.","Amazon Web Services Canada, Inc.",123412340534,5.2e-9,USD,5.2e-9,us-west-2,Storage,AmazonS3,123412340534,,,,,,,,2.552e-7,GB,,4AR28xxxxxx2STYQ,4AR283EJ3D82Sxxx.xxxxxxxxxx.xxx6EN2CT7,0.02,5.1040000000000006e-9,2.552e-7,GB
2023-11-10T17:00:00.000+0000,2023-11-10T18:00:00.000+0000,Recurring,$0.02 per GB - US West (Oregon) data transfer to Canada (Central),Usage,2023-11-01T00:00:00.000+0000,2023-12-01T00:00:00.000+0000,AWS,"Amazon Web Services Canada, Inc.","Amazon Web Services Canada, Inc.",123412340534,5.2e-9,USD,5.2e-9,us-west-2,Storage,AmazonS3,123412340534,,,,,,,,2.552e-7,GB,,4AR28xxxxxx2STYQ,4AR283EJ3D82Sxxx.xxxxxxxxxx.xxx6EN2CT7,0.02,5.1040000000000006e-9,2.552e-7,GB
2023-11-11T17:00:00.000+0000,2023-11-11T19:00:00.000+0000,Recurring,$0.02 per GB - US West (Oregon) data transfer to Canada (Central),Usage,2023-11-01T00:00:00.000+0000,2023-12-01T00:00:00.000+0000,AWS,"Amazon Web Services Canada, Inc.","Amazon Web Services Canada, Inc.",123412340534,1.04e-8,USD,1.04e-8,us-west-2,Storage,AmazonS3,123412340534,,,,,,,,5.104e-7,GB,,4AR28xxxxxx2STYQ,4AR283EJ3D82Sxxx.xxxxxxxxxx.xxx6EN2CT7,0.02,1.0208000000000001e-8,5.104e-7,GB
2023-11-12T17:00:00.000+0000,2023-11-12T18:00:00.000+0000,Recurring,$0.02 per GB - US West (Oregon) data transfer to Canada (Central),Usage,2023-11-01T00:00:00.000+0000,2023-12-01T00:00:00.000+0000,AWS,"Amazon Web Services Canada, Inc.","Amazon Web Services Canada, Inc.",123412340534,5.2e-9,USD,5.2e-9,us-west-2,Storage,AmazonS3,123412340534,,,,,,,,2.552e-7,GB,,4AR28xxxxxx2STYQ,4AR283EJ3D82Sxxx.xxxxxxxxxx.xxx6EN2CT7,0.02,5.1040000000000006e-9,2.552e-7,GB
2023-11-13T18:00:00.000+0000,2023-11-13T19:00:00.000+0000,Recurring,$0.02 per GB - US West (Oregon) data transfer to Canada (Central),Usage,2023-11-01T00:00:00.000+0000,2023-12-01T00:00:00.000+0000,AWS,"Amazon Web Services Canada, Inc.","Amazon Web Services Canada, Inc.",123412340534,5.2e-9,USD,5.2e-9,us-west-2,Storage,AmazonS3,123412340534,,,,,,,,2.552e-7,GB,,4AR28xxxxxx2STYQ,4AR283EJ3D82Sxxx.xxxxxxxxxx.xxx6EN2CT7,0.02,5.1040000000000006e-9,2.552e-7,GB
2023-11-01T17:00:00.000+0000,2023-11-01T18:00:00.000+0000,Recurring,"First 1,000,000 Amazon SQS Requests per month are free",Usage,2023-11-01T00:00:00.000+0000,2023-12-01T00:00:00.000+0000,AWS,"Amazon Web Services Canada, Inc.","Amazon Web Services Canada, Inc.",123412340534,0.0,USD,0.0,ca-central-1,Integration,AWSQueueService,123412340534,,,,,,,,1.0,Requests,,4GAC7xxxxxxRF3VB,4GAC7KSBWB2RFxxx.xxxxxxxxxx.xxx6EN2CT7,4e-7,4e-7,1.0,Requests
2023-11-02T17:00:00.000+0000,2023-11-02T18:00:00.000+0000,Recurring,"First 1,000,000 Amazon SQS Requests per month are free",Usage,2023-11-01T00:00:00.000+0000,2023-12-01T00:00:00.000+0000,AWS,"Amazon Web Services Canada, Inc.","Amazon Web Services Canada, Inc.",123412340534,0.0,USD,0.0,ca-central-1,Integration,AWSQueueService,123412340534,,,,,,,,1.0,Requests,,4GAC7xxxxxxRF3VB,4GAC7KSBWB2RFxxx.xxxxxxxxxx.xxx6EN2CT7,4e-7,4e-7,1.0,Requests
2023-11-03T17:00:00.000+0000,2023-11-03T18:00:00.000+0000,Recurring,"First 1,000,000 Amazon SQS Requests per month are free",Usage,2023-11-01T00:00:00.000+0000,2023-12-01T00:00:00.000+0000,AWS,"Amazon Web Services Canada, Inc.","Amazon Web Services Canada, Inc.",123412340534,0.0,USD,0.0,ca-central-1,Integration,AWSQueueService,123412340534,,,,,,,,1.0,Requests,,4GAC7xxxxxxRF3VB,4GAC7KSBWB2RFxxx.xxxxxxxxxx.xxx6EN2CT7,4e-7,4e-7,1.0,Requests
2023-11-04T17:00:00.000+0000,2023-11-05T00:00:00.000+0000,Recurring,"First 1,000,000 Amazon SQS Requests per month are free",Usage,2023-11-01T00:00:00.000+0000,2023-12-01T00:00:00.000+0000,AWS,"Amazon Web Services Canada, Inc.","Amazon Web Services Canada, Inc.",123412340534,0.0,USD,0.0,ca-central-1,Integration,AWSQueueService,123412340534,,,,,,,,2.0,Requests,,4GAC7xxxxxxRF3VB,4GAC7KSBWB2RFxxx.xxxxxxxxxx.xxx6EN2CT7,4e-7,8e-7,2.0,Requests
2023-11-05T17:00:00.000+0000,2023-11-05T18:00:00.000+0000,Recurring,"First 1,000,000 Amazon SQS Requests per month are free",Usage,2023-11-01T00:00:00.000+0000,2023-12-01T00:00:00.000+0000,AWS,"Amazon Web Services Canada, Inc.","Amazon Web Services Canada, Inc.",123412340534,0.0,USD,0.0,ca-central-1,Integration,AWSQueueService,123412340534,,,,,,,,1.0,Requests,,4GAC7xxxxxxRF3VB,4GAC7KSBWB2RFxxx.xxxxxxxxxx.xxx6EN2CT7,4e-7,4e-7,1.0,Requests
2023-11-06T17:00:00.000+0000,2023-11-06T18:00:00.000+0000,Recurring,"First 1,000,000 Amazon SQS Requests per month are free",Usage,2023-11-01T00:00:00.000+0000,2023-12-01T00:00:00.000+0000,AWS,"Amazon Web Services Canada, Inc.","Amazon Web Services Canada, Inc.",123412340534,0.0,USD,0.0,ca-central-1,Integration,AWSQueueService,123412340534,,,,,,,,1.0,Requests,,4GAC7xxxxxxRF3VB,4GAC7KSBWB2RFxxx.xxxxxxxxxx.xxx6EN2CT7,4e-7,4e-7,1.0,Requests
2023-11-07T17:00:00.000+0000,2023-11-07T18:00:00.000+0000,Recurring,"First 1,000,000 Amazon SQS Requests per month are free",Usage,2023-11-01T00:00:00.000+0000,2023-12-01T00:00:00.000+0000,AWS,"Amazon Web Services Canada, Inc.","Amazon Web Services Canada, Inc.",123412340534,0.0,USD,0.0,ca-central-1,Integration,AWSQueueService,123412340534,,,,,,,,1.0,Requests,,4GAC7xxxxxxRF3VB,4GAC7KSBWB2RFxxx.xxxxxxxxxx.xxx6EN2CT7,4e-7,4e-7,1.0,Requests
2023-11-08T17:00:00.000+0000,2023-11-08T18:00:00.000+0000,Recurring,"First 1,000,000 Amazon SQS Requests per month are free",Usage,2023-11-01T00:00:00.000+0000,2023-12-01T00:00:00.000+0000,AWS,"Amazon Web Services Canada, Inc.","Amazon Web Services Canada, Inc.",123412340534,0.0,USD,0.0,ca-central-1,Integration,AWSQueueService,123412340534,,,,,,,,1.0,Requests,,4GAC7xxxxxxRF3VB,4GAC7KSBWB2RFxxx.xxxxxxxxxx.xxx6EN2CT7,4e-7,4e-7,1.0,Requests
2023-11-09T09:00:00.000+0000,2023-11-09T18:00:00.000+0000,Recurring,"First 1,000,000 Amazon SQS Requests per month are free",Usage,2023-11-01T00:00:00.000+0000,2023-12-01T00:00:00.000+0000,AWS,"Amazon Web Services Canada, Inc.","Amazon Web Services Canada, Inc.",123412340534,0.0,USD,0.0,ca-central-1,Integration,AWSQueueService,123412340534,,,,,,,,2.0,Requests,,4GAC7xxxxxxRF3VB,4GAC7KSBWB2RFxxx.xxxxxxxxxx.xxx6EN2CT7,4e-7,8e-7,2.0,Requests
2023-11-10T17:00:00.000+0000,2023-11-10T18:00:00.000+0000,Recurring,"First 1,000,000 Amazon SQS Requests per month are free",Usage,2023-11-01T00:00:00.000+0000,2023-12-01T00:00:00.000+0000,AWS,"Amazon Web Services Canada, Inc.","Amazon Web Services Canada, Inc.",123412340534,0.0,USD,0.0,ca-central-1,Integration,AWSQueueService,123412340534,,,,,,,,1.0,Requests,,4GAC7xxxxxxRF3VB,4GAC7KSBWB2RFxxx.xxxxxxxxxx.xxx6EN2CT7,4e-7,4e-7,1.0,Requests
2023-11-11T17:00:00.000+0000,2023-11-11T18:00:00.000+0000,Recurring,"First 1,000,000 Amazon SQS Requests per month are free",Usage,2023-11-01T00:00:00.000+0000,2023-12-01T00:00:00.000+0000,AWS,"Amazon Web Services Canada, Inc.","Amazon Web Services Canada, Inc.",123412340534,0.0,USD,0.0,ca-central-1,Integration,AWSQueueService,123412340534,,,,,,,,1.0,Requests,,4GAC7xxxxxxRF3VB,4GAC7KSBWB2RFxxx.xxxxxxxxxx.xxx6EN2CT7,4e-7,4e-7,1.0,Requests
2023-11-12T17:00:00.000+0000,2023-11-12T18:00:00.000+0000,Recurring,"First 1,000,000 Amazon SQS Requests per month are free",Usage,2023-11-01T00:00:00.000+0000,2023-12-01T00:00:00.000+0000,AWS,"Amazon Web Services Canada, Inc.","Amazon Web Services Canada, Inc.",123412340534,0.0,USD,0.0,ca-central-1,Integration,AWSQueueService,123412340534,,,,,,,,1.0,Requests,,4GAC7xxxxxxRF3VB,4GAC7KSBWB2RFxxx.xxxxxxxxxx.xxx6EN2CT7,4e-7,4e-7,1.0,Requests
2023-11-13T18:00:00.000+0000,2023-11-13T19:00:00.000+0000,Recurring,"First 1,000,000 Amazon SQS Requests per month are free",Usage,2023-11-01T00:00:00.000+0000,2023-12-01T00:00:00.000+0000,AWS,"Amazon Web Services Canada, Inc.","Amazon Web Services Canada, Inc.",123412340534,0.0,USD,0.0,ca-central-1,Integration,AWSQueueService,123412340534,,,,,,,,1.0,Requests,,4GAC7xxxxxxRF3VB,4GAC7KSBWB2RFxxx.xxxxxxxxxx.xxx6EN2CT7,4e-7,4e-7,1.0,Requests
2023-11-04T23:00:00.000+0000,2023-11-05T00:00:00.000+0000,Recurring,$0.02 per GB - US East (Northern Virginia) data transfer to Asia Pacific (Osaka),Usage,2023-11-01T00:00:00.000+0000,2023-12-01T00:00:00.000+0000,AWS,"Amazon Web Services Canada, Inc.","Amazon Web Services Canada, Inc.",123412340534,1.79e-8,USD,1.79e-8,us-east-1,Storage,AmazonS3,123412340534,,,,,,,,8.941e-7,GB,,4GFDNxxxxxx5DR5K,4GFDNCYJU3Z5Dxxx.xxxxxxxxxx.xxx6EN2CT7,0.02,1.7882e-8,8.941e-7,GB
2023-11-04T23:00:00.000+0000,2023-11-05T00:00:00.000+0000,Recurring,$0.02 per GB - US East (Northern Virginia) data transfer to Asia Pacific (Osaka),Usage,2023-11-01T00:00:00.000+0000,2023-12-01T00:00:00.000+0000,AWS,"Amazon Web Services Canada, Inc.","Amazon Web Services Canada, Inc.",123412340534,1.3e-9,USD,1.3e-9,us-east-1,Storage,AmazonS3,123412340534,,,,,,,,6.71e-8,GB,,4GFDNxxxxxx5DR5K,4GFDNCYJU3Z5Dxxx.xxxxxxxxxx.xxx6EN2CT7,0.02,1.342e-9,6.71e-8,GB
2023-11-04T23:00:00.000+0000,2023-11-05T00:00:00.000+0000,Recurring,$0.02 per GB - US East (Northern Virginia) data transfer to Asia Pacific (Osaka),Usage,2023-11-01T00:00:00.000+0000,2023-12-01T00:00:00.000+0000,AWS,"Amazon Web Services Canada, Inc.","Amazon Web Services Canada, Inc.",123412340534,8.4e-9,USD,8.4e-9,us-east-1,Storage,AmazonS3,123412340534,,,,,,,,4.21e-7,GB,,4GFDNxxxxxx5DR5K,4GFDNCYJU3Z5Dxxx.xxxxxxxxxx.xxx6EN2CT7,0.02,8.42e-9,4.21e-7,GB
2023-11-05T20:00:00.000+0000,2023-11-05T21:00:00.000+0000,Recurring,$0.02 per GB - US East (Northern Virginia) data transfer to Asia Pacific (Osaka),Usage,2023-11-01T00:00:00.000+0000,2023-12-01T00:00:00.000+0000,AWS,"Amazon Web Services Canada, Inc.","Amazon Web Services Canada, Inc.",123412340534,1.3e-9,USD,1.3e-9,us-east-1,Storage,AmazonS3,123412340534,,,,,,,,6.71e-8,GB,,4GFDNxxxxxx5DR5K,4GFDNCYJU3Z5Dxxx.xxxxxxxxxx.xxx6EN2CT7,0.02,1.342e-9,6.71e-8,GB
2023-11-08T10:00:00.000+0000,2023-11-08T11:00:00.000+0000,Recurring,$0.02 per GB - US East (Northern Virginia) data transfer to Asia Pacific (Osaka),Usage,2023-11-01T00:00:00.000+0000,2023-12-01T00:00:00.000+0000,AWS,"Amazon Web Services Canada, Inc.","Amazon Web Services Canada, Inc.",123412340534,4.57e-8,USD,4.57e-8,us-east-1,Storage,AmazonS3,123412340534,,,,,,,,2.2818e-6,GB,,4GFDNxxxxxx5DR5K,4GFDNCYJU3Z5Dxxx.xxxxxxxxxx.xxx6EN2CT7,0.02,4.5636e-8,2.2818e-6,GB
2023-11-08T10:00:00.000+0000,2023-11-08T11:00:00.000+0000,Recurring,$0.02 per GB - US East (Northern Virginia) data transfer to Asia Pacific (Osaka),Usage,2023-11-01T00:00:00.000+0000,2023-12-01T00:00:00.000+0000,AWS,"Amazon Web Services Canada, Inc.","Amazon Web Services Canada, Inc.",123412340534,1.46e-8,USD,1.46e-8,us-east-1,Storage,AmazonS3,123412340534,,,,,,,,7.32e-7,GB,,4GFDNxxxxxx5DR5K,4GFDNCYJU3Z5Dxxx.xxxxxxxxxx.xxx6EN2CT7,0.02,1.464e-8,7.32e-7,GB
2023-11-10T20:00:00.000+0000,2023-11-10T21:00:00.000+0000,Recurring,$0.02 per GB - US East (Northern Virginia) data transfer to Asia Pacific (Osaka),Usage,2023-11-01T00:00:00.000+0000,2023-12-01T00:00:00.000+0000,AWS,"Amazon Web Services Canada, Inc.","Amazon Web Services Canada, Inc.",123412340534,1.3e-9,USD,1.3e-9,us-east-1,Storage,AmazonS3,123412340534,,,,,,,,6.71e-8,GB,,4GFDNxxxxxx5DR5K,4GFDNCYJU3Z5Dxxx.xxxxxxxxxx.xxx6EN2CT7,0.02,1.342e-9,6.71e-8,GB
2023-11-13T10:00:00.000+0000,2023-11-13T11:00:00.000+0000,Recurring,$0.02 per GB - US East (Northern Virginia) data transfer to Asia Pacific (Osaka),Usage,2023-11-01T00:00:00.000+0000,2023-12-01T00:00:00.000+0000,AWS,"Amazon Web Services Canada, Inc.","Amazon Web Services Canada, Inc.",123412340534,4.57e-8,USD,4.57e-8,us-east-1,Storage,AmazonS3,123412340534,,,,,,,,2.2818e-6,GB,,4GFDNxxxxxx5DR5K,4GFDNCYJU3Z5Dxxx.xxxxxxxxxx.xxx6EN2CT7,0.02,4.5636e-8,2.2818e-6,GB
2023-11-13T10:00:00.000+0000,2023-11-13T11:00:00.000+0000,Recurring,$0.02 per GB - US East (Northern Virginia) data transfer to Asia Pacific (Osaka),Usage,2023-11-01T00:00:00.000+0000,2023-12-01T00:00:00.000+0000,AWS,"Amazon Web Services Canada, Inc.","Amazon Web Services Canada, Inc.",123412340534,1.46e-8,USD,1.46e-8,us-east-1,Storage,AmazonS3,123412340534,,,,,,,,7.32e-7,GB,,4GFDNxxxxxx5DR5K,4GFDNCYJU3Z5Dxxx.xxxxxxxxxx.xxx6EN2CT7,0.02,1.464e-8,7.32e-7,GB
2023-11-04T23:00:00.000+0000,2023-11-05T00:00:00.000+0000,Recurring,$0 for AWS Glue Data Catalog requests under the free tier,Usage,2023-11-01T00:00:00.000+0000,2023-12-01T00:00:00.000+0000,AWS,"Amazon Web Services Canada, Inc.","Amazon Web Services Canada, Inc.",123412340534,0.0,USD,0.0,ca-central-1,Analytics,AWSGlue,123412340534,,,,,,,,7.0,Request,,4JSDAxxxxxxRUMAN,4JSDAGJUPQFRUxxx.xxxxxxxxxx.xxx6EN2CT7,1e-6,7e-6,7.0,Request
2023-11-06T05:00:00.000+0000,2023-11-06T10:00:00.000+0000,Recurring,$0 for AWS Glue Data Catalog requests under the free tier,Usage,2023-11-01T00:00:00.000+0000,2023-12-01T00:00:00.000+0000,AWS,"Amazon Web Services Canada, Inc.","Amazon Web Services Canada, Inc.",123412340534,0.0,USD,0.0,ca-central-1,Analytics,AWSGlue,123412340534,,,,,,,,7.0,Request,,4JSDAxxxxxxRUMAN,4JSDAGJUPQFRUxxx.xxxxxxxxxx.xxx6EN2CT7,1e-6,7e-6,7.0,Request
2023-11-11T05:00:00.000+0000,2023-11-11T10:00:00.000+0000,Recurring,$0 for AWS Glue Data Catalog requests under the free tier,Usage,2023-11-01T00:00:00.000+0000,2023-12-01T00:00:00.000+0000,AWS,"Amazon Web Services Canada, Inc.","Amazon Web Services Canada, Inc.",123412340534,0.0,USD,0.0,ca-central-1,Analytics,AWSGlue,123412340534,,,,,,,,7.0,Request,,4JSDAxxxxxxRUMAN,4JSDAGJUPQFRUxxx.xxxxxxxxxx.xxx6EN2CT7,1e-6,7e-6,7.0,Request
2023-11-05T04:00:00.000+0000,2023-11-05T05:00:00.000+0000,Recurring,$0.000 per GB - regional data transfer under the monthly global free tier,Usage,2023-11-01T00:00:00.000+0000,2023-12-01T00:00:00.000+0000,AWS,"Amazon Web Services Canada, Inc.","Amazon Web Services Canada, Inc.",123412340534,0.0,USD,0.0,ca-central-1,,AWSCloudShell,123412340534,,,,,,,,0.0001705671,GB,,4VV36xxxxxx8K86N,4VV36CD3MDN8Kxxx.xxxxxxxxxx.xxx6EN2CT7,0.01,1.705671e-6,0.0001705671,GB
2023-11-07T05:00:00.000+0000,2023-11-07T06:00:00.000+0000,Recurring,$0.02 per GB - Canada (Central) data transfer to EU (Paris),Usage,2023-11-01T00:00:00.000+0000,2023-12-01T00:00:00.000+0000,AWS,"Amazon Web Services Canada, Inc.","Amazon Web Services Canada, Inc.",123412340534,8.9e-9,USD,8.9e-9,ca-central-1,Storage,AmazonS3,123412340534,,,,,,,,4.47e-7,GB,,4WYPUxxxxxx9S82B,4WYPU2M7D8Q9Sxxx.xxxxxxxxxx.xxx6EN2CT7,0.02,8.940000000000001e-9,4.47e-7,GB
2023-11-11T04:00:00.000+0000,2023-11-11T05:00:00.000+0000,Recurring,$0.02 per GB - Canada (Central) data transfer to EU (Paris),Usage,2023-11-01T00:00:00.000+0000,2023-12-01T00:00:00.000+0000,AWS,"Amazon Web Services Canada, Inc.","Amazon Web Services Canada, Inc.",123412340534,7.8e-9,USD,7.8e-9,ca-central-1,Storage,AmazonS3,123412340534,,,,,,,,3.912e-7,GB,,4WYPUxxxxxx9S82B,4WYPU2M7D8Q9Sxxx.xxxxxxxxxx.xxx6EN2CT7,0.02,7.824000000000001e-9,3.912e-7,GB
2023-11-07T05:00:00.000+0000,2023-11-08T00:00:00.000+0000,Recurring,$1 per customer managed KMS key version in Canada (Central),Usage,2023-11-01T00:00:00.000+0000,2023-12-01T00:00:00.000+0000,AWS,"Amazon Web Services Canada, Inc.","Amazon Web Services Canada, Inc.",123412340534,0.0263888891,USD,0.0263888891,ca-central-1,Security,awskms,123412340534,,,,,,,,0.0263888891,Keys,,4ZXH7xxxxxxPNVS7,4ZXH7PCQQMMPNxxx.xxxxxxxxxx.xxx6EN2CT7,1.0,0.0263888891,0.0263888891,Keys
2023-11-08T00:00:00.000+0000,2023-11-09T00:00:00.000+0000,Recurring,$1 per customer managed KMS key version in Canada (Central),Usage,2023-11-01T00:00:00.000+0000,2023-12-01T00:00:00.000+0000,AWS,"Amazon Web Services Canada, Inc.","Amazon Web Services Canada, Inc.",123412340534,0.0333333336,USD,0.0333333336,ca-central-1,Security,awskms,123412340534,,,,,,,,0.0333333336,Keys,,4ZXH7xxxxxxPNVS7,4ZXH7PCQQMMPNxxx.xxxxxxxxxx.xxx6EN2CT7,1.0,0.0333333336,0.0333333336,Keys
2023-11-09T00:00:00.000+0000,2023-11-10T00:00:00.000+0000,Recurring,$1 per customer managed KMS key version in Canada (Central),Usage,2023-11-01T00:00:00.000+0000,2023-12-01T00:00:00.000+0000,AWS,"Amazon Web Services Canada, Inc.","Amazon Web Services Canada, Inc.",123412340534,0.0333333336,USD,0.0333333336,ca-central-1,Security,awskms,123412340534,,,,,,,,0.0333333336,Keys,,4ZXH7xxxxxxPNVS7,4ZXH7PCQQMMPNxxx.xxxxxxxxxx.xxx6EN2CT7,1.0,0.0333333336,0.0333333336,Keys
2023-11-10T00:00:00.000+0000,2023-11-11T00:00:00.000+0000,Recurring,$1 per customer managed KMS key version in Canada (Central),Usage,2023-11-01T00:00:00.000+0000,2023-12-01T00:00:00.000+0000,AWS,"Amazon Web Services Canada, Inc.","Amazon Web Services Canada, Inc.",123412340534,0.0333333336,USD,0.0333333336,ca-central-1,Security,awskms,123412340534,,,,,,,,0.0333333336,Keys,,4ZXH7xxxxxxPNVS7,4ZXH7PCQQMMPNxxx.xxxxxxxxxx.xxx6EN2CT7,1.0,0.0333333336,0.0333333336,Keys
2023-11-11T00:00:00.000+0000,2023-11-12T00:00:00.000+0000,Recurring,$1 per customer managed KMS key version in Canada (Central),Usage,2023-11-01T00:00:00.000+0000,2023-12-01T00:00:00.000+0000,AWS,"Amazon Web Services Canada, Inc.","Amazon Web Services Canada, Inc.",123412340534,0.0333333336,USD,0.0333333336,ca-central-1,Security,awskms,123412340534,,,,,,,,0.0333333336,Keys,,4ZXH7xxxxxxPNVS7,4ZXH7PCQQMMPNxxx.xxxxxxxxxx.xxx6EN2CT7,1.0,0.0333333336,0.0333333336,Keys
2023-11-12T00:00:00.000+0000,2023-11-13T00:00:00.000+0000,Recurring,$1 per customer managed KMS key version in Canada (Central),Usage,2023-11-01T00:00:00.000+0000,2023-12-01T00:00:00.000+0000,AWS,"Amazon Web Services Canada, Inc.","Amazon Web Services Canada, Inc.",123412340534,0.0333333336,USD,0.0333333336,ca-central-1,Security,awskms,123412340534,,,,,,,,0.0333333336,Keys,,4ZXH7xxxxxxPNVS7,4ZXH7PCQQMMPNxxx.xxxxxxxxxx.xxx6EN2CT7,1.0,0.0333333336,0.0333333336,Keys
2023-11-13T00:00:00.000+0000,2023-11-14T00:00:00.000+0000,Recurring,$1 per customer managed KMS key version in Canada (Central),Usage,2023-11-01T00:00:00.000+0000,2023-12-01T00:00:00.000+0000,AWS,"Amazon Web Services Canada, Inc.","Amazon Web Services Canada, Inc.",123412340534,0.0333333336,USD,0.0333333336,ca-central-1,Security,awskms,123412340534,,,,,,,,0.0333333336,Keys,,4ZXH7xxxxxxPNVS7,4ZXH7PCQQMMPNxxx.xxxxxxxxxx.xxx6EN2CT7,1.0,0.0333333336,0.0333333336,Keys
2023-11-14T00:00:00.000+0000,2023-11-14T03:00:00.000+0000,Recurring,$1 per customer managed KMS key version in Canada (Central),Usage,2023-11-01T00:00:00.000+0000,2023-12-01T00:00:00.000+0000,AWS,"Amazon Web Services Canada, Inc.","Amazon Web Services Canada, Inc.",123412340534,0.0041666667,USD,0.0041666667,ca-central-1,Security,awskms,123412340534,,,,,,,,0.0041666667,Keys,,4ZXH7xxxxxxPNVS7,4ZXH7PCQQMMPNxxx.xxxxxxxxxx.xxx6EN2CT7,1.0,0.0041666667,0.0041666667,Keys
2023-11-05T00:00:00.000+0000,2023-11-05T18:00:00.000+0000,Recurring,"$0.0044 per 10,000 GET and all other requests",Usage,2023-11-01T00:00:00.000+0000,2023-12-01T00:00:00.000+0000,AWS,"Amazon Web Services Canada, Inc.","Amazon Web Services Canada, Inc.",123412340534,3.96e-6,USD,3.96e-6,ca-central-1,Storage,AmazonS3,123412340534,,,,,,,,9.0,Requests,,56GRDxxxxxxUF5SE,56GRD53C8EEUFxxx.xxxxxxxxxx.xxx6EN2CT7,4.4e-7,3.96e-6,9.0,Requests
2023-11-05T00:00:00.000+0000,2023-11-05T18:00:00.000+0000,Recurring,"$0.0044 per 10,000 GET and all other requests",Usage,2023-11-01T00:00:00.000+0000,2023-12-01T00:00:00.000+0000,AWS,"Amazon Web Services Canada, Inc.","Amazon Web Services Canada, Inc.",123412340534,6.6e-6,USD,6.6e-6,ca-central-1,Storage,AmazonS3,123412340534,,,,,,,,15.0,Requests,,56GRDxxxxxxUF5SE,56GRD53C8EEUFxxx.xxxxxxxxxx.xxx6EN2CT7,4.4e-7,6.6e-6,15.0,Requests
2023-11-05T00:00:00.000+0000,2023-11-05T01:00:00.000+0000,Recurring,"$0.0044 per 10,000 GET and all other requests",Usage,2023-11-01T00:00:00.000+0000,2023-12-01T00:00:00.000+0000,AWS,"Amazon Web Services Canada, Inc.","Amazon Web Services Canada, Inc.",123412340534,1.32e-6,USD,1.32e-6,ca-central-1,Storage,AmazonS3,123412340534,,,,,,,,3.0,Requests,,56GRDxxxxxxUF5SE,56GRD53C8EEUFxxx.xxxxxxxxxx.xxx6EN2CT7,4.4e-7,1.32e-6,3.0,Requests
2023-11-05T00:00:00.000+0000,2023-11-05T19:00:00.000+0000,Recurring,"$0.0044 per 10,000 GET and all other requests",Usage,2023-11-01T00:00:00.000+0000,2023-12-01T00:00:00.000+0000,AWS,"Amazon Web Services Canada, Inc.","Amazon Web Services Canada, Inc.",123412340534,0.00001628,USD,0.00001628,ca-central-1,Storage,AmazonS3,123412340534,,,,,,,,37.0,Requests,,56GRDxxxxxxUF5SE,56GRD53C8EEUFxxx.xxxxxxxxxx.xxx6EN2CT7,4.4e-7,0.00001628,37.0,Requests
2023-11-05T00:00:00.000+0000,2023-11-05T01:00:00.000+0000,Recurring,"$0.0044 per 10,000 GET and all other requests",Usage,2023-11-01T00:00:00.000+0000,2023-12-01T00:00:00.000+0000,AWS,"Amazon Web Services Canada, Inc.","Amazon Web Services Canada, Inc.",123412340534,4.4e-7,USD,4.4e-7,ca-central-1,Storage,AmazonS3,123412340534,,,,,,,,1.0,Requests,,56GRDxxxxxxUF5SE,56GRD53C8EEUFxxx.xxxxxxxxxx.xxx6EN2CT7,4.4e-7,4.4e-7,1.0,Requests
2023-11-05T00:00:00.000+0000,2023-11-05T02:00:00.000+0000,Recurring,"$0.0044 per 10,000 GET and all other requests",Usage,2023-11-01T00:00:00.000+0000,2023-12-01T00:00:00.000+0000,AWS,"Amazon Web Services Canada, Inc.","Amazon Web Services Canada, Inc.",123412340534,8.8e-7,USD,8.8e-7,ca-central-1,Storage,AmazonS3,123412340534,,,,,,,,2.0,Requests,,56GRDxxxxxxUF5SE,56GRD53C8EEUFxxx.xxxxxxxxxx.xxx6EN2CT7,4.4e-7,8.8e-7,2.0,Requests
2023-11-05T00:00:00.000+0000,2023-11-05T18:00:00.000+0000,Recurring,"$0.0044 per 10,000 GET and all other requests",Usage,2023-11-01T00:00:00.000+0000,2023-12-01T00:00:00.000+0000,AWS,"Amazon Web Services Canada, Inc.","Amazon Web Services Canada, Inc.",123412340534,8.8e-7,USD,8.8e-7,ca-central-1,Storage,AmazonS3,123412340534,,,,,,,,2.0,Requests,,56GRDxxxxxxUF5SE,56GRD53C8EEUFxxx.xxxxxxxxxx.xxx6EN2CT7,4.4e-7,8.8e-7,2.0,Requests
2023-11-05T00:00:00.000+0000,2023-11-05T01:00:00.000+0000,Recurring,"$0.0044 per 10,000 GET and all other requests",Usage,2023-11-01T00:00:00.000+0000,2023-12-01T00:00:00.000+0000,AWS,"Amazon Web Services Canada, Inc.","Amazon Web Services Canada, Inc.",123412340534,4.4e-7,USD,4.4e-7,ca-central-1,Storage,AmazonS3,123412340534,,,,,,,,1.0,Requests,,56GRDxxxxxxUF5SE,56GRD53C8EEUFxxx.xxxxxxxxxx.xxx6EN2CT7,4.4e-7,4.4e-7,1.0,Requests
2023-11-05T00:00:00.000+0000,2023-11-05T02:00:00.000+0000,Recurring,"$0.0044 per 10,000 GET and all other requests",Usage,2023-11-01T00:00:00.000+0000,2023-12-01T00:00:00.000+0000,AWS,"Amazon Web Services Canada, Inc.","Amazon Web Services Canada, Inc.",123412340534,8.8e-7,USD,8.8e-7,ca-central-1,Storage,AmazonS3,123412340534,,,,,,,,2.0,Requests,,56GRDxxxxxxUF5SE,56GRD53C8EEUFxxx.xxxxxxxxxx.xxx6EN2CT7,4.4e-7,8.8e-7,2.0,Requests
2023-11-05T00:00:00.000+0000,2023-11-05T18:00:00.000+0000,Recurring,"$0.0044 per 10,000 GET and all other requests",Usage,2023-11-01T00:00:00.000+0000,2023-12-01T00:00:00.000+0000,AWS,"Amazon Web Services Canada, Inc.","Amazon Web Services Canada, Inc.",123412340534,1.32e-6,USD,1.32e-6,ca-central-1,Storage,AmazonS3,123412340534,,,,,,,,3.0,Requests,,56GRDxxxxxxUF5SE,56GRD53C8EEUFxxx.xxxxxxxxxx.xxx6EN2CT7,4.4e-7,1.32e-6,3.0,Requests
2023-11-05T00:00:00.000+0000,2023-11-05T01:00:00.000+0000,Recurring,"$0.0044 per 10,000 GET and all other requests",Usage,2023-11-01T00:00:00.000+0000,2023-12-01T00:00:00.000+0000,AWS,"Amazon Web Services Canada, Inc.","Amazon Web Services Canada, Inc.",123412340534,1.76e-6,USD,1.76e-6,ca-central-1,Storage,AmazonS3,123412340534,,,,,,,,4.0,Requests,,56GRDxxxxxxUF5SE,56GRD53C8EEUFxxx.xxxxxxxxxx.xxx6EN2CT7,4.4e-7,1.76e-6,4.0,Requests
2023-11-05T00:00:00.000+0000,2023-11-05T18:00:00.000+0000,Recurring,"$0.0044 per 10,000 GET and all other requests",Usage,2023-11-01T00:00:00.000+0000,2023-12-01T00:00:00.000+0000,AWS,"Amazon Web Services Canada, Inc.","Amazon Web Services Canada, Inc.",123412340534,0.000011,USD,0.000011,ca-central-1,Storage,AmazonS3,123412340534,,,,,,,,25.0,Requests,,56GRDxxxxxxUF5SE,56GRD53C8EEUFxxx.xxxxxxxxxx.xxx6EN2CT7,4.4e-7,0.000011,25.0,Requests
2023-11-05T00:00:00.000+0000,2023-11-05T18:00:00.000+0000,Recurring,"$0.0044 per 10,000 GET and all other requests",Usage,2023-11-01T00:00:00.000+0000,2023-12-01T00:00:00.000+0000,AWS,"Amazon Web Services Canada, Inc.","Amazon Web Services Canada, Inc.",123412340534,3.08e-6,USD,3.08e-6,ca-central-1,Storage,AmazonS3,123412340534,,,,,,,,7.0,Requests,,56GRDxxxxxxUF5SE,56GRD53C8EEUFxxx.xxxxxxxxxx.xxx6EN2CT7,4.4e-7,3.08e-6,7.0,Requests
2023-11-05T00:00:00.000+0000,2023-11-05T19:00:00.000+0000,Recurring,"$0.0044 per 10,000 GET and all other requests",Usage,2023-11-01T00:00:00.000+0000,2023-12-01T00:00:00.000+0000,AWS,"Amazon Web Services Canada, Inc.","Amazon Web Services Canada, Inc.",123412340534,9.24e-6,USD,9.24e-6,ca-central-1,Storage,AmazonS3,123412340534,,,,,,,,21.0,Requests,,56GRDxxxxxxUF5SE,56GRD53C8EEUFxxx.xxxxxxxxxx.xxx6EN2CT7,4.4e-7,9.24e-6,21.0,Requests
2023-11-05T00:00:00.000+0000,2023-11-05T19:00:00.000+0000,Recurring,"$0.0044 per 10,000 GET and all other requests",Usage,2023-11-01T00:00:00.000+0000,2023-12-01T00:00:00.000+0000,AWS,"Amazon Web Services Canada, Inc.","Amazon Web Services Canada, Inc.",123412340534,0.00001056,USD,0.00001056,ca-central-1,Storage,AmazonS3,123412340534,,,,,,,,24.0,Requests,,56GRDxxxxxxUF5SE,56GRD53C8EEUFxxx.xxxxxxxxxx.xxx6EN2CT7,4.4e-7,0.00001056,24.0,Requests
2023-11-05T00:00:00.000+0000,2023-11-05T02:00:00.000+0000,Recurring,"$0.0044 per 10,000 GET and all other requests",Usage,2023-11-01T00:00:00.000+0000,2023-12-01T00:00:00.000+0000,AWS,"Amazon Web Services Canada, Inc.","Amazon Web Services Canada, Inc.",123412340534,1.76e-6,USD,1.76e-6,ca-central-1,Storage,AmazonS3,123412340534,,,,,,,,4.0,Requests,,56GRDxxxxxxUF5SE,56GRD53C8EEUFxxx.xxxxxxxxxx.xxx6EN2CT7,4.4e-7,1.76e-6,4.0,Requests
2023-11-05T00:00:00.000+0000,2023-11-05T01:00:00.000+0000,Recurring,"$0.0044 per 10,000 GET and all other requests",Usage,2023-11-01T00:00:00.000+0000,2023-12-01T00:00:00.000+0000,AWS,"Amazon Web Services Canada, Inc.","Amazon Web Services Canada, Inc.",123412340534,4.4e-7,USD,4.4e-7,ca-central-1,Storage,AmazonS3,123412340534,,,,,,,,1.0,Requests,,56GRDxxxxxxUF5SE,56GRD53C8EEUFxxx.xxxxxxxxxx.xxx6EN2CT7,4.4e-7,4.4e-7,1.0,Requests
2023-11-05T00:00:00.000+0000,2023-11-05T18:00:00.000+0000,Recurring,"$0.0044 per 10,000 GET and all other requests",Usage,2023-11-01T00:00:00.000+0000,2023-12-01T00:00:00.000+0000,AWS,"Amazon Web Services Canada, Inc.","Amazon Web Services Canada, Inc.",123412340534,1.76e-6,USD,1.76e-6,ca-central-1,Storage,AmazonS3,123412340534,,,,,,,,4.0,Requests,,56GRDxxxxxxUF5SE,56GRD53C8EEUFxxx.xxxxxxxxxx.xxx6EN2CT7,4.4e-7,1.76e-6,4.0,Requests
2023-11-05T00:00:00.000+0000,2023-11-05T18:00:00.000+0000,Recurring,"$0.0044 per 10,000 GET and all other requests",Usage,2023-11-01T00:00:00.000+0000,2023-12-01T00:00:00.000+0000,AWS,"Amazon Web Services Canada, Inc.","Amazon Web Services Canada, Inc.",123412340534,8.8e-7,USD,8.8e-7,ca-central-1,Storage,AmazonS3,123412340534,,,,,,,,2.0,Requests,,56GRDxxxxxxUF5SE,56GRD53C8EEUFxxx.xxxxxxxxxx.xxx6EN2CT7,4.4e-7,8.8e-7,2.0,Requests
2023-11-05T00:00:00.000+0000,2023-11-05T22:00:00.000+0000,Recurring,"$0.0044 per 10,000 GET and all other requests",Usage,2023-11-01T00:00:00.000+0000,2023-12-01T00:00:00.000+0000,AWS,"Amazon Web Services Canada, Inc.","Amazon Web Services Canada, Inc.",123412340534,0.00001012,USD,0.00001012,ca-central-1,Storage,AmazonS3,123412340534,,,,,,,,23.0,Requests,,56GRDxxxxxxUF5SE,56GRD53C8EEUFxxx.xxxxxxxxxx.xxx6EN2CT7,4.4e-7,0.000010120000000000001,23.0,Requests
2023-11-05T00:00:00.000+0000,2023-11-05T18:00:00.000+0000,Recurring,"$0.0044 per 10,000 GET and all other requests",Usage,2023-11-01T00:00:00.000+0000,2023-12-01T00:00:00.000+0000,AWS,"Amazon Web Services Canada, Inc.","Amazon Web Services Canada, Inc.",123412340534,8.8e-7,USD,8.8e-7,ca-central-1,Storage,AmazonS3,123412340534,,,,,,,,2.0,Requests,,56GRDxxxxxxUF5SE,56GRD53C8EEUFxxx.xxxxxxxxxx.xxx6EN2CT7,4.4e-7,8.8e-7,2.0,Requests
2023-11-05T00:00:00.000+0000,2023-11-05T18:00:00.000+0000,Recurring,"$0.0044 per 10,000 GET and all other requests",Usage,2023-11-01T00:00:00.000+0000,2023-12-01T00:00:00.000+0000,AWS,"Amazon Web Services Canada, Inc.","Amazon Web Services Canada, Inc.",123412340534,8.8e-7,USD,8.8e-7,ca-central-1,Storage,AmazonS3,123412340534,,,,,,,,2.0,Requests,,56GRDxxxxxxUF5SE,56GRD53C8EEUFxxx.xxxxxxxxxx.xxx6EN2CT7,4.4e-7,8.8e-7,2.0,Requests
2023-11-05T00:00:00.000+0000,2023-11-05T01:00:00.000+0000,Recurring,"$0.0044 per 10,000 GET and all other requests",Usage,2023-11-01T00:00:00.000+0000,2023-12-01T00:00:00.000+0000,AWS,"Amazon Web Services Canada, Inc.","Amazon Web Services Canada, Inc.",123412340534,4.4e-7,USD,4.4e-7,ca-central-1,Storage,AmazonS3,123412340534,,,,,,,,1.0,Requests,,56GRDxxxxxxUF5SE,56GRD53C8EEUFxxx.xxxxxxxxxx.xxx6EN2CT7,4.4e-7,4.4e-7,1.0,Requests
2023-11-05T00:00:00.000+0000,2023-11-05T01:00:00.000+0000,Recurring,"$0.0044 per 10,000 GET and all other requests",Usage,2023-11-01T00:00:00.000+0000,2023-12-01T00:00:00.000+0000,AWS,"Amazon Web Services Canada, Inc.","Amazon Web Services Canada, Inc.",123412340534,4.4e-7,USD,4.4e-7,ca-central-1,Storage,AmazonS3,123412340534,,,,,,,,1.0,Requests,,56GRDxxxxxxUF5SE,56GRD53C8EEUFxxx.xxxxxxxxxx.xxx6EN2CT7,4.4e-7,4.4e-7,1.0,Requests
2023-11-05T00:00:00.000+0000,2023-11-05T18:00:00.000+0000,Recurring,"$0.0044 per 10,000 GET and all other requests",Usage,2023-11-01T00:00:00.000+0000,2023-12-01T00:00:00.000+0000,AWS,"Amazon Web Services Canada, Inc.","Amazon Web Services Canada, Inc.",123412340534,0.00001364,USD,0.00001364,ca-central-1,Storage,AmazonS3,123412340534,,,,,,,,31.0,Requests,,56GRDxxxxxxUF5SE,56GRD53C8EEUFxxx.xxxxxxxxxx.xxx6EN2CT7,4.4e-7,0.000013640000000000002,31.0,Requests
2023-11-06T05:00:00.000+0000,2023-11-06T19:00:00.000+0000,Recurring,"$0.0044 per 10,000 GET and all other requests",Usage,2023-11-01T00:00:00.000+0000,2023-12-01T00:00:00.000+0000,AWS,"Amazon Web Services Canada, Inc.","Amazon Web Services Canada, Inc.",123412340534,2.64e-6,USD,2.64e-6,ca-central-1,Storage,AmazonS3,123412340534,,,,,,,,6.0,Requests,,56GRDxxxxxxUF5SE,56GRD53C8EEUFxxx.xxxxxxxxxx.xxx6EN2CT7,4.4e-7,2.64e-6,6.0,Requests
2023-11-06T05:00:00.000+0000,2023-11-06T18:00:00.000+0000,Recurring,"$0.0044 per 10,000 GET and all other requests",Usage,2023-11-01T00:00:00.000+0000,2023-12-01T00:00:00.000+0000,AWS,"Amazon Web Services Canada, Inc.","Amazon Web Services Canada, Inc.",123412340534,1.32e-6,USD,1.32e-6,ca-central-1,Storage,AmazonS3,123412340534,,,,,,,,3.0,Requests,,56GRDxxxxxxUF5SE,56GRD53C8EEUFxxx.xxxxxxxxxx.xxx6EN2CT7,4.4e-7,1.32e-6,3.0,Requests
2023-11-06T05:00:00.000+0000,2023-11-06T07:00:00.000+0000,Recurring,"$0.0044 per 10,000 GET and all other requests",Usage,2023-11-01T00:00:00.000+0000,2023-12-01T00:00:00.000+0000,AWS,"Amazon Web Services Canada, Inc.","Amazon Web Services Canada, Inc.",123412340534,3.96e-6,USD,3.96e-6,ca-central-1,Storage,AmazonS3,123412340534,,,,,,,,9.0,Requests,,56GRDxxxxxxUF5SE,56GRD53C8EEUFxxx.xxxxxxxxxx.xxx6EN2CT7,4.4e-7,3.96e-6,9.0,Requests
2023-11-06T17:00:00.000+0000,2023-11-06T18:00:00.000+0000,Recurring,"$0.0044 per 10,000 GET and all other requests",Usage,2023-11-01T00:00:00.000+0000,2023-12-01T00:00:00.000+0000,AWS,"Amazon Web Services Canada, Inc.","Amazon Web Services Canada, Inc.",123412340534,4.4e-7,USD,4.4e-7,ca-central-1,Storage,AmazonS3,123412340534,,,,,,,,1.0,Requests,,56GRDxxxxxxUF5SE,56GRD53C8EEUFxxx.xxxxxxxxxx.xxx6EN2CT7,4.4e-7,4.4e-7,1.0,Requests
2023-11-06T05:00:00.000+0000,2023-11-06T18:00:00.000+0000,Recurring,"$0.0044 per 10,000 GET and all other requests",Usage,2023-11-01T00:00:00.000+0000,2023-12-01T00:00:00.000+0000,AWS,"Amazon Web Services Canada, Inc.","Amazon Web Services Canada, Inc.",123412340534,1.32e-6,USD,1.32e-6,ca-central-1,Storage,AmazonS3,123412340534,,,,,,,,3.0,Requests,,56GRDxxxxxxUF5SE,56GRD53C8EEUFxxx.xxxxxxxxxx.xxx6EN2CT7,4.4e-7,1.32e-6,3.0,Requests
2023-11-06T05:00:00.000+0000,2023-11-06T18:00:00.000+0000,Recurring,"$0.0044 per 10,000 GET and all other requests",Usage,2023-11-01T00:00:00.000+0000,2023-12-01T00:00:00.000+0000,AWS,"Amazon Web Services Canada, Inc.","Amazon Web Services Canada, Inc.",123412340534,1.32e-6,USD,1.32e-6,ca-central-1,Storage,AmazonS3,123412340534,,,,,,,,3.0,Requests,,56GRDxxxxxxUF5SE,56GRD53C8EEUFxxx.xxxxxxxxxx.xxx6EN2CT7,4.4e-7,1.32e-6,3.0,Requests
2023-11-06T04:00:00.000+0000,2023-11-06T19:00:00.000+0000,Recurring,"$0.0044 per 10,000 GET and all other requests",Usage,2023-11-01T00:00:00.000+0000,2023-12-01T00:00:00.000+0000,AWS,"Amazon Web Services Canada, Inc.","Amazon Web Services Canada, Inc.",123412340534,1.32e-6,USD,1.32e-6,ca-central-1,Storage,AmazonS3,123412340534,,,,,,,,3.0,Requests,,56GRDxxxxxxUF5SE,56GRD53C8EEUFxxx.xxxxxxxxxx.xxx6EN2CT7,4.4e-7,1.32e-6,3.0,Requests
2023-11-06T05:00:00.000+0000,2023-11-06T07:00:00.000+0000,Recurring,"$0.0044 per 10,000 GET and all other requests",Usage,2023-11-01T00:00:00.000+0000,2023-12-01T00:00:00.000+0000,AWS,"Amazon Web Services Canada, Inc.","Amazon Web Services Canada, Inc.",123412340534,3.96e-6,USD,3.96e-6,ca-central-1,Storage,AmazonS3,123412340534,,,,,,,,9.0,Requests,,56GRDxxxxxxUF5SE,56GRD53C8EEUFxxx.xxxxxxxxxx.xxx6EN2CT7,4.4e-7,3.96e-6,9.0,Requests
2023-11-07T00:00:00.000+0000,2023-11-07T06:00:00.000+0000,Recurring,"$0.0044 per 10,000 GET and all other requests",Usage,2023-11-01T00:00:00.000+0000,2023-12-01T00:00:00.000+0000,AWS,"Amazon Web Services Canada, Inc.","Amazon Web Services Canada, Inc.",123412340534,3.96e-6,USD,3.96e-6,ca-central-1,Storage,AmazonS3,123412340534,,,,,,,,9.0,Requests,,56GRDxxxxxxUF5SE,56GRD53C8EEUFxxx.xxxxxxxxxx.xxx6EN2CT7,4.4e-7,3.96e-6,9.0,Requests
2023-11-07T00:00:00.000+0000,2023-11-07T05:00:00.000+0000,Recurring,"$0.0044 per 10,000 GET and all other requests",Usage,2023-11-01T00:00:00.000+0000,2023-12-01T00:00:00.000+0000,AWS,"Amazon Web Services Canada, Inc.","Amazon Web Services Canada, Inc.",123412340534,6.16e-6,USD,6.16e-6,ca-central-1,Storage,AmazonS3,123412340534,,,,,,,,14.0,Requests,,56GRDxxxxxxUF5SE,56GRD53C8EEUFxxx.xxxxxxxxxx.xxx6EN2CT7,4.4e-7,6.16e-6,14.0,Requests
2023-11-07T00:00:00.000+0000,2023-11-07T01:00:00.000+0000,Recurring,"$0.0044 per 10,000 GET and all other requests",Usage,2023-11-01T00:00:00.000+0000,2023-12-01T00:00:00.000+0000,AWS,"Amazon Web Services Canada, Inc.","Amazon Web Services Canada, Inc.",123412340534,1.32e-6,USD,1.32e-6,ca-central-1,Storage,AmazonS3,123412340534,,,,,,,,3.0,Requests,,56GRDxxxxxxUF5SE,56GRD53C8EEUFxxx.xxxxxxxxxx.xxx6EN2CT7,4.4e-7,1.32e-6,3.0,Requests
2023-11-07T03:00:00.000+0000,2023-11-07T18:00:00.000+0000,Recurring,"$0.0044 per 10,000 GET and all other requests",Usage,2023-11-01T00:00:00.000+0000,2023-12-01T00:00:00.000+0000,AWS,"Amazon Web Services Canada, Inc.","Amazon Web Services Canada, Inc.",123412340534,0.0000286,USD,0.0000286,ca-central-1,Storage,AmazonS3,123412340534,,,,,,,,65.0,Requests,,56GRDxxxxxxUF5SE,56GRD53C8EEUFxxx.xxxxxxxxxx.xxx6EN2CT7,4.4e-7,0.0000286,65.0,Requests
2023-11-07T03:00:00.000+0000,2023-11-07T05:00:00.000+0000,Recurring,"$0.0044 per 10,000 GET and all other requests",Usage,2023-11-01T00:00:00.000+0000,2023-12-01T00:00:00.000+0000,AWS,"Amazon Web Services Canada, Inc.","Amazon Web Services Canada, Inc.",123412340534,3.96e-6,USD,3.96e-6,ca-central-1,Storage,AmazonS3,123412340534,,,,,,,,9.0,Requests,,56GRDxxxxxxUF5SE,56GRD53C8EEUFxxx.xxxxxxxxxx.xxx6EN2CT7,4.4e-7,3.96e-6,9.0,Requests
2023-11-07T03:00:00.000+0000,2023-11-07T04:00:00.000+0000,Recurring,"$0.0044 per 10,000 GET and all other requests",Usage,2023-11-01T00:00:00.000+0000,2023-12-01T00:00:00.000+0000,AWS,"Amazon Web Services Canada, Inc.","Amazon Web Services Canada, Inc.",123412340534,4.4e-7,USD,4.4e-7,ca-central-1,Storage,AmazonS3,123412340534,,,,,,,,1.0,Requests,,56GRDxxxxxxUF5SE,56GRD53C8EEUFxxx.xxxxxxxxxx.xxx6EN2CT7,4.4e-7,4.4e-7,1.0,Requests
2023-11-07T03:00:00.000+0000,2023-11-07T05:00:00.000+0000,Recurring,"$0.0044 per 10,000 GET and all other requests",Usage,2023-11-01T00:00:00.000+0000,2023-12-01T00:00:00.000+0000,AWS,"Amazon Web Services Canada, Inc.","Amazon Web Services Canada, Inc.",123412340534,1.76e-6,USD,1.76e-6,ca-central-1,Storage,AmazonS3,123412340534,,,,,,,,4.0,Requests,,56GRDxxxxxxUF5SE,56GRD53C8EEUFxxx.xxxxxxxxxx.xxx6EN2CT7,4.4e-7,1.76e-6,4.0,Requests
2023-11-07T03:00:00.000+0000,2023-11-07T05:00:00.000+0000,Recurring,"$0.0044 per 10,000 GET and all other requests",Usage,2023-11-01T00:00:00.000+0000,2023-12-01T00:00:00.000+0000,AWS,"Amazon Web Services Canada, Inc.","Amazon Web Services Canada, Inc.",123412340534,3.96e-6,USD,3.96e-6,ca-central-1,Storage,AmazonS3,123412340534,,,,,,,,9.0,Requests,,56GRDxxxxxxUF5SE,56GRD53C8EEUFxxx.xxxxxxxxxx.xxx6EN2CT7,4.4e-7,3.96e-6,9.0,Requests
2023-11-07T03:00:00.000+0000,2023-11-07T04:00:00.000+0000,Recurring,"$0.0044 per 10,000 GET and all other requests",Usage,2023-11-01T00:00:00.000+0000,2023-12-01T00:00:00.000+0000,AWS,"Amazon Web Services Canada, Inc.","Amazon Web Services Canada, Inc.",123412340534,8.8e-7,USD,8.8e-7,ca-central-1,Storage,AmazonS3,123412340534,,,,,,,,2.0,Requests,,56GRDxxxxxxUF5SE,56GRD53C8EEUFxxx.xxxxxxxxxx.xxx6EN2CT7,4.4e-7,8.8e-7,2.0,Requests
2023-11-07T03:00:00.000+0000,2023-11-07T04:00:00.000+0000,Recurring,"$0.0044 per 10,000 GET and all other requests",Usage,2023-11-01T00:00:00.000+0000,2023-12-01T00:00:00.000+0000,AWS,"Amazon Web Services Canada, Inc.","Amazon Web Services Canada, Inc.",123412340534,8.8e-7,USD,8.8e-7,ca-central-1,Storage,AmazonS3,123412340534,,,,,,,,2.0,Requests,,56GRDxxxxxxUF5SE,56GRD53C8EEUFxxx.xxxxxxxxxx.xxx6EN2CT7,4.4e-7,8.8e-7,2.0,Requests
2023-11-07T00:00:00.000+0000,2023-11-07T05:00:00.000+0000,Recurring,"$0.0044 per 10,000 GET and all other requests",Usage,2023-11-01T00:00:00.000+0000,2023-12-01T00:00:00.000+0000,AWS,"Amazon Web Services Canada, Inc.","Amazon Web Services Canada, Inc.",123412340534,5.28e-6,USD,5.28e-6,ca-central-1,Storage,AmazonS3,123412340534,,,,,,,,12.0,Requests,,56GRDxxxxxxUF5SE,56GRD53C8EEUFxxx.xxxxxxxxxx.xxx6EN2CT7,4.4e-7,5.28e-6,12.0,Requests
2023-11-07T00:00:00.000+0000,2023-11-07T06:00:00.000+0000,Recurring,"$0.0044 per 10,000 GET and all other requests",Usage,2023-11-01T00:00:00.000+0000,2023-12-01T00:00:00.000+0000,AWS,"Amazon Web Services Canada, Inc.","Amazon Web Services Canada, Inc.",123412340534,0.00001628,USD,0.00001628,ca-central-1,Storage,AmazonS3,123412340534,,,,,,,,37.0,Requests,,56GRDxxxxxxUF5SE,56GRD53C8EEUFxxx.xxxxxxxxxx.xxx6EN2CT7,4.4e-7,0.00001628,37.0,Requests
2023-11-07T03:00:00.000+0000,2023-11-07T18:00:00.000+0000,Recurring,"$0.0044 per 10,000 GET and all other requests",Usage,2023-11-01T00:00:00.000+0000,2023-12-01T00:00:00.000+0000,AWS,"Amazon Web Services Canada, Inc.","Amazon Web Services Canada, Inc.",123412340534,6.16e-6,USD,6.16e-6,ca-central-1,Storage,AmazonS3,123412340534,,,,,,,,14.0,Requests,,56GRDxxxxxxUF5SE,56GRD53C8EEUFxxx.xxxxxxxxxx.xxx6EN2CT7,4.4e-7,6.16e-6,14.0,Requests
2023-11-07T03:00:00.000+0000,2023-11-07T18:00:00.000+0000,Recurring,"$0.0044 per 10,000 GET and all other requests",Usage,2023-11-01T00:00:00.000+0000,2023-12-01T00:00:00.000+0000,AWS,"Amazon Web Services Canada, Inc.","Amazon Web Services Canada, Inc.",123412340534,0.000011,USD,0.000011,ca-central-1,Storage,AmazonS3,123412340534,,,,,,,,25.0,Requests,,56GRDxxxxxxUF5SE,56GRD53C8EEUFxxx.xxxxxxxxxx.xxx6EN2CT7,4.4e-7,0.000011,25.0,Requests
2023-11-07T03:00:00.000+0000,2023-11-07T18:00:00.000+0000,Recurring,"$0.0044 per 10,000 GET and all other requests",Usage,2023-11-01T00:00:00.000+0000,2023-12-01T00:00:00.000+0000,AWS,"Amazon Web Services Canada, Inc.","Amazon Web Services Canada, Inc.",123412340534,0.00001672,USD,0.00001672,ca-central-1,Storage,AmazonS3,123412340534,,,,,,,,38.0,Requests,,56GRDxxxxxxUF5SE,56GRD53C8EEUFxxx.xxxxxxxxxx.xxx6EN2CT7,4.4e-7,0.000016720000000000003,38.0,Requests
2023-11-07T03:00:00.000+0000,2023-11-07T04:00:00.000+0000,Recurring,"$0.0044 per 10,000 GET and all other requests",Usage,2023-11-01T00:00:00.000+0000,2023-12-01T00:00:00.000+0000,AWS,"Amazon Web Services Canada, Inc.","Amazon Web Services Canada, Inc.",123412340534,1.32e-6,USD,1.32e-6,ca-central-1,Storage,AmazonS3,123412340534,,,,,,,,3.0,Requests,,56GRDxxxxxxUF5SE,56GRD53C8EEUFxxx.xxxxxxxxxx.xxx6EN2CT7,4.4e-7,1.32e-6,3.0,Requests
2023-11-07T03:00:00.000+0000,2023-11-07T05:00:00.000+0000,Recurring,"$0.0044 per 10,000 GET and all other requests",Usage,2023-11-01T00:00:00.000+0000,2023-12-01T00:00:00.000+0000,AWS,"Amazon Web Services Canada, Inc.","Amazon Web Services Canada, Inc.",123412340534,4.4e-6,USD,4.4e-6,ca-central-1,Storage,AmazonS3,123412340534,,,,,,,,10.0,Requests,,56GRDxxxxxxUF5SE,56GRD53C8EEUFxxx.xxxxxxxxxx.xxx6EN2CT7,4.4e-7,4.4e-6,10.0,Requests
2023-11-07T03:00:00.000+0000,2023-11-07T05:00:00.000+0000,Recurring,"$0.0044 per 10,000 GET and all other requests",Usage,2023-11-01T00:00:00.000+0000,2023-12-01T00:00:00.000+0000,AWS,"Amazon Web Services Canada, Inc.","Amazon Web Services Canada, Inc.",123412340534,3.96e-6,USD,3.96e-6,ca-central-1,Storage,AmazonS3,123412340534,,,,,,,,9.0,Requests,,56GRDxxxxxxUF5SE,56GRD53C8EEUFxxx.xxxxxxxxxx.xxx6EN2CT7,4.4e-7,3.96e-6,9.0,Requests
2023-11-07T03:00:00.000+0000,2023-11-07T05:00:00.000+0000,Recurring,"$0.0044 per 10,000 GET and all other requests",Usage,2023-11-01T00:00:00.000+0000,2023-12-01T00:00:00.000+0000,AWS,"Amazon Web Services Canada, Inc.","Amazon Web Services Canada, Inc.",123412340534,4.4e-6,USD,4.4e-6,ca-central-1,Storage,AmazonS3,123412340534,,,,,,,,10.0,Requests,,56GRDxxxxxxUF5SE,56GRD53C8EEUFxxx.xxxxxxxxxx.xxx6EN2CT7,4.4e-7,4.4e-6,10.0,Requests
2023-11-07T03:00:00.000+0000,2023-11-07T18:00:00.000+0000,Recurring,"$0.0044 per 10,000 GET and all other requests",Usage,2023-11-01T00:00:00.000+0000,2023-12-01T00:00:00.000+0000,AWS,"Amazon Web Services Canada, Inc.","Amazon Web Services Canada, Inc.",123412340534,0.00001144,USD,0.00001144,ca-central-1,Storage,AmazonS3,123412340534,,,,,,,,26.0,Requests,,56GRDxxxxxxUF5SE,56GRD53C8EEUFxxx.xxxxxxxxxx.xxx6EN2CT7,4.4e-7,0.00001144,26.0,Requests
2023-11-07T03:00:00.000+0000,2023-11-07T05:00:00.000+0000,Recurring,"$0.0044 per 10,000 GET and all other requests",Usage,2023-11-01T00:00:00.000+0000,2023-12-01T00:00:00.000+0000,AWS,"Amazon Web Services Canada, Inc.","Amazon Web Services Canada, Inc.",123412340534,3.96e-6,USD,3.96e-6,ca-central-1,Storage,AmazonS3,123412340534,,,,,,,,9.0,Requests,,56GRDxxxxxxUF5SE,56GRD53C8EEUFxxx.xxxxxxxxxx.xxx6EN2CT7,4.4e-7,3.96e-6,9.0,Requests
2023-11-07T03:00:00.000+0000,2023-11-07T05:00:00.000+0000,Recurring,"$0.0044 per 10,000 GET and all other requests",Usage,2023-11-01T00:00:00.000+0000,2023-12-01T00:00:00.000+0000,AWS,"Amazon Web Services Canada, Inc.","Amazon Web Services Canada, Inc.",123412340534,3.96e-6,USD,3.96e-6,ca-central-1,Storage,AmazonS3,123412340534,,,,,,,,9.0,Requests,,56GRDxxxxxxUF5SE,56GRD53C8EEUFxxx.xxxxxxxxxx.xxx6EN2CT7,4.4e-7,3.96e-6,9.0,Requests
2023-11-07T00:00:00.000+0000,2023-11-07T01:00:00.000+0000,Recurring,"$0.0044 per 10,000 GET and all other requests",Usage,2023-11-01T00:00:00.000+0000,2023-12-01T00:00:00.000+0000,AWS,"Amazon Web Services Canada, Inc.","Amazon Web Services Canada, Inc.",123412340534,4.4e-7,USD,4.4e-7,ca-central-1,Storage,AmazonS3,123412340534,,,,,,,,1.0,Requests,,56GRDxxxxxxUF5SE,56GRD53C8EEUFxxx.xxxxxxxxxx.xxx6EN2CT7,4.4e-7,4.4e-7,1.0,Requests
2023-11-07T03:00:00.000+0000,2023-11-07T05:00:00.000+0000,Recurring,"$0.0044 per 10,000 GET and all other requests",Usage,2023-11-01T00:00:00.000+0000,2023-12-01T00:00:00.000+0000,AWS,"Amazon Web Services Canada, Inc.","Amazon Web Services Canada, Inc.",123412340534,3.96e-6,USD,3.96e-6,ca-central-1,Storage,AmazonS3,123412340534,,,,,,,,9.0,Requests,,56GRDxxxxxxUF5SE,56GRD53C8EEUFxxx.xxxxxxxxxx.xxx6EN2CT7,4.4e-7,3.96e-6,9.0,Requests
2023-11-07T00:00:00.000+0000,2023-11-07T06:00:00.000+0000,Recurring,"$0.0044 per 10,000 GET and all other requests",Usage,2023-11-01T00:00:00.000+0000,2023-12-01T00:00:00.000+0000,AWS,"Amazon Web Services Canada, Inc.","Amazon Web Services Canada, Inc.",123412340534,0.00001716,USD,0.00001716,ca-central-1,Storage,AmazonS3,123412340534,,,,,,,,39.0,Requests,,56GRDxxxxxxUF5SE,56GRD53C8EEUFxxx.xxxxxxxxxx.xxx6EN2CT7,4.4e-7,0.000017160000000000002,39.0,Requests
2023-11-08T17:00:00.000+0000,2023-11-08T18:00:00.000+0000,Recurring,"$0.0044 per 10,000 GET and all other requests",Usage,2023-11-01T00:00:00.000+0000,2023-12-01T00:00:00.000+0000,AWS,"Amazon Web Services Canada, Inc.","Amazon Web Services Canada, Inc.",123412340534,1.32e-6,USD,1.32e-6,ca-central-1,Storage,AmazonS3,123412340534,,,,,,,,3.0,Requests,,56GRDxxxxxxUF5SE,56GRD53C8EEUFxxx.xxxxxxxxxx.xxx6EN2CT7,4.4e-7,1.32e-6,3.0,Requests
2023-11-08T17:00:00.000+0000,2023-11-08T18:00:00.000+0000,Recurring,"$0.0044 per 10,000 GET and all other requests",Usage,2023-11-01T00:00:00.000+0000,2023-12-01T00:00:00.000+0000,AWS,"Amazon Web Services Canada, Inc.","Amazon Web Services Canada, Inc.",123412340534,1.32e-6,USD,1.32e-6,ca-central-1,Storage,AmazonS3,123412340534,,,,,,,,3.0,Requests,,56GRDxxxxxxUF5SE,56GRD53C8EEUFxxx.xxxxxxxxxx.xxx6EN2CT7,4.4e-7,1.32e-6,3.0,Requests
2023-11-08T17:00:00.000+0000,2023-11-08T18:00:00.000+0000,Recurring,"$0.0044 per 10,000 GET and all other requests",Usage,2023-11-01T00:00:00.000+0000,2023-12-01T00:00:00.000+0000,AWS,"Amazon Web Services Canada, Inc.","Amazon Web Services Canada, Inc.",123412340534,1.32e-6,USD,1.32e-6,ca-central-1,Storage,AmazonS3,123412340534,,,,,,,,3.0,Requests,,56GRDxxxxxxUF5SE,56GRD53C8EEUFxxx.xxxxxxxxxx.xxx6EN2CT7,4.4e-7,1.32e-6,3.0,Requests
2023-11-08T17:00:00.000+0000,2023-11-08T18:00:00.000+0000,Recurring,"$0.0044 per 10,000 GET and all other requests",Usage,2023-11-01T00:00:00.000+0000,2023-12-01T00:00:00.000+0000,AWS,"Amazon Web Services Canada, Inc.","Amazon Web Services Canada, Inc.",123412340534,1.32e-6,USD,1.32e-6,ca-central-1,Storage,AmazonS3,123412340534,,,,,,,,3.0,Requests,,56GRDxxxxxxUF5SE,56GRD53C8EEUFxxx.xxxxxxxxxx.xxx6EN2CT7,4.4e-7,1.32e-6,3.0,Requests
2023-11-08T03:00:00.000+0000,2023-11-08T23:00:00.000+0000,Recurring,"$0.0044 per 10,000 GET and all other requests",Usage,2023-11-01T00:00:00.000+0000,2023-12-01T00:00:00.000+0000,AWS,"Amazon Web Services Canada, Inc.","Amazon Web Services Canada, Inc.",123412340534,9.24e-6,USD,9.24e-6,ca-central-1,Storage,AmazonS3,123412340534,,,,,,,,21.0,Requests,,56GRDxxxxxxUF5SE,56GRD53C8EEUFxxx.xxxxxxxxxx.xxx6EN2CT7,4.4e-7,9.24e-6,21.0,Requests
2023-11-09T17:00:00.000+0000,2023-11-09T18:00:00.000+0000,Recurring,"$0.0044 per 10,000 GET and all other requests",Usage,2023-11-01T00:00:00.000+0000,2023-12-01T00:00:00.000+0000,AWS,"Amazon Web Services Canada, Inc.","Amazon Web Services Canada, Inc.",123412340534,1.32e-6,USD,1.32e-6,ca-central-1,Storage,AmazonS3,123412340534,,,,,,,,3.0,Requests,,56GRDxxxxxxUF5SE,56GRD53C8EEUFxxx.xxxxxxxxxx.xxx6EN2CT7,4.4e-7,1.32e-6,3.0,Requests
2023-11-09T17:00:00.000+0000,2023-11-09T18:00:00.000+0000,Recurring,"$0.0044 per 10,000 GET and all other requests",Usage,2023-11-01T00:00:00.000+0000,2023-12-01T00:00:00.000+0000,AWS,"Amazon Web Services Canada, Inc.","Amazon Web Services Canada, Inc.",123412340534,1.32e-6,USD,1.32e-6,ca-central-1,Storage,AmazonS3,123412340534,,,,,,,,3.0,Requests,,56GRDxxxxxxUF5SE,56GRD53C8EEUFxxx.xxxxxxxxxx.xxx6EN2CT7,4.4e-7,1.32e-6,3.0,Requests
2023-11-09T17:00:00.000+0000,2023-11-09T18:00:00.000+0000,Recurring,"$0.0044 per 10,000 GET and all other requests",Usage,2023-11-01T00:00:00.000+0000,2023-12-01T00:00:00.000+0000,AWS,"Amazon Web Services Canada, Inc.","Amazon Web Services Canada, Inc.",123412340534,1.32e-6,USD,1.32e-6,ca-central-1,Storage,AmazonS3,123412340534,,,,,,,,3.0,Requests,,56GRDxxxxxxUF5SE,56GRD53C8EEUFxxx.xxxxxxxxxx.xxx6EN2CT7,4.4e-7,1.32e-6,3.0,Requests
2023-11-09T17:00:00.000+0000,2023-11-09T18:00:00.000+0000,Recurring,"$0.0044 per 10,000 GET and all other requests",Usage,2023-11-01T00:00:00.000+0000,2023-12-01T00:00:00.000+0000,AWS,"Amazon Web Services Canada, Inc.","Amazon Web Services Canada, Inc.",123412340534,1.32e-6,USD,1.32e-6,ca-central-1,Storage,AmazonS3,123412340534,,,,,,,,3.0,Requests,,56GRDxxxxxxUF5SE,56GRD53C8EEUFxxx.xxxxxxxxxx.xxx6EN2CT7,4.4e-7,1.32e-6,3.0,Requests
2023-11-09T17:00:00.000+0000,2023-11-09T21:00:00.000+0000,Recurring,"$0.0044 per 10,000 GET and all other requests",Usage,2023-11-01T00:00:00.000+0000,2023-12-01T00:00:00.000+0000,AWS,"Amazon Web Services Canada, Inc.","Amazon Web Services Canada, Inc.",123412340534,2.64e-6,USD,2.64e-6,ca-central-1,Storage,AmazonS3,123412340534,,,,,,,,6.0,Requests,,56GRDxxxxxxUF5SE,56GRD53C8EEUFxxx.xxxxxxxxxx.xxx6EN2CT7,4.4e-7,2.64e-6,6.0,Requests
2023-11-10T17:00:00.000+0000,2023-11-10T18:00:00.000+0000,Recurring,"$0.0044 per 10,000 GET and all other requests",Usage,2023-11-01T00:00:00.000+0000,2023-12-01T00:00:00.000+0000,AWS,"Amazon Web Services Canada, Inc.","Amazon Web Services Canada, Inc.",123412340534,1.32e-6,USD,1.32e-6,ca-central-1,Storage,AmazonS3,123412340534,,,,,,,,3.0,Requests,,56GRDxxxxxxUF5SE,56GRD53C8EEUFxxx.xxxxxxxxxx.xxx6EN2CT7,4.4e-7,1.32e-6,3.0,Requests
2023-11-10T17:00:00.000+0000,2023-11-10T18:00:00.000+0000,Recurring,"$0.0044 per 10,000 GET and all other requests",Usage,2023-11-01T00:00:00.000+0000,2023-12-01T00:00:00.000+0000,AWS,"Amazon Web Services Canada, Inc.","Amazon Web Services Canada, Inc.",123412340534,1.32e-6,USD,1.32e-6,ca-central-1,Storage,AmazonS3,123412340534,,,,,,,,3.0,Requests,,56GRDxxxxxxUF5SE,56GRD53C8EEUFxxx.xxxxxxxxxx.xxx6EN2CT7,4.4e-7,1.32e-6,3.0,Requests
2023-11-10T17:00:00.000+0000,2023-11-10T18:00:00.000+0000,Recurring,"$0.0044 per 10,000 GET and all other requests",Usage,2023-11-01T00:00:00.000+0000,2023-12-01T00:00:00.000+0000,AWS,"Amazon Web Services Canada, Inc.","Amazon Web Services Canada, Inc.",123412340534,1.32e-6,USD,1.32e-6,ca-central-1,Storage,AmazonS3,123412340534,,,,,,,,3.0,Requests,,56GRDxxxxxxUF5SE,56GRD53C8EEUFxxx.xxxxxxxxxx.xxx6EN2CT7,4.4e-7,1.32e-6,3.0,Requests
2023-11-10T17:00:00.000+0000,2023-11-10T18:00:00.000+0000,Recurring,"$0.0044 per 10,000 GET and all other requests",Usage,2023-11-01T00:00:00.000+0000,2023-12-01T00:00:00.000+0000,AWS,"Amazon Web Services Canada, Inc.","Amazon Web Services Canada, Inc.",123412340534,1.32e-6,USD,1.32e-6,ca-central-1,Storage,AmazonS3,123412340534,,,,,,,,3.0,Requests,,56GRDxxxxxxUF5SE,56GRD53C8EEUFxxx.xxxxxxxxxx.xxx6EN2CT7,4.4e-7,1.32e-6,3.0,Requests
2023-11-10T00:00:00.000+0000,2023-11-10T22:00:00.000+0000,Recurring,"$0.0044 per 10,000 GET and all other requests",Usage,2023-11-01T00:00:00.000+0000,2023-12-01T00:00:00.000+0000,AWS,"Amazon Web Services Canada, Inc.","Amazon Web Services Canada, Inc.",123412340534,3.96e-6,USD,3.96e-6,ca-central-1,Storage,AmazonS3,123412340534,,,,,,,,9.0,Requests,,56GRDxxxxxxUF5SE,56GRD53C8EEUFxxx.xxxxxxxxxx.xxx6EN2CT7,4.4e-7,3.96e-6,9.0,Requests
2023-11-11T18:00:00.000+0000,2023-11-11T19:00:00.000+0000,Recurring,"$0.0044 per 10,000 GET and all other requests",Usage,2023-11-01T00:00:00.000+0000,2023-12-01T00:00:00.000+0000,AWS,"Amazon Web Services Canada, Inc.","Amazon Web Services Canada, Inc.",123412340534,1.32e-6,USD,1.32e-6,ca-central-1,Storage,AmazonS3,123412340534,,,,,,,,3.0,Requests,,56GRDxxxxxxUF5SE,56GRD53C8EEUFxxx.xxxxxxxxxx.xxx6EN2CT7,4.4e-7,1.32e-6,3.0,Requests
2023-11-11T17:00:00.000+0000,2023-11-11T18:00:00.000+0000,Recurring,"$0.0044 per 10,000 GET and all other requests",Usage,2023-11-01T00:00:00.000+0000,2023-12-01T00:00:00.000+0000,AWS,"Amazon Web Services Canada, Inc.","Amazon Web Services Canada, Inc.",123412340534,1.32e-6,USD,1.32e-6,ca-central-1,Storage,AmazonS3,123412340534,,,,,,,,3.0,Requests,,56GRDxxxxxxUF5SE,56GRD53C8EEUFxxx.xxxxxxxxxx.xxx6EN2CT7,4.4e-7,1.32e-6,3.0,Requests
2023-11-11T17:00:00.000+0000,2023-11-11T18:00:00.000+0000,Recurring,"$0.0044 per 10,000 GET and all other requests",Usage,2023-11-01T00:00:00.000+0000,2023-12-01T00:00:00.000+0000,AWS,"Amazon Web Services Canada, Inc.","Amazon Web Services Canada, Inc.",123412340534,1.32e-6,USD,1.32e-6,ca-central-1,Storage,AmazonS3,123412340534,,,,,,,,3.0,Requests,,56GRDxxxxxxUF5SE,56GRD53C8EEUFxxx.xxxxxxxxxx.xxx6EN2CT7,4.4e-7,1.32e-6,3.0,Requests
2023-11-11T17:00:00.000+0000,2023-11-11T18:00:00.000+0000,Recurring,"$0.0044 per 10,000 GET and all other requests",Usage,2023-11-01T00:00:00.000+0000,2023-12-01T00:00:00.000+0000,AWS,"Amazon Web Services Canada, Inc.","Amazon Web Services Canada, Inc.",123412340534,1.32e-6,USD,1.32e-6,ca-central-1,Storage,AmazonS3,123412340534,,,,,,,,3.0,Requests,,56GRDxxxxxxUF5SE,56GRD53C8EEUFxxx.xxxxxxxxxx.xxx6EN2CT7,4.4e-7,1.32e-6,3.0,Requests
2023-11-11T17:00:00.000+0000,2023-11-11T18:00:00.000+0000,Recurring,"$0.0044 per 10,000 GET and all other requests",Usage,2023-11-01T00:00:00.000+0000,2023-12-01T00:00:00.000+0000,AWS,"Amazon Web Services Canada, Inc.","Amazon Web Services Canada, Inc.",123412340534,1.32e-6,USD,1.32e-6,ca-central-1,Storage,AmazonS3,123412340534,,,,,,,,3.0,Requests,,56GRDxxxxxxUF5SE,56GRD53C8EEUFxxx.xxxxxxxxxx.xxx6EN2CT7,4.4e-7,1.32e-6,3.0,Requests
2023-11-11T02:00:00.000+0000,2023-11-11T19:00:00.000+0000,Recurring,"$0.0044 per 10,000 GET and all other requests",Usage,2023-11-01T00:00:00.000+0000,2023-12-01T00:00:00.000+0000,AWS,"Amazon Web Services Canada, Inc.","Amazon Web Services Canada, Inc.",123412340534,7.92e-6,USD,7.92e-6,ca-central-1,Storage,AmazonS3,123412340534,,,,,,,,18.0,Requests,,56GRDxxxxxxUF5SE,56GRD53C8EEUFxxx.xxxxxxxxxx.xxx6EN2CT7,4.4e-7,7.92e-6,18.0,Requests
2023-11-12T00:00:00.000+0000,2023-11-12T01:00:00.000+0000,Recurring,"$0.0044 per 10,000 GET and all other requests",Usage,2023-11-01T00:00:00.000+0000,2023-12-01T00:00:00.000+0000,AWS,"Amazon Web Services Canada, Inc.","Amazon Web Services Canada, Inc.",123412340534,4.4e-7,USD,4.4e-7,ca-central-1,Storage,AmazonS3,123412340534,,,,,,,,1.0,Requests,,56GRDxxxxxxUF5SE,56GRD53C8EEUFxxx.xxxxxxxxxx.xxx6EN2CT7,4.4e-7,4.4e-7,1.0,Requests
2023-11-12T00:00:00.000+0000,2023-11-12T01:00:00.000+0000,Recurring,"$0.0044 per 10,000 GET and all other requests",Usage,2023-11-01T00:00:00.000+0000,2023-12-01T00:00:00.000+0000,AWS,"Amazon Web Services Canada, Inc.","Amazon Web Services Canada, Inc.",123412340534,1.32e-6,USD,1.32e-6,ca-central-1,Storage,AmazonS3,123412340534,,,,,,,,3.0,Requests,,56GRDxxxxxxUF5SE,56GRD53C8EEUFxxx.xxxxxxxxxx.xxx6EN2CT7,4.4e-7,1.32e-6,3.0,Requests
2023-11-12T00:00:00.000+0000,2023-11-12T18:00:00.000+0000,Recurring,"$0.0044 per 10,000 GET and all other requests",Usage,2023-11-01T00:00:00.000+0000,2023-12-01T00:00:00.000+0000,AWS,"Amazon Web Services Canada, Inc.","Amazon Web Services Canada, Inc.",123412340534,2.64e-6,USD,2.64e-6,ca-central-1,Storage,AmazonS3,123412340534,,,,,,,,6.0,Requests,,56GRDxxxxxxUF5SE,56GRD53C8EEUFxxx.xxxxxxxxxx.xxx6EN2CT7,4.4e-7,2.64e-6,6.0,Requests
2023-11-12T00:00:00.000+0000,2023-11-12T01:00:00.000+0000,Recurring,"$0.0044 per 10,000 GET and all other requests",Usage,2023-11-01T00:00:00.000+0000,2023-12-01T00:00:00.000+0000,AWS,"Amazon Web Services Canada, Inc.","Amazon Web Services Canada, Inc.",123412340534,1.76e-6,USD,1.76e-6,ca-central-1,Storage,AmazonS3,123412340534,,,,,,,,4.0,Requests,,56GRDxxxxxxUF5SE,56GRD53C8EEUFxxx.xxxxxxxxxx.xxx6EN2CT7,4.4e-7,1.76e-6,4.0,Requests
2023-11-12T17:00:00.000+0000,2023-11-12T18:00:00.000+0000,Recurring,"$0.0044 per 10,000 GET and all other requests",Usage,2023-11-01T00:00:00.000+0000,2023-12-01T00:00:00.000+0000,AWS,"Amazon Web Services Canada, Inc.","Amazon Web Services Canada, Inc.",123412340534,1.32e-6,USD,1.32e-6,ca-central-1,Storage,AmazonS3,123412340534,,,,,,,,3.0,Requests,,56GRDxxxxxxUF5SE,56GRD53C8EEUFxxx.xxxxxxxxxx.xxx6EN2CT7,4.4e-7,1.32e-6,3.0,Requests
2023-11-12T00:00:00.000+0000,2023-11-12T18:00:00.000+0000,Recurring,"$0.0044 per 10,000 GET and all other requests",Usage,2023-11-01T00:00:00.000+0000,2023-12-01T00:00:00.000+0000,AWS,"Amazon Web Services Canada, Inc.","Amazon Web Services Canada, Inc.",123412340534,2.64e-6,USD,2.64e-6,ca-central-1,Storage,AmazonS3,123412340534,,,,,,,,6.0,Requests,,56GRDxxxxxxUF5SE,56GRD53C8EEUFxxx.xxxxxxxxxx.xxx6EN2CT7,4.4e-7,2.64e-6,6.0,Requests
2023-11-12T00:00:00.000+0000,2023-11-12T18:00:00.000+0000,Recurring,"$0.0044 per 10,000 GET and all other requests",Usage,2023-11-01T00:00:00.000+0000,2023-12-01T00:00:00.000+0000,AWS,"Amazon Web Services Canada, Inc.","Amazon Web Services Canada, Inc.",123412340534,2.64e-6,USD,2.64e-6,ca-central-1,Storage,AmazonS3,123412340534,,,,,,,,6.0,Requests,,56GRDxxxxxxUF5SE,56GRD53C8EEUFxxx.xxxxxxxxxx.xxx6EN2CT7,4.4e-7,2.64e-6,6.0,Requests
2023-11-12T03:00:00.000+0000,2023-11-12T18:00:00.000+0000,Recurring,"$0.0044 per 10,000 GET and all other requests",Usage,2023-11-01T00:00:00.000+0000,2023-12-01T00:00:00.000+0000,AWS,"Amazon Web Services Canada, Inc.","Amazon Web Services Canada, Inc.",123412340534,5.28e-6,USD,5.28e-6,ca-central-1,Storage,AmazonS3,123412340534,,,,,,,,12.0,Requests,,56GRDxxxxxxUF5SE,56GRD53C8EEUFxxx.xxxxxxxxxx.xxx6EN2CT7,4.4e-7,5.28e-6,12.0,Requests
2023-11-12T00:00:00.000+0000,2023-11-12T01:00:00.000+0000,Recurring,"$0.0044 per 10,000 GET and all other requests",Usage,2023-11-01T00:00:00.000+0000,2023-12-01T00:00:00.000+0000,AWS,"Amazon Web Services Canada, Inc.","Amazon Web Services Canada, Inc.",123412340534,1.76e-6,USD,1.76e-6,ca-central-1,Storage,AmazonS3,123412340534,,,,,,,,4.0,Requests,,56GRDxxxxxxUF5SE,56GRD53C8EEUFxxx.xxxxxxxxxx.xxx6EN2CT7,4.4e-7,1.76e-6,4.0,Requests
2023-11-13T05:00:00.000+0000,2023-11-13T06:00:00.000+0000,Recurring,"$0.0044 per 10,000 GET and all other requests",Usage,2023-11-01T00:00:00.000+0000,2023-12-01T00:00:00.000+0000,AWS,"Amazon Web Services Canada, Inc.","Amazon Web Services Canada, Inc.",123412340534,4.4e-7,USD,4.4e-7,ca-central-1,Storage,AmazonS3,123412340534,,,,,,,,1.0,Requests,,56GRDxxxxxxUF5SE,56GRD53C8EEUFxxx.xxxxxxxxxx.xxx6EN2CT7,4.4e-7,4.4e-7,1.0,Requests
2023-11-13T05:00:00.000+0000,2023-11-13T06:00:00.000+0000,Recurring,"$0.0044 per 10,000 GET and all other requests",Usage,2023-11-01T00:00:00.000+0000,2023-12-01T00:00:00.000+0000,AWS,"Amazon Web Services Canada, Inc.","Amazon Web Services Canada, Inc.",123412340534,1.32e-6,USD,1.32e-6,ca-central-1,Storage,AmazonS3,123412340534,,,,,,,,3.0,Requests,,56GRDxxxxxxUF5SE,56GRD53C8EEUFxxx.xxxxxxxxxx.xxx6EN2CT7,4.4e-7,1.32e-6,3.0,Requests
2023-11-13T05:00:00.000+0000,2023-11-13T19:00:00.000+0000,Recurring,"$0.0044 per 10,000 GET and all other requests",Usage,2023-11-01T00:00:00.000+0000,2023-12-01T00:00:00.000+0000,AWS,"Amazon Web Services Canada, Inc.","Amazon Web Services Canada, Inc.",123412340534,2.64e-6,USD,2.64e-6,ca-central-1,Storage,AmazonS3,123412340534,,,,,,,,6.0,Requests,,56GRDxxxxxxUF5SE,56GRD53C8EEUFxxx.xxxxxxxxxx.xxx6EN2CT7,4.4e-7,2.64e-6,6.0,Requests
2023-11-13T05:00:00.000+0000,2023-11-13T06:00:00.000+0000,Recurring,"$0.0044 per 10,000 GET and all other requests",Usage,2023-11-01T00:00:00.000+0000,2023-12-01T00:00:00.000+0000,AWS,"Amazon Web Services Canada, Inc.","Amazon Web Services Canada, Inc.",123412340534,8.8e-7,USD,8.8e-7,ca-central-1,Storage,AmazonS3,123412340534,,,,,,,,2.0,Requests,,56GRDxxxxxxUF5SE,56GRD53C8EEUFxxx.xxxxxxxxxx.xxx6EN2CT7,4.4e-7,8.8e-7,2.0,Requests
2023-11-13T18:00:00.000+0000,2023-11-13T19:00:00.000+0000,Recurring,"$0.0044 per 10,000 GET and all other requests",Usage,2023-11-01T00:00:00.000+0000,2023-12-01T00:00:00.000+0000,AWS,"Amazon Web Services Canada, Inc.","Amazon Web Services Canada, Inc.",123412340534,1.32e-6,USD,1.32e-6,ca-central-1,Storage,AmazonS3,123412340534,,,,,,,,3.0,Requests,,56GRDxxxxxxUF5SE,56GRD53C8EEUFxxx.xxxxxxxxxx.xxx6EN2CT7,4.4e-7,1.32e-6,3.0,Requests
2023-11-13T05:00:00.000+0000,2023-11-13T19:00:00.000+0000,Recurring,"$0.0044 per 10,000 GET and all other requests",Usage,2023-11-01T00:00:00.000+0000,2023-12-01T00:00:00.000+0000,AWS,"Amazon Web Services Canada, Inc.","Amazon Web Services Canada, Inc.",123412340534,2.64e-6,USD,2.64e-6,ca-central-1,Storage,AmazonS3,123412340534,,,,,,,,6.0,Requests,,56GRDxxxxxxUF5SE,56GRD53C8EEUFxxx.xxxxxxxxxx.xxx6EN2CT7,4.4e-7,2.64e-6,6.0,Requests
2023-11-13T05:00:00.000+0000,2023-11-13T19:00:00.000+0000,Recurring,"$0.0044 per 10,000 GET and all other requests",Usage,2023-11-01T00:00:00.000+0000,2023-12-01T00:00:00.000+0000,AWS,"Amazon Web Services Canada, Inc.","Amazon Web Services Canada, Inc.",123412340534,2.64e-6,USD,2.64e-6,ca-central-1,Storage,AmazonS3,123412340534,,,,,,,,6.0,Requests,,56GRDxxxxxxUF5SE,56GRD53C8EEUFxxx.xxxxxxxxxx.xxx6EN2CT7,4.4e-7,2.64e-6,6.0,Requests
2023-11-13T03:00:00.000+0000,2023-11-13T23:00:00.000+0000,Recurring,"$0.0044 per 10,000 GET and all other requests",Usage,2023-11-01T00:00:00.000+0000,2023-12-01T00:00:00.000+0000,AWS,"Amazon Web Services Canada, Inc.","Amazon Web Services Canada, Inc.",123412340534,9.24e-6,USD,9.24e-6,ca-central-1,Storage,AmazonS3,123412340534,,,,,,,,21.0,Requests,,56GRDxxxxxxUF5SE,56GRD53C8EEUFxxx.xxxxxxxxxx.xxx6EN2CT7,4.4e-7,9.24e-6,21.0,Requests
2023-11-13T05:00:00.000+0000,2023-11-13T06:00:00.000+0000,Recurring,"$0.0044 per 10,000 GET and all other requests",Usage,2023-11-01T00:00:00.000+0000,2023-12-01T00:00:00.000+0000,AWS,"Amazon Web Services Canada, Inc.","Amazon Web Services Canada, Inc.",123412340534,8.8e-7,USD,8.8e-7,ca-central-1,Storage,AmazonS3,123412340534,,,,,,,,2.0,Requests,,56GRDxxxxxxUF5SE,56GRD53C8EEUFxxx.xxxxxxxxxx.xxx6EN2CT7,4.4e-7,8.8e-7,2.0,Requests
2023-11-07T04:00:00.000+0000,2023-11-07T06:00:00.000+0000,Recurring,0.0 per free event recorded in US West (Oregon) region,Usage,2023-11-01T00:00:00.000+0000,2023-12-01T00:00:00.000+0000,AWS,"Amazon Web Services Canada, Inc.","Amazon Web Services Canada, Inc.",123412340534,0.0,USD,0.0,us-west-2,Management and Governance,AWSCloudTrail,123412340534,,,,,,,,14.0,Events,,57SQQxxxxxx76PRE,57SQQK7HQMW76xxx.xxxxxxxxxx.xxx6EN2CT7,0.0,0.0,14.0,Events
2023-11-07T05:00:00.000+0000,2023-11-07T07:00:00.000+0000,Recurring,$0.00 per GB - Canada (Central) data transfer from US West (Oregon),Usage,2023-11-01T00:00:00.000+0000,2023-12-01T00:00:00.000+0000,AWS,"Amazon Web Services Canada, Inc.","Amazon Web Services Canada, Inc.",123412340534,0.0,USD,0.0,ca-central-1,Storage,AmazonS3,123412340534,,,,,,,,0.0000298461,GB,,5CTB8xxxxxx4EGU5,5CTB8XWYEAN4Exxx.xxxxxxxxxx.xxx6EN2CT7,0.0,0.0,0.0000298461,GB
2023-11-02T01:00:00.000+0000,2023-11-02T02:00:00.000+0000,Recurring,$0.000 per GB - data transfer out under the monthly global free tier,Usage,2023-11-01T00:00:00.000+0000,2023-12-01T00:00:00.000+0000,AWS,"Amazon Web Services Canada, Inc.","Amazon Web Services Canada, Inc.",123412340534,0.0,USD,0.0,us-west-2,Storage,AmazonS3,123412340534,,,,,,,,0.000310692,GB,,5M432xxxxxxBTWAT,5M4327XEUKBBTxxx.xxxxxxxxxx.xxx6EN2CT7,0.09,0.00002796228,0.000310692,GB
2023-11-02T13:00:00.000+0000,2023-11-02T14:00:00.000+0000,Recurring,$0.000 per GB - data transfer out under the monthly global free tier,Usage,2023-11-01T00:00:00.000+0000,2023-12-01T00:00:00.000+0000,AWS,"Amazon Web Services Canada, Inc.","Amazon Web Services Canada, Inc.",123412340534,0.0,USD,0.0,us-west-2,Storage,AmazonS3,123412340534,,,,,,,,1.3635e-6,GB,,5M432xxxxxxBTWAT,5M4327XEUKBBTxxx.xxxxxxxxxx.xxx6EN2CT7,0.09,1.22715e-7,1.3635e-6,GB
2023-11-04T22:00:00.000+0000,2023-11-05T00:00:00.000+0000,Recurring,$0.000 per GB - data transfer out under the monthly global free tier,Usage,2023-11-01T00:00:00.000+0000,2023-12-01T00:00:00.000+0000,AWS,"Amazon Web Services Canada, Inc.","Amazon Web Services Canada, Inc.",123412340534,0.0,USD,0.0,us-west-2,,AWSCloudShell,123412340534,,,,,,,,7.9535e-6,GB,,5M432xxxxxxBTWAT,5M4327XEUKBBTxxx.xxxxxxxxxx.xxx6EN2CT7,0.09,7.158149999999999e-7,7.9535e-6,GB
2023-11-04T23:00:00.000+0000,2023-11-05T00:00:00.000+0000,Recurring,$0.000 per GB - data transfer out under the monthly global free tier,Usage,2023-11-01T00:00:00.000+0000,2023-12-01T00:00:00.000+0000,AWS,"Amazon Web Services Canada, Inc.","Amazon Web Services Canada, Inc.",123412340534,0.0,USD,0.0,us-west-2,Integration,AmazonStates,123412340534,,,,,,,,1.86e-8,GB,,5M432xxxxxxBTWAT,5M4327XEUKBBTxxx.xxxxxxxxxx.xxx6EN2CT7,0.09,1.674e-9,1.86e-8,GB
2023-11-04T23:00:00.000+0000,2023-11-05T00:00:00.000+0000,Recurring,$0.000 per GB - data transfer out under the monthly global free tier,Usage,2023-11-01T00:00:00.000+0000,2023-12-01T00:00:00.000+0000,AWS,"Amazon Web Services Canada, Inc.","Amazon Web Services Canada, Inc.",123412340534,0.0,USD,0.0,us-west-2,Integration,AmazonSNS,123412340534,,,,,,,,4.359e-7,GB,,5M432xxxxxxBTWAT,5M4327XEUKBBTxxx.xxxxxxxxxx.xxx6EN2CT7,0.09,3.9230999999999996e-8,4.359e-7,GB
2023-11-04T23:00:00.000+0000,2023-11-05T00:00:00.000+0000,Recurring,$0.000 per GB - data transfer out under the monthly global free tier,Usage,2023-11-01T00:00:00.000+0000,2023-12-01T00:00:00.000+0000,AWS,"Amazon Web Services Canada, Inc.","Amazon Web Services Canada, Inc.",123412340534,0.0,USD,0.0,us-west-2,Integration,AWSQueueService,123412340534,,,,,,,,3.278e-7,GB,,5M432xxxxxxBTWAT,5M4327XEUKBBTxxx.xxxxxxxxxx.xxx6EN2CT7,0.09,2.9502e-8,3.278e-7,GB
2023-11-04T23:00:00.000+0000,2023-11-05T00:00:00.000+0000,Recurring,$0.000 per GB - data transfer out under the monthly global free tier,Usage,2023-11-01T00:00:00.000+0000,2023-12-01T00:00:00.000+0000,AWS,"Amazon Web Services Canada, Inc.","Amazon Web Services Canada, Inc.",123412340534,0.0,USD,0.0,us-west-2,Integration,AWSQueueService,123412340534,,,,,,,,0.0007255794,GB,,5M432xxxxxxBTWAT,5M4327XEUKBBTxxx.xxxxxxxxxx.xxx6EN2CT7,0.09,0.00006530214599999999,0.0007255794,GB
2023-11-04T22:00:00.000+0000,2023-11-05T00:00:00.000+0000,Recurring,$0.000 per GB - data transfer out under the monthly global free tier,Usage,2023-11-01T00:00:00.000+0000,2023-12-01T00:00:00.000+0000,AWS,"Amazon Web Services Canada, Inc.","Amazon Web Services Canada, Inc.",123412340534,0.0,USD,0.0,us-west-2,Storage,AmazonS3,123412340534,,,,,,,,0.0011023013,GB,,5M432xxxxxxBTWAT,5M4327XEUKBBTxxx.xxxxxxxxxx.xxx6EN2CT7,0.09,0.00009920711700000001,0.0011023013,GB
2023-11-04T23:00:00.000+0000,2023-11-05T00:00:00.000+0000,Recurring,$0.000 per GB - data transfer out under the monthly global free tier,Usage,2023-11-01T00:00:00.000+0000,2023-12-01T00:00:00.000+0000,AWS,"Amazon Web Services Canada, Inc.","Amazon Web Services Canada, Inc.",123412340534,0.0,USD,0.0,us-west-2,Storage,AmazonS3,123412340534,,,,,,,,0.0000606943,GB,,5M432xxxxxxBTWAT,5M4327XEUKBBTxxx.xxxxxxxxxx.xxx6EN2CT7,0.09,5.462487e-6,0.0000606943,GB
2023-11-04T01:00:00.000+0000,2023-11-04T20:00:00.000+0000,Recurring,$0.000 per GB - data transfer out under the monthly global free tier,Usage,2023-11-01T00:00:00.000+0000,2023-12-01T00:00:00.000+0000,AWS,"Amazon Web Services Canada, Inc.","Amazon Web Services Canada, Inc.",123412340534,0.0,USD,0.0,us-west-2,Storage,AmazonS3,123412340534,,,,,,,,5.1745e-6,GB,,5M432xxxxxxBTWAT,5M4327XEUKBBTxxx.xxxxxxxxxx.xxx6EN2CT7,0.09,4.65705e-7,5.1745e-6,GB
2023-11-04T23:00:00.000+0000,2023-11-05T00:00:00.000+0000,Recurring,$0.000 per GB - data transfer out under the monthly global free tier,Usage,2023-11-01T00:00:00.000+0000,2023-12-01T00:00:00.000+0000,AWS,"Amazon Web Services Canada, Inc.","Amazon Web Services Canada, Inc.",123412340534,0.0,USD,0.0,us-west-2,Storage,AmazonS3,123412340534,,,,,,,,5.104e-7,GB,,5M432xxxxxxBTWAT,5M4327XEUKBBTxxx.xxxxxxxxxx.xxx6EN2CT7,0.09,4.5936e-8,5.104e-7,GB
2023-11-05T00:00:00.000+0000,2023-11-05T01:00:00.000+0000,Recurring,$0.000 per GB - data transfer out under the monthly global free tier,Usage,2023-11-01T00:00:00.000+0000,2023-12-01T00:00:00.000+0000,AWS,"Amazon Web Services Canada, Inc.","Amazon Web Services Canada, Inc.",123412340534,0.0,USD,0.0,us-west-2,,AWSCloudShell,123412340534,,,,,,,,2.831e-7,GB,,5M432xxxxxxBTWAT,5M4327XEUKBBTxxx.xxxxxxxxxx.xxx6EN2CT7,0.09,2.5479e-8,2.831e-7,GB
2023-11-05T18:00:00.000+0000,2023-11-05T19:00:00.000+0000,Recurring,$0.000 per GB - data transfer out under the monthly global free tier,Usage,2023-11-01T00:00:00.000+0000,2023-12-01T00:00:00.000+0000,AWS,"Amazon Web Services Canada, Inc.","Amazon Web Services Canada, Inc.",123412340534,0.0,USD,0.0,us-west-2,Integration,AmazonSNS,123412340534,,,,,,,,1.453e-7,GB,,5M432xxxxxxBTWAT,5M4327XEUKBBTxxx.xxxxxxxxxx.xxx6EN2CT7,0.09,1.3077e-8,1.453e-7,GB
2023-11-05T18:00:00.000+0000,2023-11-05T19:00:00.000+0000,Recurring,$0.000 per GB - data transfer out under the monthly global free tier,Usage,2023-11-01T00:00:00.000+0000,2023-12-01T00:00:00.000+0000,AWS,"Amazon Web Services Canada, Inc.","Amazon Web Services Canada, Inc.",123412340534,0.0,USD,0.0,us-west-2,Integration,AWSQueueService,123412340534,,,,,,,,2.626e-7,GB,,5M432xxxxxxBTWAT,5M4327XEUKBBTxxx.xxxxxxxxxx.xxx6EN2CT7,0.09,2.3634e-8,2.626e-7,GB
2023-11-05T18:00:00.000+0000,2023-11-05T19:00:00.000+0000,Recurring,$0.000 per GB - data transfer out under the monthly global free tier,Usage,2023-11-01T00:00:00.000+0000,2023-12-01T00:00:00.000+0000,AWS,"Amazon Web Services Canada, Inc.","Amazon Web Services Canada, Inc.",123412340534,0.0,USD,0.0,us-west-2,Integration,AWSQueueService,123412340534,,,,,,,,0.0000218768,GB,,5M432xxxxxxBTWAT,5M4327XEUKBBTxxx.xxxxxxxxxx.xxx6EN2CT7,0.09,1.968912e-6,0.0000218768,GB
2023-11-05T00:00:00.000+0000,2023-11-05T01:00:00.000+0000,Recurring,$0.000 per GB - data transfer out under the monthly global free tier,Usage,2023-11-01T00:00:00.000+0000,2023-12-01T00:00:00.000+0000,AWS,"Amazon Web Services Canada, Inc.","Amazon Web Services Canada, Inc.",123412340534,0.0,USD,0.0,us-west-2,Storage,AmazonS3,123412340534,,,,,,,,1.276e-6,GB,,5M432xxxxxxBTWAT,5M4327XEUKBBTxxx.xxxxxxxxxx.xxx6EN2CT7,0.09,1.1483999999999999e-7,1.276e-6,GB
2023-11-07T22:00:00.000+0000,2023-11-07T23:00:00.000+0000,Recurring,$0.000 per GB - data transfer out under the monthly global free tier,Usage,2023-11-01T00:00:00.000+0000,2023-12-01T00:00:00.000+0000,AWS,"Amazon Web Services Canada, Inc.","Amazon Web Services Canada, Inc.",123412340534,0.0,USD,0.0,us-west-2,Storage,AmazonS3,123412340534,,,,,,,,2.7157e-6,GB,,5M432xxxxxxBTWAT,5M4327XEUKBBTxxx.xxxxxxxxxx.xxx6EN2CT7,0.09,2.44413e-7,2.7157e-6,GB
2023-11-08T01:00:00.000+0000,2023-11-08T17:00:00.000+0000,Recurring,$0.000 per GB - data transfer out under the monthly global free tier,Usage,2023-11-01T00:00:00.000+0000,2023-12-01T00:00:00.000+0000,AWS,"Amazon Web Services Canada, Inc.","Amazon Web Services Canada, Inc.",123412340534,0.0,USD,0.0,us-west-2,Storage,AmazonS3,123412340534,,,,,,,,1.3635e-6,GB,,5M432xxxxxxBTWAT,5M4327XEUKBBTxxx.xxxxxxxxxx.xxx6EN2CT7,0.09,1.22715e-7,1.3635e-6,GB
2023-11-11T04:00:00.000+0000,2023-11-11T05:00:00.000+0000,Recurring,$0.000 per GB - data transfer out under the monthly global free tier,Usage,2023-11-01T00:00:00.000+0000,2023-12-01T00:00:00.000+0000,AWS,"Amazon Web Services Canada, Inc.","Amazon Web Services Canada, Inc.",123412340534,0.0,USD,0.0,us-west-2,Storage,AmazonS3,123412340534,,,,,,,,1.3746e-6,GB,,5M432xxxxxxBTWAT,5M4327XEUKBBTxxx.xxxxxxxxxx.xxx6EN2CT7,0.09,1.23714e-7,1.3746e-6,GB
2023-11-12T19:00:00.000+0000,2023-11-12T20:00:00.000+0000,Recurring,$0.000 per GB - data transfer out under the monthly global free tier,Usage,2023-11-01T00:00:00.000+0000,2023-12-01T00:00:00.000+0000,AWS,"Amazon Web Services Canada, Inc.","Amazon Web Services Canada, Inc.",123412340534,0.0,USD,0.0,us-west-2,Storage,AmazonS3,123412340534,,,,,,,,0.0015406329,GB,,5M432xxxxxxBTWAT,5M4327XEUKBBTxxx.xxxxxxxxxx.xxx6EN2CT7,0.09,0.000138656961,0.0015406329,GB
2023-11-12T18:00:00.000+0000,2023-11-12T19:00:00.000+0000,Recurring,$0.000 per GB - data transfer out under the monthly global free tier,Usage,2023-11-01T00:00:00.000+0000,2023-12-01T00:00:00.000+0000,AWS,"Amazon Web Services Canada, Inc.","Amazon Web Services Canada, Inc.",123412340534,0.0,USD,0.0,us-west-2,Storage,AmazonS3,123412340534,,,,,,,,2.0228e-6,GB,,5M432xxxxxxBTWAT,5M4327XEUKBBTxxx.xxxxxxxxxx.xxx6EN2CT7,0.09,1.82052e-7,2.0228e-6,GB
2023-11-06T04:00:00.000+0000,2023-11-06T05:00:00.000+0000,Recurring,$0.02 per GB - Canada (Central) data transfer to US East (Ohio),Usage,2023-11-01T00:00:00.000+0000,2023-12-01T00:00:00.000+0000,AWS,"Amazon Web Services Canada, Inc.","Amazon Web Services Canada, Inc.",123412340534,2.6e-9,USD,2.6e-9,ca-central-1,Storage,AmazonS3,123412340534,,,,,,,,1.304e-7,GB,,5MES9xxxxxxA2KUH,5MES9BAWD44A2xxx.xxxxxxxxxx.xxx6EN2CT7,0.02,2.608e-9,1.304e-7,GB
2023-11-07T05:00:00.000+0000,2023-11-07T06:00:00.000+0000,Recurring,$0.02 per GB - Canada (Central) data transfer to US East (Ohio),Usage,2023-11-01T00:00:00.000+0000,2023-12-01T00:00:00.000+0000,AWS,"Amazon Web Services Canada, Inc.","Amazon Web Services Canada, Inc.",123412340534,8.9e-9,USD,8.9e-9,ca-central-1,Storage,AmazonS3,123412340534,,,,,,,,4.47e-7,GB,,5MES9xxxxxxA2KUH,5MES9BAWD44A2xxx.xxxxxxxxxx.xxx6EN2CT7,0.02,8.940000000000001e-9,4.47e-7,GB
2023-11-11T04:00:00.000+0000,2023-11-11T05:00:00.000+0000,Recurring,$0.02 per GB - Canada (Central) data transfer to US East (Ohio),Usage,2023-11-01T00:00:00.000+0000,2023-12-01T00:00:00.000+0000,AWS,"Amazon Web Services Canada, Inc.","Amazon Web Services Canada, Inc.",123412340534,7.8e-9,USD,7.8e-9,ca-central-1,Storage,AmazonS3,123412340534,,,,,,,,3.912e-7,GB,,5MES9xxxxxxA2KUH,5MES9BAWD44A2xxx.xxxxxxxxxx.xxx6EN2CT7,0.02,7.824000000000001e-9,3.912e-7,GB
2023-11-01T00:00:00.000+0000,2023-11-02T00:00:00.000+0000,Recurring,First 3 Dashboards per month are free.,Usage,2023-11-01T00:00:00.000+0000,2023-12-01T00:00:00.000+0000,AWS,"Amazon Web Services Canada, Inc.","Amazon Web Services Canada, Inc.",123412340534,0.0,USD,0.0,global,Management and Governance,AmazonCloudWatch,123412340534,,,,,,,,0.0666666672,Dashboards,,5P8PBxxxxxx25TDC,5P8PBB6MXV325xxx.xxxxxxxxxx.xxx6EN2CT7,3.0,0.2000000016,0.0666666672,Dashboards
2023-11-02T00:00:00.000+0000,2023-11-03T00:00:00.000+0000,Recurring,First 3 Dashboards per month are free.,Usage,2023-11-01T00:00:00.000+0000,2023-12-01T00:00:00.000+0000,AWS,"Amazon Web Services Canada, Inc.","Amazon Web Services Canada, Inc.",123412340534,0.0,USD,0.0,global,Management and Governance,AmazonCloudWatch,123412340534,,,,,,,,0.0666666672,Dashboards,,5P8PBxxxxxx25TDC,5P8PBB6MXV325xxx.xxxxxxxxxx.xxx6EN2CT7,3.0,0.2000000016,0.0666666672,Dashboards
2023-11-03T00:00:00.000+0000,2023-11-04T00:00:00.000+0000,Recurring,First 3 Dashboards per month are free.,Usage,2023-11-01T00:00:00.000+0000,2023-12-01T00:00:00.000+0000,AWS,"Amazon Web Services Canada, Inc.","Amazon Web Services Canada, Inc.",123412340534,0.0,USD,0.0,global,Management and Governance,AmazonCloudWatch,123412340534,,,,,,,,0.0666666672,Dashboards,,5P8PBxxxxxx25TDC,5P8PBB6MXV325xxx.xxxxxxxxxx.xxx6EN2CT7,3.0,0.2000000016,0.0666666672,Dashboards
2023-11-04T00:00:00.000+0000,2023-11-05T00:00:00.000+0000,Recurring,First 3 Dashboards per month are free.,Usage,2023-11-01T00:00:00.000+0000,2023-12-01T00:00:00.000+0000,AWS,"Amazon Web Services Canada, Inc.","Amazon Web Services Canada, Inc.",123412340534,0.0,USD,0.0,global,Management and Governance,AmazonCloudWatch,123412340534,,,,,,,,0.0666666672,Dashboards,,5P8PBxxxxxx25TDC,5P8PBB6MXV325xxx.xxxxxxxxxx.xxx6EN2CT7,3.0,0.2000000016,0.0666666672,Dashboards
2023-11-05T00:00:00.000+0000,2023-11-06T00:00:00.000+0000,Recurring,First 3 Dashboards per month are free.,Usage,2023-11-01T00:00:00.000+0000,2023-12-01T00:00:00.000+0000,AWS,"Amazon Web Services Canada, Inc.","Amazon Web Services Canada, Inc.",123412340534,0.0,USD,0.0,global,Management and Governance,AmazonCloudWatch,123412340534,,,,,,,,0.0402777781,Dashboards,,5P8PBxxxxxx25TDC,5P8PBB6MXV325xxx.xxxxxxxxxx.xxx6EN2CT7,3.0,0.12083333430000001,0.0402777781,Dashboards
2023-11-06T00:00:00.000+0000,2023-11-07T00:00:00.000+0000,Recurring,First 3 Dashboards per month are free.,Usage,2023-11-01T00:00:00.000+0000,2023-12-01T00:00:00.000+0000,AWS,"Amazon Web Services Canada, Inc.","Amazon Web Services Canada, Inc.",123412340534,0.0,USD,0.0,global,Management and Governance,AmazonCloudWatch,123412340534,,,,,,,,0.0333333336,Dashboards,,5P8PBxxxxxx25TDC,5P8PBB6MXV325xxx.xxxxxxxxxx.xxx6EN2CT7,3.0,0.1000000008,0.0333333336,Dashboards
2023-11-07T00:00:00.000+0000,2023-11-08T00:00:00.000+0000,Recurring,First 3 Dashboards per month are free.,Usage,2023-11-01T00:00:00.000+0000,2023-12-01T00:00:00.000+0000,AWS,"Amazon Web Services Canada, Inc.","Amazon Web Services Canada, Inc.",123412340534,0.0,USD,0.0,global,Management and Governance,AmazonCloudWatch,123412340534,,,,,,,,0.0333333336,Dashboards,,5P8PBxxxxxx25TDC,5P8PBB6MXV325xxx.xxxxxxxxxx.xxx6EN2CT7,3.0,0.1000000008,0.0333333336,Dashboards
2023-11-08T00:00:00.000+0000,2023-11-09T00:00:00.000+0000,Recurring,First 3 Dashboards per month are free.,Usage,2023-11-01T00:00:00.000+0000,2023-12-01T00:00:00.000+0000,AWS,"Amazon Web Services Canada, Inc.","Amazon Web Services Canada, Inc.",123412340534,0.0,USD,0.0,global,Management and Governance,AmazonCloudWatch,123412340534,,,,,,,,0.0333333336,Dashboards,,5P8PBxxxxxx25TDC,5P8PBB6MXV325xxx.xxxxxxxxxx.xxx6EN2CT7,3.0,0.1000000008,0.0333333336,Dashboards
2023-11-09T00:00:00.000+0000,2023-11-10T00:00:00.000+0000,Recurring,First 3 Dashboards per month are free.,Usage,2023-11-01T00:00:00.000+0000,2023-12-01T00:00:00.000+0000,AWS,"Amazon Web Services Canada, Inc.","Amazon Web Services Canada, Inc.",123412340534,0.0,USD,0.0,global,Management and Governance,AmazonCloudWatch,123412340534,,,,,,,,0.0333333336,Dashboards,,5P8PBxxxxxx25TDC,5P8PBB6MXV325xxx.xxxxxxxxxx.xxx6EN2CT7,3.0,0.1000000008,0.0333333336,Dashboards
2023-11-10T00:00:00.000+0000,2023-11-11T00:00:00.000+0000,Recurring,First 3 Dashboards per month are free.,Usage,2023-11-01T00:00:00.000+0000,2023-12-01T00:00:00.000+0000,AWS,"Amazon Web Services Canada, Inc.","Amazon Web Services Canada, Inc.",123412340534,0.0,USD,0.0,global,Management and Governance,AmazonCloudWatch,123412340534,,,,,,,,0.0333333336,Dashboards,,5P8PBxxxxxx25TDC,5P8PBB6MXV325xxx.xxxxxxxxxx.xxx6EN2CT7,3.0,0.1000000008,0.0333333336,Dashboards
2023-11-11T00:00:00.000+0000,2023-11-12T00:00:00.000+0000,Recurring,First 3 Dashboards per month are free.,Usage,2023-11-01T00:00:00.000+0000,2023-12-01T00:00:00.000+0000,AWS,"Amazon Web Services Canada, Inc.","Amazon Web Services Canada, Inc.",123412340534,0.0,USD,0.0,global,Management and Governance,AmazonCloudWatch,123412340534,,,,,,,,0.0333333336,Dashboards,,5P8PBxxxxxx25TDC,5P8PBB6MXV325xxx.xxxxxxxxxx.xxx6EN2CT7,3.0,0.1000000008,0.0333333336,Dashboards
2023-11-12T00:00:00.000+0000,2023-11-13T00:00:00.000+0000,Recurring,First 3 Dashboards per month are free.,Usage,2023-11-01T00:00:00.000+0000,2023-12-01T00:00:00.000+0000,AWS,"Amazon Web Services Canada, Inc.","Amazon Web Services Canada, Inc.",123412340534,0.0,USD,0.0,global,Management and Governance,AmazonCloudWatch,123412340534,,,,,,,,0.0333333336,Dashboards,,5P8PBxxxxxx25TDC,5P8PBB6MXV325xxx.xxxxxxxxxx.xxx6EN2CT7,3.0,0.1000000008,0.0333333336,Dashboards
2023-11-13T00:00:00.000+0000,2023-11-14T00:00:00.000+0000,Recurring,First 3 Dashboards per month are free.,Usage,2023-11-01T00:00:00.000+0000,2023-12-01T00:00:00.000+0000,AWS,"Amazon Web Services Canada, Inc.","Amazon Web Services Canada, Inc.",123412340534,0.0,USD,0.0,global,Management and Governance,AmazonCloudWatch,123412340534,,,,,,,,0.0333333336,Dashboards,,5P8PBxxxxxx25TDC,5P8PBB6MXV325xxx.xxxxxxxxxx.xxx6EN2CT7,3.0,0.1000000008,0.0333333336,Dashboards
2023-11-14T00:00:00.000+0000,2023-11-14T03:00:00.000+0000,Recurring,First 3 Dashboards per month are free.,Usage,2023-11-01T00:00:00.000+0000,2023-12-01T00:00:00.000+0000,AWS,"Amazon Web Services Canada, Inc.","Amazon Web Services Canada, Inc.",123412340534,0.0,USD,0.0,global,Management and Governance,AmazonCloudWatch,123412340534,,,,,,,,0.0041666667,Dashboards,,5P8PBxxxxxx25TDC,5P8PBB6MXV325xxx.xxxxxxxxxx.xxx6EN2CT7,3.0,0.0125000001,0.0041666667,Dashboards
2023-11-04T23:00:00.000+0000,2023-11-05T00:00:00.000+0000,Recurring,"First 1,000,000 Amazon SQS Requests per month are free",Usage,2023-11-01T00:00:00.000+0000,2023-12-01T00:00:00.000+0000,AWS,"Amazon Web Services Canada, Inc.","Amazon Web Services Canada, Inc.",123412340534,0.0,USD,0.0,ap-northeast-1,Integration,AWSQueueService,123412340534,,,,,,,,1.0,Requests,,5Q2SBxxxxxxERHBD,5Q2SBURHPCGERxxx.xxxxxxxxxx.xxx6EN2CT7,4e-7,4e-7,1.0,Requests
2023-11-07T23:00:00.000+0000,2023-11-08T00:00:00.000+0000,Recurring,"First 1,000,000 Amazon SQS Requests per month are free",Usage,2023-11-01T00:00:00.000+0000,2023-12-01T00:00:00.000+0000,AWS,"Amazon Web Services Canada, Inc.","Amazon Web Services Canada, Inc.",123412340534,0.0,USD,0.0,ap-northeast-1,Integration,AWSQueueService,123412340534,,,,,,,,1.0,Requests,,5Q2SBxxxxxxERHBD,5Q2SBURHPCGERxxx.xxxxxxxxxx.xxx6EN2CT7,4e-7,4e-7,1.0,Requests
2023-11-12T23:00:00.000+0000,2023-11-13T00:00:00.000+0000,Recurring,"First 1,000,000 Amazon SQS Requests per month are free",Usage,2023-11-01T00:00:00.000+0000,2023-12-01T00:00:00.000+0000,AWS,"Amazon Web Services Canada, Inc.","Amazon Web Services Canada, Inc.",123412340534,0.0,USD,0.0,ap-northeast-1,Integration,AWSQueueService,123412340534,,,,,,,,1.0,Requests,,5Q2SBxxxxxxERHBD,5Q2SBURHPCGERxxx.xxxxxxxxxx.xxx6EN2CT7,4e-7,4e-7,1.0,Requests
2023-11-07T05:00:00.000+0000,2023-11-07T06:00:00.000+0000,Recurring,$0.00 per GB - Canada (Central) data transfer from Europe (Zurich),Usage,2023-11-01T00:00:00.000+0000,2023-12-01T00:00:00.000+0000,AWS,"Amazon Web Services Canada, Inc.","Amazon Web Services Canada, Inc.",123412340534,0.0,USD,0.0,ca-central-1,Storage,AmazonS3,123412340534,,,,,,,,9.984e-7,GB,,5RTKCxxxxxxS78S7,5RTKCCT3BSSS7xxx.xxxxxxxxxx.xxx6EN2CT7,0.0,0.0,9.984e-7,GB
2023-11-04T23:00:00.000+0000,2023-11-05T00:00:00.000+0000,Recurring,"First 1,000,000 Amazon SQS Requests per month are free",Usage,2023-11-01T00:00:00.000+0000,2023-12-01T00:00:00.000+0000,AWS,"Amazon Web Services Canada, Inc.","Amazon Web Services Canada, Inc.",123412340534,0.0,USD,0.0,ap-northeast-2,Integration,AWSQueueService,123412340534,,,,,,,,1.0,Requests,,5Y72GxxxxxxK6HZD,5Y72GBZYEX3K6xxx.xxxxxxxxxx.xxx6EN2CT7,4e-7,4e-7,1.0,Requests
2023-11-10T11:00:00.000+0000,2023-11-10T12:00:00.000+0000,Recurring,"First 1,000,000 Amazon SQS Requests per month are free",Usage,2023-11-01T00:00:00.000+0000,2023-12-01T00:00:00.000+0000,AWS,"Amazon Web Services Canada, Inc.","Amazon Web Services Canada, Inc.",123412340534,0.0,USD,0.0,ap-northeast-2,Integration,AWSQueueService,123412340534,,,,,,,,1.0,Requests,,5Y72GxxxxxxK6HZD,5Y72GBZYEX3K6xxx.xxxxxxxxxx.xxx6EN2CT7,4e-7,4e-7,1.0,Requests
2023-11-01T17:00:00.000+0000,2023-11-01T18:00:00.000+0000,Recurring,$0.00 per request - Monthly Global Free Tier for KMS requests,Usage,2023-11-01T00:00:00.000+0000,2023-12-01T00:00:00.000+0000,AWS,"Amazon Web Services Canada, Inc.","Amazon Web Services Canada, Inc.",123412340534,0.0,USD,0.0,ca-central-1,Security,awskms,123412340534,,,,,,,,4.0,Requests,,5Y7QSxxxxxxZBNBG,5Y7QS22JD2KZBxxx.xxxxxxxxxx.xxx6EN2CT7,3e-6,0.000012,4.0,Requests
2023-11-01T17:00:00.000+0000,2023-11-01T18:00:00.000+0000,Recurring,$0.00 per request - Monthly Global Free Tier for KMS requests,Usage,2023-11-01T00:00:00.000+0000,2023-12-01T00:00:00.000+0000,AWS,"Amazon Web Services Canada, Inc.","Amazon Web Services Canada, Inc.",123412340534,0.0,USD,0.0,ca-central-1,Security,awskms,123412340534,,,,,,,,1.0,Requests,,5Y7QSxxxxxxZBNBG,5Y7QS22JD2KZBxxx.xxxxxxxxxx.xxx6EN2CT7,3e-6,3e-6,1.0,Requests
2023-11-02T17:00:00.000+0000,2023-11-02T18:00:00.000+0000,Recurring,$0.00 per request - Monthly Global Free Tier for KMS requests,Usage,2023-11-01T00:00:00.000+0000,2023-12-01T00:00:00.000+0000,AWS,"Amazon Web Services Canada, Inc.","Amazon Web Services Canada, Inc.",123412340534,0.0,USD,0.0,ca-central-1,Security,awskms,123412340534,,,,,,,,4.0,Requests,,5Y7QSxxxxxxZBNBG,5Y7QS22JD2KZBxxx.xxxxxxxxxx.xxx6EN2CT7,3e-6,0.000012,4.0,Requests
2023-11-02T17:00:00.000+0000,2023-11-02T18:00:00.000+0000,Recurring,$0.00 per request - Monthly Global Free Tier for KMS requests,Usage,2023-11-01T00:00:00.000+0000,2023-12-01T00:00:00.000+0000,AWS,"Amazon Web Services Canada, Inc.","Amazon Web Services Canada, Inc.",123412340534,0.0,USD,0.0,ca-central-1,Security,awskms,123412340534,,,,,,,,1.0,Requests,,5Y7QSxxxxxxZBNBG,5Y7QS22JD2KZBxxx.xxxxxxxxxx.xxx6EN2CT7,3e-6,3e-6,1.0,Requests
2023-11-03T17:00:00.000+0000,2023-11-03T18:00:00.000+0000,Recurring,$0.00 per request - Monthly Global Free Tier for KMS requests,Usage,2023-11-01T00:00:00.000+0000,2023-12-01T00:00:00.000+0000,AWS,"Amazon Web Services Canada, Inc.","Amazon Web Services Canada, Inc.",123412340534,0.0,USD,0.0,ca-central-1,Security,awskms,123412340534,,,,,,,,4.0,Requests,,5Y7QSxxxxxxZBNBG,5Y7QS22JD2KZBxxx.xxxxxxxxxx.xxx6EN2CT7,3e-6,0.000012,4.0,Requests
2023-11-03T17:00:00.000+0000,2023-11-03T18:00:00.000+0000,Recurring,$0.00 per request - Monthly Global Free Tier for KMS requests,Usage,2023-11-01T00:00:00.000+0000,2023-12-01T00:00:00.000+0000,AWS,"Amazon Web Services Canada, Inc.","Amazon Web Services Canada, Inc.",123412340534,0.0,USD,0.0,ca-central-1,Security,awskms,123412340534,,,,,,,,1.0,Requests,,5Y7QSxxxxxxZBNBG,5Y7QS22JD2KZBxxx.xxxxxxxxxx.xxx6EN2CT7,3e-6,3e-6,1.0,Requests
2023-11-04T17:00:00.000+0000,2023-11-04T18:00:00.000+0000,Recurring,$0.00 per request - Monthly Global Free Tier for KMS requests,Usage,2023-11-01T00:00:00.000+0000,2023-12-01T00:00:00.000+0000,AWS,"Amazon Web Services Canada, Inc.","Amazon Web Services Canada, Inc.",123412340534,0.0,USD,0.0,ca-central-1,Security,awskms,123412340534,,,,,,,,4.0,Requests,,5Y7QSxxxxxxZBNBG,5Y7QS22JD2KZBxxx.xxxxxxxxxx.xxx6EN2CT7,3e-6,0.000012,4.0,Requests
2023-11-04T17:00:00.000+0000,2023-11-04T18:00:00.000+0000,Recurring,$0.00 per request - Monthly Global Free Tier for KMS requests,Usage,2023-11-01T00:00:00.000+0000,2023-12-01T00:00:00.000+0000,AWS,"Amazon Web Services Canada, Inc.","Amazon Web Services Canada, Inc.",123412340534,0.0,USD,0.0,ca-central-1,Security,awskms,123412340534,,,,,,,,1.0,Requests,,5Y7QSxxxxxxZBNBG,5Y7QS22JD2KZBxxx.xxxxxxxxxx.xxx6EN2CT7,3e-6,3e-6,1.0,Requests
2023-11-05T17:00:00.000+0000,2023-11-05T18:00:00.000+0000,Recurring,$0.00 per request - Monthly Global Free Tier for KMS requests,Usage,2023-11-01T00:00:00.000+0000,2023-12-01T00:00:00.000+0000,AWS,"Amazon Web Services Canada, Inc.","Amazon Web Services Canada, Inc.",123412340534,0.0,USD,0.0,ca-central-1,Security,awskms,123412340534,,,,,,,,4.0,Requests,,5Y7QSxxxxxxZBNBG,5Y7QS22JD2KZBxxx.xxxxxxxxxx.xxx6EN2CT7,3e-6,0.000012,4.0,Requests
2023-11-05T17:00:00.000+0000,2023-11-05T18:00:00.000+0000,Recurring,$0.00 per request - Monthly Global Free Tier for KMS requests,Usage,2023-11-01T00:00:00.000+0000,2023-12-01T00:00:00.000+0000,AWS,"Amazon Web Services Canada, Inc.","Amazon Web Services Canada, Inc.",123412340534,0.0,USD,0.0,ca-central-1,Security,awskms,123412340534,,,,,,,,1.0,Requests,,5Y7QSxxxxxxZBNBG,5Y7QS22JD2KZBxxx.xxxxxxxxxx.xxx6EN2CT7,3e-6,3e-6,1.0,Requests
2023-11-06T17:00:00.000+0000,2023-11-06T18:00:00.000+0000,Recurring,$0.00 per request - Monthly Global Free Tier for KMS requests,Usage,2023-11-01T00:00:00.000+0000,2023-12-01T00:00:00.000+0000,AWS,"Amazon Web Services Canada, Inc.","Amazon Web Services Canada, Inc.",123412340534,0.0,USD,0.0,ca-central-1,Security,awskms,123412340534,,,,,,,,4.0,Requests,,5Y7QSxxxxxxZBNBG,5Y7QS22JD2KZBxxx.xxxxxxxxxx.xxx6EN2CT7,3e-6,0.000012,4.0,Requests
2023-11-06T17:00:00.000+0000,2023-11-06T18:00:00.000+0000,Recurring,$0.00 per request - Monthly Global Free Tier for KMS requests,Usage,2023-11-01T00:00:00.000+0000,2023-12-01T00:00:00.000+0000,AWS,"Amazon Web Services Canada, Inc.","Amazon Web Services Canada, Inc.",123412340534,0.0,USD,0.0,ca-central-1,Security,awskms,123412340534,,,,,,,,1.0,Requests,,5Y7QSxxxxxxZBNBG,5Y7QS22JD2KZBxxx.xxxxxxxxxx.xxx6EN2CT7,3e-6,3e-6,1.0,Requests
2023-11-07T04:00:00.000+0000,2023-11-07T05:00:00.000+0000,Recurring,$0.00 per request - Monthly Global Free Tier for KMS requests,Usage,2023-11-01T00:00:00.000+0000,2023-12-01T00:00:00.000+0000,AWS,"Amazon Web Services Canada, Inc.","Amazon Web Services Canada, Inc.",123412340534,0.0,USD,0.0,ca-central-1,Security,awskms,123412340534,,,,,,,,1.0,Requests,,5Y7QSxxxxxxZBNBG,5Y7QS22JD2KZBxxx.xxxxxxxxxx.xxx6EN2CT7,3e-6,3e-6,1.0,Requests
2023-11-07T04:00:00.000+0000,2023-11-07T05:00:00.000+0000,Recurring,$0.00 per request - Monthly Global Free Tier for KMS requests,Usage,2023-11-01T00:00:00.000+0000,2023-12-01T00:00:00.000+0000,AWS,"Amazon Web Services Canada, Inc.","Amazon Web Services Canada, Inc.",123412340534,0.0,USD,0.0,ca-central-1,Security,awskms,123412340534,,,,,,,,1.0,Requests,,5Y7QSxxxxxxZBNBG,5Y7QS22JD2KZBxxx.xxxxxxxxxx.xxx6EN2CT7,3e-6,3e-6,1.0,Requests
2023-11-07T05:00:00.000+0000,2023-11-07T06:00:00.000+0000,Recurring,$0.00 per request - Monthly Global Free Tier for KMS requests,Usage,2023-11-01T00:00:00.000+0000,2023-12-01T00:00:00.000+0000,AWS,"Amazon Web Services Canada, Inc.","Amazon Web Services Canada, Inc.",123412340534,0.0,USD,0.0,ca-central-1,Security,awskms,123412340534,,,,,,,,7.0,Requests,,5Y7QSxxxxxxZBNBG,5Y7QS22JD2KZBxxx.xxxxxxxxxx.xxx6EN2CT7,3e-6,0.000021000000000000002,7.0,Requests
2023-11-07T04:00:00.000+0000,2023-11-07T18:00:00.000+0000,Recurring,$0.00 per request - Monthly Global Free Tier for KMS requests,Usage,2023-11-01T00:00:00.000+0000,2023-12-01T00:00:00.000+0000,AWS,"Amazon Web Services Canada, Inc.","Amazon Web Services Canada, Inc.",123412340534,0.0,USD,0.0,ca-central-1,Security,awskms,123412340534,,,,,,,,6.0,Requests,,5Y7QSxxxxxxZBNBG,5Y7QS22JD2KZBxxx.xxxxxxxxxx.xxx6EN2CT7,3e-6,0.000018,6.0,Requests
2023-11-07T04:00:00.000+0000,2023-11-07T18:00:00.000+0000,Recurring,$0.00 per request - Monthly Global Free Tier for KMS requests,Usage,2023-11-01T00:00:00.000+0000,2023-12-01T00:00:00.000+0000,AWS,"Amazon Web Services Canada, Inc.","Amazon Web Services Canada, Inc.",123412340534,0.0,USD,0.0,ca-central-1,Security,awskms,123412340534,,,,,,,,2.0,Requests,,5Y7QSxxxxxxZBNBG,5Y7QS22JD2KZBxxx.xxxxxxxxxx.xxx6EN2CT7,3e-6,6e-6,2.0,Requests
2023-11-07T04:00:00.000+0000,2023-11-07T18:00:00.000+0000,Recurring,$0.00 per request - Monthly Global Free Tier for KMS requests,Usage,2023-11-01T00:00:00.000+0000,2023-12-01T00:00:00.000+0000,AWS,"Amazon Web Services Canada, Inc.","Amazon Web Services Canada, Inc.",123412340534,0.0,USD,0.0,ca-central-1,Security,awskms,123412340534,,,,,,,,2.0,Requests,,5Y7QSxxxxxxZBNBG,5Y7QS22JD2KZBxxx.xxxxxxxxxx.xxx6EN2CT7,3e-6,6e-6,2.0,Requests
2023-11-07T05:00:00.000+0000,2023-11-07T18:00:00.000+0000,Recurring,$0.00 per request - Monthly Global Free Tier for KMS requests,Usage,2023-11-01T00:00:00.000+0000,2023-12-01T00:00:00.000+0000,AWS,"Amazon Web Services Canada, Inc.","Amazon Web Services Canada, Inc.",123412340534,0.0,USD,0.0,ca-central-1,Security,awskms,123412340534,,,,,,,,2.0,Requests,,5Y7QSxxxxxxZBNBG,5Y7QS22JD2KZBxxx.xxxxxxxxxx.xxx6EN2CT7,3e-6,6e-6,2.0,Requests
2023-11-08T17:00:00.000+0000,2023-11-08T18:00:00.000+0000,Recurring,$0.00 per request - Monthly Global Free Tier for KMS requests,Usage,2023-11-01T00:00:00.000+0000,2023-12-01T00:00:00.000+0000,AWS,"Amazon Web Services Canada, Inc.","Amazon Web Services Canada, Inc.",123412340534,0.0,USD,0.0,ca-central-1,Security,awskms,123412340534,,,,,,,,5.0,Requests,,5Y7QSxxxxxxZBNBG,5Y7QS22JD2KZBxxx.xxxxxxxxxx.xxx6EN2CT7,3e-6,0.000015,5.0,Requests
2023-11-08T17:00:00.000+0000,2023-11-08T18:00:00.000+0000,Recurring,$0.00 per request - Monthly Global Free Tier for KMS requests,Usage,2023-11-01T00:00:00.000+0000,2023-12-01T00:00:00.000+0000,AWS,"Amazon Web Services Canada, Inc.","Amazon Web Services Canada, Inc.",123412340534,0.0,USD,0.0,ca-central-1,Security,awskms,123412340534,,,,,,,,1.0,Requests,,5Y7QSxxxxxxZBNBG,5Y7QS22JD2KZBxxx.xxxxxxxxxx.xxx6EN2CT7,3e-6,3e-6,1.0,Requests
2023-11-08T17:00:00.000+0000,2023-11-08T18:00:00.000+0000,Recurring,$0.00 per request - Monthly Global Free Tier for KMS requests,Usage,2023-11-01T00:00:00.000+0000,2023-12-01T00:00:00.000+0000,AWS,"Amazon Web Services Canada, Inc.","Amazon Web Services Canada, Inc.",123412340534,0.0,USD,0.0,ca-central-1,Security,awskms,123412340534,,,,,,,,1.0,Requests,,5Y7QSxxxxxxZBNBG,5Y7QS22JD2KZBxxx.xxxxxxxxxx.xxx6EN2CT7,3e-6,3e-6,1.0,Requests
2023-11-08T17:00:00.000+0000,2023-11-08T18:00:00.000+0000,Recurring,$0.00 per request - Monthly Global Free Tier for KMS requests,Usage,2023-11-01T00:00:00.000+0000,2023-12-01T00:00:00.000+0000,AWS,"Amazon Web Services Canada, Inc.","Amazon Web Services Canada, Inc.",123412340534,0.0,USD,0.0,ca-central-1,Security,awskms,123412340534,,,,,,,,1.0,Requests,,5Y7QSxxxxxxZBNBG,5Y7QS22JD2KZBxxx.xxxxxxxxxx.xxx6EN2CT7,3e-6,3e-6,1.0,Requests
2023-11-09T17:00:00.000+0000,2023-11-09T18:00:00.000+0000,Recurring,$0.00 per request - Monthly Global Free Tier for KMS requests,Usage,2023-11-01T00:00:00.000+0000,2023-12-01T00:00:00.000+0000,AWS,"Amazon Web Services Canada, Inc.","Amazon Web Services Canada, Inc.",123412340534,0.0,USD,0.0,ca-central-1,Security,awskms,123412340534,,,,,,,,5.0,Requests,,5Y7QSxxxxxxZBNBG,5Y7QS22JD2KZBxxx.xxxxxxxxxx.xxx6EN2CT7,3e-6,0.000015,5.0,Requests
2023-11-09T17:00:00.000+0000,2023-11-09T18:00:00.000+0000,Recurring,$0.00 per request - Monthly Global Free Tier for KMS requests,Usage,2023-11-01T00:00:00.000+0000,2023-12-01T00:00:00.000+0000,AWS,"Amazon Web Services Canada, Inc.","Amazon Web Services Canada, Inc.",123412340534,0.0,USD,0.0,ca-central-1,Security,awskms,123412340534,,,,,,,,1.0,Requests,,5Y7QSxxxxxxZBNBG,5Y7QS22JD2KZBxxx.xxxxxxxxxx.xxx6EN2CT7,3e-6,3e-6,1.0,Requests
2023-11-09T17:00:00.000+0000,2023-11-09T18:00:00.000+0000,Recurring,$0.00 per request - Monthly Global Free Tier for KMS requests,Usage,2023-11-01T00:00:00.000+0000,2023-12-01T00:00:00.000+0000,AWS,"Amazon Web Services Canada, Inc.","Amazon Web Services Canada, Inc.",123412340534,0.0,USD,0.0,ca-central-1,Security,awskms,123412340534,,,,,,,,1.0,Requests,,5Y7QSxxxxxxZBNBG,5Y7QS22JD2KZBxxx.xxxxxxxxxx.xxx6EN2CT7,3e-6,3e-6,1.0,Requests
2023-11-09T17:00:00.000+0000,2023-11-09T18:00:00.000+0000,Recurring,$0.00 per request - Monthly Global Free Tier for KMS requests,Usage,2023-11-01T00:00:00.000+0000,2023-12-01T00:00:00.000+0000,AWS,"Amazon Web Services Canada, Inc.","Amazon Web Services Canada, Inc.",123412340534,0.0,USD,0.0,ca-central-1,Security,awskms,123412340534,,,,,,,,1.0,Requests,,5Y7QSxxxxxxZBNBG,5Y7QS22JD2KZBxxx.xxxxxxxxxx.xxx6EN2CT7,3e-6,3e-6,1.0,Requests
2023-11-10T17:00:00.000+0000,2023-11-10T18:00:00.000+0000,Recurring,$0.00 per request - Monthly Global Free Tier for KMS requests,Usage,2023-11-01T00:00:00.000+0000,2023-12-01T00:00:00.000+0000,AWS,"Amazon Web Services Canada, Inc.","Amazon Web Services Canada, Inc.",123412340534,0.0,USD,0.0,ca-central-1,Security,awskms,123412340534,,,,,,,,5.0,Requests,,5Y7QSxxxxxxZBNBG,5Y7QS22JD2KZBxxx.xxxxxxxxxx.xxx6EN2CT7,3e-6,0.000015,5.0,Requests
2023-11-10T17:00:00.000+0000,2023-11-10T18:00:00.000+0000,Recurring,$0.00 per request - Monthly Global Free Tier for KMS requests,Usage,2023-11-01T00:00:00.000+0000,2023-12-01T00:00:00.000+0000,AWS,"Amazon Web Services Canada, Inc.","Amazon Web Services Canada, Inc.",123412340534,0.0,USD,0.0,ca-central-1,Security,awskms,123412340534,,,,,,,,1.0,Requests,,5Y7QSxxxxxxZBNBG,5Y7QS22JD2KZBxxx.xxxxxxxxxx.xxx6EN2CT7,3e-6,3e-6,1.0,Requests
2023-11-10T17:00:00.000+0000,2023-11-10T18:00:00.000+0000,Recurring,$0.00 per request - Monthly Global Free Tier for KMS requests,Usage,2023-11-01T00:00:00.000+0000,2023-12-01T00:00:00.000+0000,AWS,"Amazon Web Services Canada, Inc.","Amazon Web Services Canada, Inc.",123412340534,0.0,USD,0.0,ca-central-1,Security,awskms,123412340534,,,,,,,,1.0,Requests,,5Y7QSxxxxxxZBNBG,5Y7QS22JD2KZBxxx.xxxxxxxxxx.xxx6EN2CT7,3e-6,3e-6,1.0,Requests
2023-11-10T17:00:00.000+0000,2023-11-10T18:00:00.000+0000,Recurring,$0.00 per request - Monthly Global Free Tier for KMS requests,Usage,2023-11-01T00:00:00.000+0000,2023-12-01T00:00:00.000+0000,AWS,"Amazon Web Services Canada, Inc.","Amazon Web Services Canada, Inc.",123412340534,0.0,USD,0.0,ca-central-1,Security,awskms,123412340534,,,,,,,,1.0,Requests,,5Y7QSxxxxxxZBNBG,5Y7QS22JD2KZBxxx.xxxxxxxxxx.xxx6EN2CT7,3e-6,3e-6,1.0,Requests
2023-11-11T17:00:00.000+0000,2023-11-11T18:00:00.000+0000,Recurring,$0.00 per request - Monthly Global Free Tier for KMS requests,Usage,2023-11-01T00:00:00.000+0000,2023-12-01T00:00:00.000+0000,AWS,"Amazon Web Services Canada, Inc.","Amazon Web Services Canada, Inc.",123412340534,0.0,USD,0.0,ca-central-1,Security,awskms,123412340534,,,,,,,,5.0,Requests,,5Y7QSxxxxxxZBNBG,5Y7QS22JD2KZBxxx.xxxxxxxxxx.xxx6EN2CT7,3e-6,0.000015,5.0,Requests
2023-11-11T17:00:00.000+0000,2023-11-11T18:00:00.000+0000,Recurring,$0.00 per request - Monthly Global Free Tier for KMS requests,Usage,2023-11-01T00:00:00.000+0000,2023-12-01T00:00:00.000+0000,AWS,"Amazon Web Services Canada, Inc.","Amazon Web Services Canada, Inc.",123412340534,0.0,USD,0.0,ca-central-1,Security,awskms,123412340534,,,,,,,,1.0,Requests,,5Y7QSxxxxxxZBNBG,5Y7QS22JD2KZBxxx.xxxxxxxxxx.xxx6EN2CT7,3e-6,3e-6,1.0,Requests
2023-11-11T17:00:00.000+0000,2023-11-11T18:00:00.000+0000,Recurring,$0.00 per request - Monthly Global Free Tier for KMS requests,Usage,2023-11-01T00:00:00.000+0000,2023-12-01T00:00:00.000+0000,AWS,"Amazon Web Services Canada, Inc.","Amazon Web Services Canada, Inc.",123412340534,0.0,USD,0.0,ca-central-1,Security,awskms,123412340534,,,,,,,,1.0,Requests,,5Y7QSxxxxxxZBNBG,5Y7QS22JD2KZBxxx.xxxxxxxxxx.xxx6EN2CT7,3e-6,3e-6,1.0,Requests
2023-11-11T17:00:00.000+0000,2023-11-11T18:00:00.000+0000,Recurring,$0.00 per request - Monthly Global Free Tier for KMS requests,Usage,2023-11-01T00:00:00.000+0000,2023-12-01T00:00:00.000+0000,AWS,"Amazon Web Services Canada, Inc.","Amazon Web Services Canada, Inc.",123412340534,0.0,USD,0.0,ca-central-1,Security,awskms,123412340534,,,,,,,,1.0,Requests,,5Y7QSxxxxxxZBNBG,5Y7QS22JD2KZBxxx.xxxxxxxxxx.xxx6EN2CT7,3e-6,3e-6,1.0,Requests
2023-11-12T17:00:00.000+0000,2023-11-12T18:00:00.000+0000,Recurring,$0.00 per request - Monthly Global Free Tier for KMS requests,Usage,2023-11-01T00:00:00.000+0000,2023-12-01T00:00:00.000+0000,AWS,"Amazon Web Services Canada, Inc.","Amazon Web Services Canada, Inc.",123412340534,0.0,USD,0.0,ca-central-1,Security,awskms,123412340534,,,,,,,,5.0,Requests,,5Y7QSxxxxxxZBNBG,5Y7QS22JD2KZBxxx.xxxxxxxxxx.xxx6EN2CT7,3e-6,0.000015,5.0,Requests
2023-11-12T17:00:00.000+0000,2023-11-12T18:00:00.000+0000,Recurring,$0.00 per request - Monthly Global Free Tier for KMS requests,Usage,2023-11-01T00:00:00.000+0000,2023-12-01T00:00:00.000+0000,AWS,"Amazon Web Services Canada, Inc.","Amazon Web Services Canada, Inc.",123412340534,0.0,USD,0.0,ca-central-1,Security,awskms,123412340534,,,,,,,,1.0,Requests,,5Y7QSxxxxxxZBNBG,5Y7QS22JD2KZBxxx.xxxxxxxxxx.xxx6EN2CT7,3e-6,3e-6,1.0,Requests
2023-11-12T17:00:00.000+0000,2023-11-12T18:00:00.000+0000,Recurring,$0.00 per request - Monthly Global Free Tier for KMS requests,Usage,2023-11-01T00:00:00.000+0000,2023-12-01T00:00:00.000+0000,AWS,"Amazon Web Services Canada, Inc.","Amazon Web Services Canada, Inc.",123412340534,0.0,USD,0.0,ca-central-1,Security,awskms,123412340534,,,,,,,,1.0,Requests,,5Y7QSxxxxxxZBNBG,5Y7QS22JD2KZBxxx.xxxxxxxxxx.xxx6EN2CT7,3e-6,3e-6,1.0,Requests
2023-11-12T17:00:00.000+0000,2023-11-12T18:00:00.000+0000,Recurring,$0.00 per request - Monthly Global Free Tier for KMS requests,Usage,2023-11-01T00:00:00.000+0000,2023-12-01T00:00:00.000+0000,AWS,"Amazon Web Services Canada, Inc.","Amazon Web Services Canada, Inc.",123412340534,0.0,USD,0.0,ca-central-1,Security,awskms,123412340534,,,,,,,,1.0,Requests,,5Y7QSxxxxxxZBNBG,5Y7QS22JD2KZBxxx.xxxxxxxxxx.xxx6EN2CT7,3e-6,3e-6,1.0,Requests
2023-11-13T18:00:00.000+0000,2023-11-13T19:00:00.000+0000,Recurring,$0.00 per request - Monthly Global Free Tier for KMS requests,Usage,2023-11-01T00:00:00.000+0000,2023-12-01T00:00:00.000+0000,AWS,"Amazon Web Services Canada, Inc.","Amazon Web Services Canada, Inc.",123412340534,0.0,USD,0.0,ca-central-1,Security,awskms,123412340534,,,,,,,,5.0,Requests,,5Y7QSxxxxxxZBNBG,5Y7QS22JD2KZBxxx.xxxxxxxxxx.xxx6EN2CT7,3e-6,0.000015,5.0,Requests
2023-11-13T18:00:00.000+0000,2023-11-13T19:00:00.000+0000,Recurring,$0.00 per request - Monthly Global Free Tier for KMS requests,Usage,2023-11-01T00:00:00.000+0000,2023-12-01T00:00:00.000+0000,AWS,"Amazon Web Services Canada, Inc.","Amazon Web Services Canada, Inc.",123412340534,0.0,USD,0.0,ca-central-1,Security,awskms,123412340534,,,,,,,,1.0,Requests,,5Y7QSxxxxxxZBNBG,5Y7QS22JD2KZBxxx.xxxxxxxxxx.xxx6EN2CT7,3e-6,3e-6,1.0,Requests
2023-11-13T18:00:00.000+0000,2023-11-13T19:00:00.000+0000,Recurring,$0.00 per request - Monthly Global Free Tier for KMS requests,Usage,2023-11-01T00:00:00.000+0000,2023-12-01T00:00:00.000+0000,AWS,"Amazon Web Services Canada, Inc.","Amazon Web Services Canada, Inc.",123412340534,0.0,USD,0.0,ca-central-1,Security,awskms,123412340534,,,,,,,,1.0,Requests,,5Y7QSxxxxxxZBNBG,5Y7QS22JD2KZBxxx.xxxxxxxxxx.xxx6EN2CT7,3e-6,3e-6,1.0,Requests
2023-11-13T18:00:00.000+0000,2023-11-13T19:00:00.000+0000,Recurring,$0.00 per request - Monthly Global Free Tier for KMS requests,Usage,2023-11-01T00:00:00.000+0000,2023-12-01T00:00:00.000+0000,AWS,"Amazon Web Services Canada, Inc.","Amazon Web Services Canada, Inc.",123412340534,0.0,USD,0.0,ca-central-1,Security,awskms,123412340534,,,,,,,,1.0,Requests,,5Y7QSxxxxxxZBNBG,5Y7QS22JD2KZBxxx.xxxxxxxxxx.xxx6EN2CT7,3e-6,3e-6,1.0,Requests
2023-11-04T22:00:00.000+0000,2023-11-05T00:00:00.000+0000,Recurring,$0.000 per GB - regional data transfer under the monthly global free tier,Usage,2023-11-01T00:00:00.000+0000,2023-12-01T00:00:00.000+0000,AWS,"Amazon Web Services Canada, Inc.","Amazon Web Services Canada, Inc.",123412340534,0.0,USD,0.0,us-west-2,,AWSCloudShell,123412340534,,,,,,,,0.0002161274,GB,,62WNQxxxxxxGRJC5,62WNQUZDQQ6GRxxx.xxxxxxxxxx.xxx6EN2CT7,0.01,2.161274e-6,0.0002161274,GB
2023-11-05T00:00:00.000+0000,2023-11-05T01:00:00.000+0000,Recurring,$0.000 per GB - regional data transfer under the monthly global free tier,Usage,2023-11-01T00:00:00.000+0000,2023-12-01T00:00:00.000+0000,AWS,"Amazon Web Services Canada, Inc.","Amazon Web Services Canada, Inc.",123412340534,0.0,USD,0.0,us-west-2,,AWSCloudShell,123412340534,,,,,,,,0.000044452,GB,,62WNQxxxxxxGRJC5,62WNQUZDQQ6GRxxx.xxxxxxxxxx.xxx6EN2CT7,0.01,4.4452e-7,0.000044452,GB
2023-11-04T23:00:00.000+0000,2023-11-05T00:00:00.000+0000,Recurring,"First 1,000,000 Amazon SNS API Requests per month are free",Usage,2023-11-01T00:00:00.000+0000,2023-12-01T00:00:00.000+0000,AWS,"Amazon Web Services Canada, Inc.","Amazon Web Services Canada, Inc.",123412340534,0.0,USD,0.0,us-west-2,Integration,AmazonSNS,123412340534,,,,,,,,4.0,Requests,,667MBxxxxxxNFD4Z,667MB9HP98ZNFxxx.xxxxxxxxxx.xxxVSFF4TP,5e-7,2e-6,4.0,Requests
2023-11-04T23:00:00.000+0000,2023-11-05T00:00:00.000+0000,Recurring,"First 1,000,000 Amazon SNS API Requests per month are free",Usage,2023-11-01T00:00:00.000+0000,2023-12-01T00:00:00.000+0000,AWS,"Amazon Web Services Canada, Inc.","Amazon Web Services Canada, Inc.",123412340534,0.0,USD,0.0,us-west-2,Integration,AmazonSNS,123412340534,,,,,,,,2.0,Requests,,667MBxxxxxxNFD4Z,667MB9HP98ZNFxxx.xxxxxxxxxx.xxxVSFF4TP,5e-7,1e-6,2.0,Requests
2023-11-04T23:00:00.000+0000,2023-11-05T00:00:00.000+0000,Recurring,"First 1,000,000 Amazon SNS API Requests per month are free",Usage,2023-11-01T00:00:00.000+0000,2023-12-01T00:00:00.000+0000,AWS,"Amazon Web Services Canada, Inc.","Amazon Web Services Canada, Inc.",123412340534,0.0,USD,0.0,us-west-2,Integration,AmazonSNS,123412340534,,,,,,,,6.0,Requests,,667MBxxxxxxNFD4Z,667MB9HP98ZNFxxx.xxxxxxxxxx.xxxVSFF4TP,5e-7,3e-6,6.0,Requests
2023-11-04T23:00:00.000+0000,2023-11-05T00:00:00.000+0000,Recurring,"First 1,000,000 Amazon SNS API Requests per month are free",Usage,2023-11-01T00:00:00.000+0000,2023-12-01T00:00:00.000+0000,AWS,"Amazon Web Services Canada, Inc.","Amazon Web Services Canada, Inc.",123412340534,0.0,USD,0.0,us-west-2,Integration,AmazonSNS,123412340534,,,,,,,,2.0,Requests,,667MBxxxxxxNFD4Z,667MB9HP98ZNFxxx.xxxxxxxxxx.xxxVSFF4TP,5e-7,1e-6,2.0,Requests
2023-11-04T23:00:00.000+0000,2023-11-05T00:00:00.000+0000,Recurring,"First 1,000,000 Amazon SNS API Requests per month are free",Usage,2023-11-01T00:00:00.000+0000,2023-12-01T00:00:00.000+0000,AWS,"Amazon Web Services Canada, Inc.","Amazon Web Services Canada, Inc.",123412340534,0.0,USD,0.0,us-west-2,Integration,AmazonSNS,123412340534,,,,,,,,2.0,Requests,,667MBxxxxxxNFD4Z,667MB9HP98ZNFxxx.xxxxxxxxxx.xxxVSFF4TP,5e-7,1e-6,2.0,Requests
2023-11-04T23:00:00.000+0000,2023-11-05T00:00:00.000+0000,Recurring,"First 1,000,000 Amazon SNS API Requests per month are free",Usage,2023-11-01T00:00:00.000+0000,2023-12-01T00:00:00.000+0000,AWS,"Amazon Web Services Canada, Inc.","Amazon Web Services Canada, Inc.",123412340534,0.0,USD,0.0,us-west-2,Integration,AmazonSNS,123412340534,,,,,,,,2.0,Requests,,667MBxxxxxxNFD4Z,667MB9HP98ZNFxxx.xxxxxxxxxx.xxxVSFF4TP,5e-7,1e-6,2.0,Requests
2023-11-05T18:00:00.000+0000,2023-11-05T19:00:00.000+0000,Recurring,"First 1,000,000 Amazon SNS API Requests per month are free",Usage,2023-11-01T00:00:00.000+0000,2023-12-01T00:00:00.000+0000,AWS,"Amazon Web Services Canada, Inc.","Amazon Web Services Canada, Inc.",123412340534,0.0,USD,0.0,us-west-2,Integration,AmazonSNS,123412340534,,,,,,,,2.0,Requests,,667MBxxxxxxNFD4Z,667MB9HP98ZNFxxx.xxxxxxxxxx.xxxVSFF4TP,5e-7,1e-6,2.0,Requests
2023-11-05T21:00:00.000+0000,2023-11-05T22:00:00.000+0000,Recurring,"First 1,000,000 Amazon SNS API Requests per month are free",Usage,2023-11-01T00:00:00.000+0000,2023-12-01T00:00:00.000+0000,AWS,"Amazon Web Services Canada, Inc.","Amazon Web Services Canada, Inc.",123412340534,0.0,USD,0.0,us-west-2,Integration,AmazonSNS,123412340534,,,,,,,,1.0,Requests,,667MBxxxxxxNFD4Z,667MB9HP98ZNFxxx.xxxxxxxxxx.xxxVSFF4TP,5e-7,5e-7,1.0,Requests
2023-11-10T21:00:00.000+0000,2023-11-10T22:00:00.000+0000,Recurring,"First 1,000,000 Amazon SNS API Requests per month are free",Usage,2023-11-01T00:00:00.000+0000,2023-12-01T00:00:00.000+0000,AWS,"Amazon Web Services Canada, Inc.","Amazon Web Services Canada, Inc.",123412340534,0.0,USD,0.0,us-west-2,Integration,AmazonSNS,123412340534,,,,,,,,1.0,Requests,,667MBxxxxxxNFD4Z,667MB9HP98ZNFxxx.xxxxxxxxxx.xxxVSFF4TP,5e-7,5e-7,1.0,Requests
2023-11-07T05:00:00.000+0000,2023-11-07T06:00:00.000+0000,Recurring,0.0 per free event recorded in Asia Pacific (Mumbai) region,Usage,2023-11-01T00:00:00.000+0000,2023-12-01T00:00:00.000+0000,AWS,"Amazon Web Services Canada, Inc.","Amazon Web Services Canada, Inc.",123412340534,0.0,USD,0.0,ap-south-1,Management and Governance,AWSCloudTrail,123412340534,,,,,,,,2.0,Events,,6CRG8xxxxxxRQMN6,6CRG8SSD237RQxxx.xxxxxxxxxx.xxx6EN2CT7,0.0,0.0,2.0,Events
2023-11-04T23:00:00.000+0000,2023-11-05T00:00:00.000+0000,Recurring,"First 1,000,000 Amazon SNS API Requests per month are free",Usage,2023-11-01T00:00:00.000+0000,2023-12-01T00:00:00.000+0000,AWS,"Amazon Web Services Canada, Inc.","Amazon Web Services Canada, Inc.",123412340534,0.0,USD,0.0,ap-southeast-2,Integration,AmazonSNS,123412340534,,,,,,,,1.0,Requests,,6GZYJxxxxxxZDUX9,6GZYJMEWP8DZDxxx.xxxxxxxxxx.xxxVSFF4TP,5e-7,5e-7,1.0,Requests
2023-11-07T08:00:00.000+0000,2023-11-07T09:00:00.000+0000,Recurring,"First 1,000,000 Amazon SNS API Requests per month are free",Usage,2023-11-01T00:00:00.000+0000,2023-12-01T00:00:00.000+0000,AWS,"Amazon Web Services Canada, Inc.","Amazon Web Services Canada, Inc.",123412340534,0.0,USD,0.0,ap-southeast-2,Integration,AmazonSNS,123412340534,,,,,,,,1.0,Requests,,6GZYJxxxxxxZDUX9,6GZYJMEWP8DZDxxx.xxxxxxxxxx.xxxVSFF4TP,5e-7,5e-7,1.0,Requests
2023-11-12T08:00:00.000+0000,2023-11-12T09:00:00.000+0000,Recurring,"First 1,000,000 Amazon SNS API Requests per month are free",Usage,2023-11-01T00:00:00.000+0000,2023-12-01T00:00:00.000+0000,AWS,"Amazon Web Services Canada, Inc.","Amazon Web Services Canada, Inc.",123412340534,0.0,USD,0.0,ap-southeast-2,Integration,AmazonSNS,123412340534,,,,,,,,1.0,Requests,,6GZYJxxxxxxZDUX9,6GZYJMEWP8DZDxxx.xxxxxxxxxx.xxxVSFF4TP,5e-7,5e-7,1.0,Requests
2023-11-04T23:00:00.000+0000,2023-11-05T00:00:00.000+0000,Recurring,$0.02 per GB - US West (Oregon) data transfer to US East (Ohio),Usage,2023-11-01T00:00:00.000+0000,2023-12-01T00:00:00.000+0000,AWS,"Amazon Web Services Canada, Inc.","Amazon Web Services Canada, Inc.",123412340534,5.2e-9,USD,5.2e-9,us-west-2,Storage,AmazonS3,123412340534,,,,,,,,2.552e-7,GB,,6NWTCxxxxxx6ZHTN,6NWTCSQZSRK6Zxxx.xxxxxxxxxx.xxx6EN2CT7,0.02,5.1040000000000006e-9,2.552e-7,GB
2023-11-06T04:00:00.000+0000,2023-11-06T05:00:00.000+0000,Recurring,$0.02 per GB - US West (Oregon) data transfer to US East (Ohio),Usage,2023-11-01T00:00:00.000+0000,2023-12-01T00:00:00.000+0000,AWS,"Amazon Web Services Canada, Inc.","Amazon Web Services Canada, Inc.",123412340534,5.2e-9,USD,5.2e-9,us-west-2,Storage,AmazonS3,123412340534,,,,,,,,2.552e-7,GB,,6NWTCxxxxxx6ZHTN,6NWTCSQZSRK6Zxxx.xxxxxxxxxx.xxx6EN2CT7,0.02,5.1040000000000006e-9,2.552e-7,GB
2023-11-11T04:00:00.000+0000,2023-11-11T05:00:00.000+0000,Recurring,$0.02 per GB - US West (Oregon) data transfer to US East (Ohio),Usage,2023-11-01T00:00:00.000+0000,2023-12-01T00:00:00.000+0000,AWS,"Amazon Web Services Canada, Inc.","Amazon Web Services Canada, Inc.",123412340534,5.2e-9,USD,5.2e-9,us-west-2,Storage,AmazonS3,123412340534,,,,,,,,2.552e-7,GB,,6NWTCxxxxxx6ZHTN,6NWTCSQZSRK6Zxxx.xxxxxxxxxx.xxx6EN2CT7,0.02,5.1040000000000006e-9,2.552e-7,GB
2023-11-04T23:00:00.000+0000,2023-11-05T00:00:00.000+0000,Recurring,$0 for AWS Glue Data Catalog requests under the free tier,Usage,2023-11-01T00:00:00.000+0000,2023-12-01T00:00:00.000+0000,AWS,"Amazon Web Services Canada, Inc.","Amazon Web Services Canada, Inc.",123412340534,0.0,USD,0.0,ap-southeast-2,Analytics,AWSGlue,123412340534,,,,,,,,1.0,Request,,6PDFTxxxxxx7TXP4,6PDFTXNWT277Txxx.xxxxxxxxxx.xxx6EN2CT7,1e-6,1e-6,1.0,Request
2023-11-05T00:00:00.000+0000,2023-11-05T01:00:00.000+0000,Recurring,$0 for AWS Glue Data Catalog requests under the free tier,Usage,2023-11-01T00:00:00.000+0000,2023-12-01T00:00:00.000+0000,AWS,"Amazon Web Services Canada, Inc.","Amazon Web Services Canada, Inc.",123412340534,0.0,USD,0.0,ap-southeast-2,Analytics,AWSGlue,123412340534,,,,,,,,1.0,Request,,6PDFTxxxxxx7TXP4,6PDFTXNWT277Txxx.xxxxxxxxxx.xxx6EN2CT7,1e-6,1e-6,1.0,Request
2023-11-07T22:00:00.000+0000,2023-11-07T23:00:00.000+0000,Recurring,$0 for AWS Glue Data Catalog requests under the free tier,Usage,2023-11-01T00:00:00.000+0000,2023-12-01T00:00:00.000+0000,AWS,"Amazon Web Services Canada, Inc.","Amazon Web Services Canada, Inc.",123412340534,0.0,USD,0.0,ap-southeast-2,Analytics,AWSGlue,123412340534,,,,,,,,1.0,Request,,6PDFTxxxxxx7TXP4,6PDFTXNWT277Txxx.xxxxxxxxxx.xxx6EN2CT7,1e-6,1e-6,1.0,Request
2023-11-09T04:00:00.000+0000,2023-11-09T05:00:00.000+0000,Recurring,$0 for AWS Glue Data Catalog requests under the free tier,Usage,2023-11-01T00:00:00.000+0000,2023-12-01T00:00:00.000+0000,AWS,"Amazon Web Services Canada, Inc.","Amazon Web Services Canada, Inc.",123412340534,0.0,USD,0.0,ap-southeast-2,Analytics,AWSGlue,123412340534,,,,,,,,1.0,Request,,6PDFTxxxxxx7TXP4,6PDFTXNWT277Txxx.xxxxxxxxxx.xxx6EN2CT7,1e-6,1e-6,1.0,Request
2023-11-12T22:00:00.000+0000,2023-11-12T23:00:00.000+0000,Recurring,$0 for AWS Glue Data Catalog requests under the free tier,Usage,2023-11-01T00:00:00.000+0000,2023-12-01T00:00:00.000+0000,AWS,"Amazon Web Services Canada, Inc.","Amazon Web Services Canada, Inc.",123412340534,0.0,USD,0.0,ap-southeast-2,Analytics,AWSGlue,123412340534,,,,,,,,1.0,Request,,6PDFTxxxxxx7TXP4,6PDFTXNWT277Txxx.xxxxxxxxxx.xxx6EN2CT7,1e-6,1e-6,1.0,Request
2023-11-04T23:00:00.000+0000,2023-11-05T00:00:00.000+0000,Recurring,$0.02 per GB - US East (Northern Virginia) data transfer to Asia Pacific (Sydney),Usage,2023-11-01T00:00:00.000+0000,2023-12-01T00:00:00.000+0000,AWS,"Amazon Web Services Canada, Inc.","Amazon Web Services Canada, Inc.",123412340534,1.79e-8,USD,1.79e-8,us-east-1,Storage,AmazonS3,123412340534,,,,,,,,8.941e-7,GB,,6UXYTxxxxxx6WXM9,6UXYTS4EWKB6Wxxx.xxxxxxxxxx.xxx6EN2CT7,0.02,1.7882e-8,8.941e-7,GB
2023-11-04T23:00:00.000+0000,2023-11-05T00:00:00.000+0000,Recurring,$0.02 per GB - US East (Northern Virginia) data transfer to Asia Pacific (Sydney),Usage,2023-11-01T00:00:00.000+0000,2023-12-01T00:00:00.000+0000,AWS,"Amazon Web Services Canada, Inc.","Amazon Web Services Canada, Inc.",123412340534,1.3e-9,USD,1.3e-9,us-east-1,Storage,AmazonS3,123412340534,,,,,,,,6.71e-8,GB,,6UXYTxxxxxx6WXM9,6UXYTS4EWKB6Wxxx.xxxxxxxxxx.xxx6EN2CT7,0.02,1.342e-9,6.71e-8,GB
2023-11-04T23:00:00.000+0000,2023-11-05T00:00:00.000+0000,Recurring,$0.02 per GB - US East (Northern Virginia) data transfer to Asia Pacific (Sydney),Usage,2023-11-01T00:00:00.000+0000,2023-12-01T00:00:00.000+0000,AWS,"Amazon Web Services Canada, Inc.","Amazon Web Services Canada, Inc.",123412340534,9e-9,USD,9e-9,us-east-1,Storage,AmazonS3,123412340534,,,,,,,,4.498e-7,GB,,6UXYTxxxxxx6WXM9,6UXYTS4EWKB6Wxxx.xxxxxxxxxx.xxx6EN2CT7,0.02,8.996e-9,4.498e-7,GB
2023-11-04T23:00:00.000+0000,2023-11-05T00:00:00.000+0000,Recurring,$0.02 per GB - US East (Northern Virginia) data transfer to Asia Pacific (Sydney),Usage,2023-11-01T00:00:00.000+0000,2023-12-01T00:00:00.000+0000,AWS,"Amazon Web Services Canada, Inc.","Amazon Web Services Canada, Inc.",123412340534,1.8e-9,USD,1.8e-9,us-east-1,Storage,AmazonS3,123412340534,,,,,,,,8.85e-8,GB,,6UXYTxxxxxx6WXM9,6UXYTS4EWKB6Wxxx.xxxxxxxxxx.xxx6EN2CT7,0.02,1.77e-9,8.85e-8,GB
2023-11-07T11:00:00.000+0000,2023-11-07T12:00:00.000+0000,Recurring,$0.02 per GB - US East (Northern Virginia) data transfer to Asia Pacific (Sydney),Usage,2023-11-01T00:00:00.000+0000,2023-12-01T00:00:00.000+0000,AWS,"Amazon Web Services Canada, Inc.","Amazon Web Services Canada, Inc.",123412340534,1.3e-9,USD,1.3e-9,us-east-1,Storage,AmazonS3,123412340534,,,,,,,,6.71e-8,GB,,6UXYTxxxxxx6WXM9,6UXYTS4EWKB6Wxxx.xxxxxxxxxx.xxx6EN2CT7,0.02,1.342e-9,6.71e-8,GB
2023-11-08T15:00:00.000+0000,2023-11-08T16:00:00.000+0000,Recurring,$0.02 per GB - US East (Northern Virginia) data transfer to Asia Pacific (Sydney),Usage,2023-11-01T00:00:00.000+0000,2023-12-01T00:00:00.000+0000,AWS,"Amazon Web Services Canada, Inc.","Amazon Web Services Canada, Inc.",123412340534,4.61e-8,USD,4.61e-8,us-east-1,Storage,AmazonS3,123412340534,,,,,,,,2.3041e-6,GB,,6UXYTxxxxxx6WXM9,6UXYTS4EWKB6Wxxx.xxxxxxxxxx.xxx6EN2CT7,0.02,4.6082e-8,2.3041e-6,GB
2023-11-08T15:00:00.000+0000,2023-11-08T16:00:00.000+0000,Recurring,$0.02 per GB - US East (Northern Virginia) data transfer to Asia Pacific (Sydney),Usage,2023-11-01T00:00:00.000+0000,2023-12-01T00:00:00.000+0000,AWS,"Amazon Web Services Canada, Inc.","Amazon Web Services Canada, Inc.",123412340534,1.52e-8,USD,1.52e-8,us-east-1,Storage,AmazonS3,123412340534,,,,,,,,7.609e-7,GB,,6UXYTxxxxxx6WXM9,6UXYTS4EWKB6Wxxx.xxxxxxxxxx.xxx6EN2CT7,0.02,1.5218e-8,7.609e-7,GB
2023-11-08T09:00:00.000+0000,2023-11-08T10:00:00.000+0000,Recurring,$0.02 per GB - US East (Northern Virginia) data transfer to Asia Pacific (Sydney),Usage,2023-11-01T00:00:00.000+0000,2023-12-01T00:00:00.000+0000,AWS,"Amazon Web Services Canada, Inc.","Amazon Web Services Canada, Inc.",123412340534,1.8e-9,USD,1.8e-9,us-east-1,Storage,AmazonS3,123412340534,,,,,,,,8.85e-8,GB,,6UXYTxxxxxx6WXM9,6UXYTS4EWKB6Wxxx.xxxxxxxxxx.xxx6EN2CT7,0.02,1.77e-9,8.85e-8,GB
2023-11-12T11:00:00.000+0000,2023-11-12T12:00:00.000+0000,Recurring,$0.02 per GB - US East (Northern Virginia) data transfer to Asia Pacific (Sydney),Usage,2023-11-01T00:00:00.000+0000,2023-12-01T00:00:00.000+0000,AWS,"Amazon Web Services Canada, Inc.","Amazon Web Services Canada, Inc.",123412340534,1.3e-9,USD,1.3e-9,us-east-1,Storage,AmazonS3,123412340534,,,,,,,,6.71e-8,GB,,6UXYTxxxxxx6WXM9,6UXYTS4EWKB6Wxxx.xxxxxxxxxx.xxx6EN2CT7,0.02,1.342e-9,6.71e-8,GB
2023-11-13T15:00:00.000+0000,2023-11-13T16:00:00.000+0000,Recurring,$0.02 per GB - US East (Northern Virginia) data transfer to Asia Pacific (Sydney),Usage,2023-11-01T00:00:00.000+0000,2023-12-01T00:00:00.000+0000,AWS,"Amazon Web Services Canada, Inc.","Amazon Web Services Canada, Inc.",123412340534,4.59e-8,USD,4.59e-8,us-east-1,Storage,AmazonS3,123412340534,,,,,,,,2.2929e-6,GB,,6UXYTxxxxxx6WXM9,6UXYTS4EWKB6Wxxx.xxxxxxxxxx.xxx6EN2CT7,0.02,4.5858000000000006e-8,2.2929e-6,GB
2023-11-13T15:00:00.000+0000,2023-11-13T16:00:00.000+0000,Recurring,$0.02 per GB - US East (Northern Virginia) data transfer to Asia Pacific (Sydney),Usage,2023-11-01T00:00:00.000+0000,2023-12-01T00:00:00.000+0000,AWS,"Amazon Web Services Canada, Inc.","Amazon Web Services Canada, Inc.",123412340534,1.52e-8,USD,1.52e-8,us-east-1,Storage,AmazonS3,123412340534,,,,,,,,7.609e-7,GB,,6UXYTxxxxxx6WXM9,6UXYTS4EWKB6Wxxx.xxxxxxxxxx.xxx6EN2CT7,0.02,1.5218e-8,7.609e-7,GB
2023-11-13T09:00:00.000+0000,2023-11-13T10:00:00.000+0000,Recurring,$0.02 per GB - US East (Northern Virginia) data transfer to Asia Pacific (Sydney),Usage,2023-11-01T00:00:00.000+0000,2023-12-01T00:00:00.000+0000,AWS,"Amazon Web Services Canada, Inc.","Amazon Web Services Canada, Inc.",123412340534,1.8e-9,USD,1.8e-9,us-east-1,Storage,AmazonS3,123412340534,,,,,,,,8.85e-8,GB,,6UXYTxxxxxx6WXM9,6UXYTS4EWKB6Wxxx.xxxxxxxxxx.xxx6EN2CT7,0.02,1.77e-9,8.85e-8,GB
2023-11-04T22:00:00.000+0000,2023-11-04T23:00:00.000+0000,Recurring,$0.02 per GB - US West (Oregon) data transfer to Asia Pacific (Seoul),Usage,2023-11-01T00:00:00.000+0000,2023-12-01T00:00:00.000+0000,AWS,"Amazon Web Services Canada, Inc.","Amazon Web Services Canada, Inc.",123412340534,5.2e-9,USD,5.2e-9,us-west-2,Storage,AmazonS3,123412340534,,,,,,,,2.552e-7,GB,,75MKNxxxxxxZBNC9,75MKNR5C9SPZBxxx.xxxxxxxxxx.xxx6EN2CT7,0.02,5.1040000000000006e-9,2.552e-7,GB
2023-11-08T18:00:00.000+0000,2023-11-08T19:00:00.000+0000,Recurring,$0.02 per GB - US West (Oregon) data transfer to Asia Pacific (Seoul),Usage,2023-11-01T00:00:00.000+0000,2023-12-01T00:00:00.000+0000,AWS,"Amazon Web Services Canada, Inc.","Amazon Web Services Canada, Inc.",123412340534,5.2e-9,USD,5.2e-9,us-west-2,Storage,AmazonS3,123412340534,,,,,,,,2.552e-7,GB,,75MKNxxxxxxZBNC9,75MKNR5C9SPZBxxx.xxxxxxxxxx.xxx6EN2CT7,0.02,5.1040000000000006e-9,2.552e-7,GB
2023-11-13T18:00:00.000+0000,2023-11-13T19:00:00.000+0000,Recurring,$0.02 per GB - US West (Oregon) data transfer to Asia Pacific (Seoul),Usage,2023-11-01T00:00:00.000+0000,2023-12-01T00:00:00.000+0000,AWS,"Amazon Web Services Canada, Inc.","Amazon Web Services Canada, Inc.",123412340534,5.2e-9,USD,5.2e-9,us-west-2,Storage,AmazonS3,123412340534,,,,,,,,2.552e-7,GB,,75MKNxxxxxxZBNC9,75MKNR5C9SPZBxxx.xxxxxxxxxx.xxx6EN2CT7,0.02,5.1040000000000006e-9,2.552e-7,GB
2023-11-04T23:00:00.000+0000,2023-11-05T00:00:00.000+0000,Recurring,"First 1,000,000 Amazon SQS Requests per month are free",Usage,2023-11-01T00:00:00.000+0000,2023-12-01T00:00:00.000+0000,AWS,"Amazon Web Services Canada, Inc.","Amazon Web Services Canada, Inc.",123412340534,0.0,USD,0.0,eu-west-2,Integration,AWSQueueService,123412340534,,,,,,,,1.0,Requests,,7DSEXxxxxxxMMFKF,7DSEXZJZCF4MMxxx.xxxxxxxxxx.xxx6EN2CT7,4e-7,4e-7,1.0,Requests
2023-11-08T13:00:00.000+0000,2023-11-08T14:00:00.000+0000,Recurring,"First 1,000,000 Amazon SQS Requests per month are free",Usage,2023-11-01T00:00:00.000+0000,2023-12-01T00:00:00.000+0000,AWS,"Amazon Web Services Canada, Inc.","Amazon Web Services Canada, Inc.",123412340534,0.0,USD,0.0,eu-west-2,Integration,AWSQueueService,123412340534,,,,,,,,1.0,Requests,,7DSEXxxxxxxMMFKF,7DSEXZJZCF4MMxxx.xxxxxxxxxx.xxx6EN2CT7,4e-7,4e-7,1.0,Requests
2023-11-13T13:00:00.000+0000,2023-11-13T14:00:00.000+0000,Recurring,"First 1,000,000 Amazon SQS Requests per month are free",Usage,2023-11-01T00:00:00.000+0000,2023-12-01T00:00:00.000+0000,AWS,"Amazon Web Services Canada, Inc.","Amazon Web Services Canada, Inc.",123412340534,0.0,USD,0.0,eu-west-2,Integration,AWSQueueService,123412340534,,,,,,,,1.0,Requests,,7DSEXxxxxxxMMFKF,7DSEXZJZCF4MMxxx.xxxxxxxxxx.xxx6EN2CT7,4e-7,4e-7,1.0,Requests
2023-11-04T23:00:00.000+0000,2023-11-05T00:00:00.000+0000,Recurring,"First 1,000,000 Amazon SNS API Requests per month are free",Usage,2023-11-01T00:00:00.000+0000,2023-12-01T00:00:00.000+0000,AWS,"Amazon Web Services Canada, Inc.","Amazon Web Services Canada, Inc.",123412340534,0.0,USD,0.0,us-west-1,Integration,AmazonSNS,123412340534,,,,,,,,1.0,Requests,,7M9WXxxxxxx36FUV,7M9WX9J3V4D36xxx.xxxxxxxxxx.xxxVSFF4TP,5e-7,5e-7,1.0,Requests
2023-11-07T12:00:00.000+0000,2023-11-07T13:00:00.000+0000,Recurring,"First 1,000,000 Amazon SNS API Requests per month are free",Usage,2023-11-01T00:00:00.000+0000,2023-12-01T00:00:00.000+0000,AWS,"Amazon Web Services Canada, Inc.","Amazon Web Services Canada, Inc.",123412340534,0.0,USD,0.0,us-west-1,Integration,AmazonSNS,123412340534,,,,,,,,1.0,Requests,,7M9WXxxxxxx36FUV,7M9WX9J3V4D36xxx.xxxxxxxxxx.xxxVSFF4TP,5e-7,5e-7,1.0,Requests
2023-11-12T12:00:00.000+0000,2023-11-12T13:00:00.000+0000,Recurring,"First 1,000,000 Amazon SNS API Requests per month are free",Usage,2023-11-01T00:00:00.000+0000,2023-12-01T00:00:00.000+0000,AWS,"Amazon Web Services Canada, Inc.","Amazon Web Services Canada, Inc.",123412340534,0.0,USD,0.0,us-west-1,Integration,AmazonSNS,123412340534,,,,,,,,1.0,Requests,,7M9WXxxxxxx36FUV,7M9WX9J3V4D36xxx.xxxxxxxxxx.xxxVSFF4TP,5e-7,5e-7,1.0,Requests
2023-11-11T03:00:00.000+0000,2023-11-11T04:00:00.000+0000,Recurring,$0.02 per GB - Canada (Central) data transfer to EU (Germany),Usage,2023-11-01T00:00:00.000+0000,2023-12-01T00:00:00.000+0000,AWS,"Amazon Web Services Canada, Inc.","Amazon Web Services Canada, Inc.",123412340534,7.8e-9,USD,7.8e-9,ca-central-1,Storage,AmazonS3,123412340534,,,,,,,,3.912e-7,GB,,7PMSRxxxxxxVRFW2,7PMSRR6NE88VRxxx.xxxxxxxxxx.xxx6EN2CT7,0.02,7.824000000000001e-9,3.912e-7,GB
2023-11-04T23:00:00.000+0000,2023-11-05T00:00:00.000+0000,Recurring,"First 1,000,000 Amazon SNS API Requests per month are free",Usage,2023-11-01T00:00:00.000+0000,2023-12-01T00:00:00.000+0000,AWS,"Amazon Web Services Canada, Inc.","Amazon Web Services Canada, Inc.",123412340534,0.0,USD,0.0,ap-south-1,Integration,AmazonSNS,123412340534,,,,,,,,1.0,Requests,,7PXYAxxxxxx5P7X5,7PXYA8BKMSN5Pxxx.xxxxxxxxxx.xxxVSFF4TP,5e-7,5e-7,1.0,Requests
2023-11-07T18:00:00.000+0000,2023-11-07T19:00:00.000+0000,Recurring,"First 1,000,000 Amazon SNS API Requests per month are free",Usage,2023-11-01T00:00:00.000+0000,2023-12-01T00:00:00.000+0000,AWS,"Amazon Web Services Canada, Inc.","Amazon Web Services Canada, Inc.",123412340534,0.0,USD,0.0,ap-south-1,Integration,AmazonSNS,123412340534,,,,,,,,1.0,Requests,,7PXYAxxxxxx5P7X5,7PXYA8BKMSN5Pxxx.xxxxxxxxxx.xxxVSFF4TP,5e-7,5e-7,1.0,Requests
2023-11-12T18:00:00.000+0000,2023-11-12T19:00:00.000+0000,Recurring,"First 1,000,000 Amazon SNS API Requests per month are free",Usage,2023-11-01T00:00:00.000+0000,2023-12-01T00:00:00.000+0000,AWS,"Amazon Web Services Canada, Inc.","Amazon Web Services Canada, Inc.",123412340534,0.0,USD,0.0,ap-south-1,Integration,AmazonSNS,123412340534,,,,,,,,1.0,Requests,,7PXYAxxxxxx5P7X5,7PXYA8BKMSN5Pxxx.xxxxxxxxxx.xxxVSFF4TP,5e-7,5e-7,1.0,Requests
2023-11-04T23:00:00.000+0000,2023-11-05T00:00:00.000+0000,Recurring,$0.02 per GB - US West (Oregon) data transfer to Asia Pacific (Osaka),Usage,2023-11-01T00:00:00.000+0000,2023-12-01T00:00:00.000+0000,AWS,"Amazon Web Services Canada, Inc.","Amazon Web Services Canada, Inc.",123412340534,5.2e-9,USD,5.2e-9,us-west-2,Storage,AmazonS3,123412340534,,,,,,,,2.552e-7,GB,,7S3JQxxxxxxBJEUW,7S3JQ3B8XE9BJxxx.xxxxxxxxxx.xxx6EN2CT7,0.02,5.1040000000000006e-9,2.552e-7,GB
2023-11-08T10:00:00.000+0000,2023-11-08T11:00:00.000+0000,Recurring,$0.02 per GB - US West (Oregon) data transfer to Asia Pacific (Osaka),Usage,2023-11-01T00:00:00.000+0000,2023-12-01T00:00:00.000+0000,AWS,"Amazon Web Services Canada, Inc.","Amazon Web Services Canada, Inc.",123412340534,5.2e-9,USD,5.2e-9,us-west-2,Storage,AmazonS3,123412340534,,,,,,,,2.552e-7,GB,,7S3JQxxxxxxBJEUW,7S3JQ3B8XE9BJxxx.xxxxxxxxxx.xxx6EN2CT7,0.02,5.1040000000000006e-9,2.552e-7,GB
2023-11-13T10:00:00.000+0000,2023-11-13T11:00:00.000+0000,Recurring,$0.02 per GB - US West (Oregon) data transfer to Asia Pacific (Osaka),Usage,2023-11-01T00:00:00.000+0000,2023-12-01T00:00:00.000+0000,AWS,"Amazon Web Services Canada, Inc.","Amazon Web Services Canada, Inc.",123412340534,5.2e-9,USD,5.2e-9,us-west-2,Storage,AmazonS3,123412340534,,,,,,,,2.552e-7,GB,,7S3JQxxxxxxBJEUW,7S3JQ3B8XE9BJxxx.xxxxxxxxxx.xxx6EN2CT7,0.02,5.1040000000000006e-9,2.552e-7,GB
2023-11-08T18:00:00.000+0000,2023-11-08T19:00:00.000+0000,Recurring,$0.02 per GB - Canada (Central) data transfer to Asia Pacific (Seoul),Usage,2023-11-01T00:00:00.000+0000,2023-12-01T00:00:00.000+0000,AWS,"Amazon Web Services Canada, Inc.","Amazon Web Services Canada, Inc.",123412340534,7.8e-9,USD,7.8e-9,ca-central-1,Storage,AmazonS3,123412340534,,,,,,,,3.912e-7,GB,,7UEACxxxxxx5447A,7UEACNMSTVW54xxx.xxxxxxxxxx.xxx6EN2CT7,0.02,7.824000000000001e-9,3.912e-7,GB
2023-11-13T18:00:00.000+0000,2023-11-13T19:00:00.000+0000,Recurring,$0.02 per GB - Canada (Central) data transfer to Asia Pacific (Seoul),Usage,2023-11-01T00:00:00.000+0000,2023-12-01T00:00:00.000+0000,AWS,"Amazon Web Services Canada, Inc.","Amazon Web Services Canada, Inc.",123412340534,7.8e-9,USD,7.8e-9,ca-central-1,Storage,AmazonS3,123412340534,,,,,,,,3.912e-7,GB,,7UEACxxxxxx5447A,7UEACNMSTVW54xxx.xxxxxxxxxx.xxx6EN2CT7,0.02,7.824000000000001e-9,3.912e-7,GB
2023-11-07T03:00:00.000+0000,2023-11-07T04:00:00.000+0000,Recurring,$0.02 per GB - Canada (Central) data transfer to Asia Pacific (Tokyo),Usage,2023-11-01T00:00:00.000+0000,2023-12-01T00:00:00.000+0000,AWS,"Amazon Web Services Canada, Inc.","Amazon Web Services Canada, Inc.",123412340534,5.2e-9,USD,5.2e-9,ca-central-1,Storage,AmazonS3,123412340534,,,,,,,,2.608e-7,GB,,8BDW2xxxxxxZWCJ2,8BDW2Z759SKZWxxx.xxxxxxxxxx.xxx6EN2CT7,0.02,5.216e-9,2.608e-7,GB
2023-11-12T03:00:00.000+0000,2023-11-12T04:00:00.000+0000,Recurring,$0.02 per GB - Canada (Central) data transfer to Asia Pacific (Tokyo),Usage,2023-11-01T00:00:00.000+0000,2023-12-01T00:00:00.000+0000,AWS,"Amazon Web Services Canada, Inc.","Amazon Web Services Canada, Inc.",123412340534,7.8e-9,USD,7.8e-9,ca-central-1,Storage,AmazonS3,123412340534,,,,,,,,3.912e-7,GB,,8BDW2xxxxxxZWCJ2,8BDW2Z759SKZWxxx.xxxxxxxxxx.xxx6EN2CT7,0.02,7.824000000000001e-9,3.912e-7,GB
2023-11-10T00:00:00.000+0000,2023-11-10T01:00:00.000+0000,Recurring,$0.02 per GB - Canada (Central) data transfer to Asia Pacific (Singapore),Usage,2023-11-01T00:00:00.000+0000,2023-12-01T00:00:00.000+0000,AWS,"Amazon Web Services Canada, Inc.","Amazon Web Services Canada, Inc.",123412340534,7.8e-9,USD,7.8e-9,ca-central-1,Storage,AmazonS3,123412340534,,,,,,,,3.912e-7,GB,,8DA6Sxxxxxx9BE3F,8DA6S4XRVV99Bxxx.xxxxxxxxxx.xxx6EN2CT7,0.02,7.824000000000001e-9,3.912e-7,GB
2023-11-05T03:00:00.000+0000,2023-11-06T00:00:00.000+0000,Recurring,"$0.0055 per 1,000 PUT, COPY, POST, or LIST requests",Usage,2023-11-01T00:00:00.000+0000,2023-12-01T00:00:00.000+0000,AWS,"Amazon Web Services Canada, Inc.","Amazon Web Services Canada, Inc.",123412340534,0.0000165,USD,0.0000165,ca-central-1,Storage,AmazonS3,123412340534,,,,,,,,3.0,Requests,,8EZXHxxxxxx2R35H,8EZXHUYH7B92Rxxx.xxxxxxxxxx.xxx6EN2CT7,5.5e-6,0.0000165,3.0,Requests
2023-11-05T00:00:00.000+0000,2023-11-05T18:00:00.000+0000,Recurring,"$0.0055 per 1,000 PUT, COPY, POST, or LIST requests",Usage,2023-11-01T00:00:00.000+0000,2023-12-01T00:00:00.000+0000,AWS,"Amazon Web Services Canada, Inc.","Amazon Web Services Canada, Inc.",123412340534,0.0001925,USD,0.0001925,ca-central-1,Storage,AmazonS3,123412340534,,,,,,,,35.0,Requests,,8EZXHxxxxxx2R35H,8EZXHUYH7B92Rxxx.xxxxxxxxxx.xxx6EN2CT7,5.5e-6,0.0001925,35.0,Requests
2023-11-05T00:00:00.000+0000,2023-11-05T01:00:00.000+0000,Recurring,"$0.0055 per 1,000 PUT, COPY, POST, or LIST requests",Usage,2023-11-01T00:00:00.000+0000,2023-12-01T00:00:00.000+0000,AWS,"Amazon Web Services Canada, Inc.","Amazon Web Services Canada, Inc.",123412340534,0.000011,USD,0.000011,ca-central-1,Storage,AmazonS3,123412340534,,,,,,,,2.0,Requests,,8EZXHxxxxxx2R35H,8EZXHUYH7B92Rxxx.xxxxxxxxxx.xxx6EN2CT7,5.5e-6,0.000011,2.0,Requests
2023-11-05T00:00:00.000+0000,2023-11-06T00:00:00.000+0000,Recurring,"$0.0055 per 1,000 PUT, COPY, POST, or LIST requests",Usage,2023-11-01T00:00:00.000+0000,2023-12-01T00:00:00.000+0000,AWS,"Amazon Web Services Canada, Inc.","Amazon Web Services Canada, Inc.",123412340534,0.0000605,USD,0.0000605,ca-central-1,Storage,AmazonS3,123412340534,,,,,,,,11.0,Requests,,8EZXHxxxxxx2R35H,8EZXHUYH7B92Rxxx.xxxxxxxxxx.xxx6EN2CT7,5.5e-6,0.0000605,11.0,Requests
2023-11-05T00:00:00.000+0000,2023-11-05T01:00:00.000+0000,Recurring,"$0.0055 per 1,000 PUT, COPY, POST, or LIST requests",Usage,2023-11-01T00:00:00.000+0000,2023-12-01T00:00:00.000+0000,AWS,"Amazon Web Services Canada, Inc.","Amazon Web Services Canada, Inc.",123412340534,0.000011,USD,0.000011,ca-central-1,Storage,AmazonS3,123412340534,,,,,,,,2.0,Requests,,8EZXHxxxxxx2R35H,8EZXHUYH7B92Rxxx.xxxxxxxxxx.xxx6EN2CT7,5.5e-6,0.000011,2.0,Requests
2023-11-05T00:00:00.000+0000,2023-11-05T01:00:00.000+0000,Recurring,"$0.0055 per 1,000 PUT, COPY, POST, or LIST requests",Usage,2023-11-01T00:00:00.000+0000,2023-12-01T00:00:00.000+0000,AWS,"Amazon Web Services Canada, Inc.","Amazon Web Services Canada, Inc.",123412340534,0.000011,USD,0.000011,ca-central-1,Storage,AmazonS3,123412340534,,,,,,,,2.0,Requests,,8EZXHxxxxxx2R35H,8EZXHUYH7B92Rxxx.xxxxxxxxxx.xxx6EN2CT7,5.5e-6,0.000011,2.0,Requests
2023-11-06T09:00:00.000+0000,2023-11-06T21:00:00.000+0000,Recurring,"$0.0055 per 1,000 PUT, COPY, POST, or LIST requests",Usage,2023-11-01T00:00:00.000+0000,2023-12-01T00:00:00.000+0000,AWS,"Amazon Web Services Canada, Inc.","Amazon Web Services Canada, Inc.",123412340534,0.000011,USD,0.000011,ca-central-1,Storage,AmazonS3,123412340534,,,,,,,,2.0,Requests,,8EZXHxxxxxx2R35H,8EZXHUYH7B92Rxxx.xxxxxxxxxx.xxx6EN2CT7,5.5e-6,0.000011,2.0,Requests
2023-11-06T05:00:00.000+0000,2023-11-06T07:00:00.000+0000,Recurring,"$0.0055 per 1,000 PUT, COPY, POST, or LIST requests",Usage,2023-11-01T00:00:00.000+0000,2023-12-01T00:00:00.000+0000,AWS,"Amazon Web Services Canada, Inc.","Amazon Web Services Canada, Inc.",123412340534,0.0000825,USD,0.0000825,ca-central-1,Storage,AmazonS3,123412340534,,,,,,,,15.0,Requests,,8EZXHxxxxxx2R35H,8EZXHUYH7B92Rxxx.xxxxxxxxxx.xxx6EN2CT7,5.5e-6,0.0000825,15.0,Requests
2023-11-06T09:00:00.000+0000,2023-11-06T21:00:00.000+0000,Recurring,"$0.0055 per 1,000 PUT, COPY, POST, or LIST requests",Usage,2023-11-01T00:00:00.000+0000,2023-12-01T00:00:00.000+0000,AWS,"Amazon Web Services Canada, Inc.","Amazon Web Services Canada, Inc.",123412340534,0.000022,USD,0.000022,ca-central-1,Storage,AmazonS3,123412340534,,,,,,,,4.0,Requests,,8EZXHxxxxxx2R35H,8EZXHUYH7B92Rxxx.xxxxxxxxxx.xxx6EN2CT7,5.5e-6,0.000022,4.0,Requests
2023-11-07T07:00:00.000+0000,2023-11-07T17:00:00.000+0000,Recurring,"$0.0055 per 1,000 PUT, COPY, POST, or LIST requests",Usage,2023-11-01T00:00:00.000+0000,2023-12-01T00:00:00.000+0000,AWS,"Amazon Web Services Canada, Inc.","Amazon Web Services Canada, Inc.",123412340534,0.000011,USD,0.000011,ca-central-1,Storage,AmazonS3,123412340534,,,,,,,,2.0,Requests,,8EZXHxxxxxx2R35H,8EZXHUYH7B92Rxxx.xxxxxxxxxx.xxx6EN2CT7,5.5e-6,0.000011,2.0,Requests
2023-11-07T00:00:00.000+0000,2023-11-07T06:00:00.000+0000,Recurring,"$0.0055 per 1,000 PUT, COPY, POST, or LIST requests",Usage,2023-11-01T00:00:00.000+0000,2023-12-01T00:00:00.000+0000,AWS,"Amazon Web Services Canada, Inc.","Amazon Web Services Canada, Inc.",123412340534,0.000363,USD,0.000363,ca-central-1,Storage,AmazonS3,123412340534,,,,,,,,66.0,Requests,,8EZXHxxxxxx2R35H,8EZXHUYH7B92Rxxx.xxxxxxxxxx.xxx6EN2CT7,5.5e-6,0.000363,66.0,Requests
2023-11-07T03:00:00.000+0000,2023-11-07T17:00:00.000+0000,Recurring,"$0.0055 per 1,000 PUT, COPY, POST, or LIST requests",Usage,2023-11-01T00:00:00.000+0000,2023-12-01T00:00:00.000+0000,AWS,"Amazon Web Services Canada, Inc.","Amazon Web Services Canada, Inc.",123412340534,0.000759,USD,0.000759,ca-central-1,Storage,AmazonS3,123412340534,,,,,,,,138.0,Requests,,8EZXHxxxxxx2R35H,8EZXHUYH7B92Rxxx.xxxxxxxxxx.xxx6EN2CT7,5.5e-6,0.000759,138.0,Requests
2023-11-07T04:00:00.000+0000,2023-11-07T05:00:00.000+0000,Recurring,"$0.0055 per 1,000 PUT, COPY, POST, or LIST requests",Usage,2023-11-01T00:00:00.000+0000,2023-12-01T00:00:00.000+0000,AWS,"Amazon Web Services Canada, Inc.","Amazon Web Services Canada, Inc.",123412340534,5.5e-6,USD,5.5e-6,ca-central-1,Storage,AmazonS3,123412340534,,,,,,,,1.0,Requests,,8EZXHxxxxxx2R35H,8EZXHUYH7B92Rxxx.xxxxxxxxxx.xxx6EN2CT7,5.5e-6,5.5e-6,1.0,Requests
2023-11-07T04:00:00.000+0000,2023-11-07T05:00:00.000+0000,Recurring,"$0.0055 per 1,000 PUT, COPY, POST, or LIST requests",Usage,2023-11-01T00:00:00.000+0000,2023-12-01T00:00:00.000+0000,AWS,"Amazon Web Services Canada, Inc.","Amazon Web Services Canada, Inc.",123412340534,5.5e-6,USD,5.5e-6,ca-central-1,Storage,AmazonS3,123412340534,,,,,,,,1.0,Requests,,8EZXHxxxxxx2R35H,8EZXHUYH7B92Rxxx.xxxxxxxxxx.xxx6EN2CT7,5.5e-6,5.5e-6,1.0,Requests
2023-11-07T03:00:00.000+0000,2023-11-07T04:00:00.000+0000,Recurring,"$0.0055 per 1,000 PUT, COPY, POST, or LIST requests",Usage,2023-11-01T00:00:00.000+0000,2023-12-01T00:00:00.000+0000,AWS,"Amazon Web Services Canada, Inc.","Amazon Web Services Canada, Inc.",123412340534,5.5e-6,USD,5.5e-6,ca-central-1,Storage,AmazonS3,123412340534,,,,,,,,1.0,Requests,,8EZXHxxxxxx2R35H,8EZXHUYH7B92Rxxx.xxxxxxxxxx.xxx6EN2CT7,5.5e-6,5.5e-6,1.0,Requests
2023-11-07T03:00:00.000+0000,2023-11-07T04:00:00.000+0000,Recurring,"$0.0055 per 1,000 PUT, COPY, POST, or LIST requests",Usage,2023-11-01T00:00:00.000+0000,2023-12-01T00:00:00.000+0000,AWS,"Amazon Web Services Canada, Inc.","Amazon Web Services Canada, Inc.",123412340534,5.5e-6,USD,5.5e-6,ca-central-1,Storage,AmazonS3,123412340534,,,,,,,,1.0,Requests,,8EZXHxxxxxx2R35H,8EZXHUYH7B92Rxxx.xxxxxxxxxx.xxx6EN2CT7,5.5e-6,5.5e-6,1.0,Requests
2023-11-08T01:00:00.000+0000,2023-11-08T20:00:00.000+0000,Recurring,"$0.0055 per 1,000 PUT, COPY, POST, or LIST requests",Usage,2023-11-01T00:00:00.000+0000,2023-12-01T00:00:00.000+0000,AWS,"Amazon Web Services Canada, Inc.","Amazon Web Services Canada, Inc.",123412340534,0.0000165,USD,0.0000165,ca-central-1,Storage,AmazonS3,123412340534,,,,,,,,3.0,Requests,,8EZXHxxxxxx2R35H,8EZXHUYH7B92Rxxx.xxxxxxxxxx.xxx6EN2CT7,5.5e-6,0.0000165,3.0,Requests
2023-11-08T01:00:00.000+0000,2023-11-08T20:00:00.000+0000,Recurring,"$0.0055 per 1,000 PUT, COPY, POST, or LIST requests",Usage,2023-11-01T00:00:00.000+0000,2023-12-01T00:00:00.000+0000,AWS,"Amazon Web Services Canada, Inc.","Amazon Web Services Canada, Inc.",123412340534,0.000033,USD,0.000033,ca-central-1,Storage,AmazonS3,123412340534,,,,,,,,6.0,Requests,,8EZXHxxxxxx2R35H,8EZXHUYH7B92Rxxx.xxxxxxxxxx.xxx6EN2CT7,5.5e-6,0.000033,6.0,Requests
2023-11-09T10:00:00.000+0000,2023-11-09T11:00:00.000+0000,Recurring,"$0.0055 per 1,000 PUT, COPY, POST, or LIST requests",Usage,2023-11-01T00:00:00.000+0000,2023-12-01T00:00:00.000+0000,AWS,"Amazon Web Services Canada, Inc.","Amazon Web Services Canada, Inc.",123412340534,5.5e-6,USD,5.5e-6,ca-central-1,Storage,AmazonS3,123412340534,,,,,,,,1.0,Requests,,8EZXHxxxxxx2R35H,8EZXHUYH7B92Rxxx.xxxxxxxxxx.xxx6EN2CT7,5.5e-6,5.5e-6,1.0,Requests
2023-11-09T10:00:00.000+0000,2023-11-09T11:00:00.000+0000,Recurring,"$0.0055 per 1,000 PUT, COPY, POST, or LIST requests",Usage,2023-11-01T00:00:00.000+0000,2023-12-01T00:00:00.000+0000,AWS,"Amazon Web Services Canada, Inc.","Amazon Web Services Canada, Inc.",123412340534,0.000011,USD,0.000011,ca-central-1,Storage,AmazonS3,123412340534,,,,,,,,2.0,Requests,,8EZXHxxxxxx2R35H,8EZXHUYH7B92Rxxx.xxxxxxxxxx.xxx6EN2CT7,5.5e-6,0.000011,2.0,Requests
2023-11-10T02:00:00.000+0000,2023-11-10T19:00:00.000+0000,Recurring,"$0.0055 per 1,000 PUT, COPY, POST, or LIST requests",Usage,2023-11-01T00:00:00.000+0000,2023-12-01T00:00:00.000+0000,AWS,"Amazon Web Services Canada, Inc.","Amazon Web Services Canada, Inc.",123412340534,0.0000165,USD,0.0000165,ca-central-1,Storage,AmazonS3,123412340534,,,,,,,,3.0,Requests,,8EZXHxxxxxx2R35H,8EZXHUYH7B92Rxxx.xxxxxxxxxx.xxx6EN2CT7,5.5e-6,0.0000165,3.0,Requests
2023-11-10T02:00:00.000+0000,2023-11-10T19:00:00.000+0000,Recurring,"$0.0055 per 1,000 PUT, COPY, POST, or LIST requests",Usage,2023-11-01T00:00:00.000+0000,2023-12-01T00:00:00.000+0000,AWS,"Amazon Web Services Canada, Inc.","Amazon Web Services Canada, Inc.",123412340534,0.000033,USD,0.000033,ca-central-1,Storage,AmazonS3,123412340534,,,,,,,,6.0,Requests,,8EZXHxxxxxx2R35H,8EZXHUYH7B92Rxxx.xxxxxxxxxx.xxx6EN2CT7,5.5e-6,0.000033,6.0,Requests
2023-11-11T03:00:00.000+0000,2023-11-11T15:00:00.000+0000,Recurring,"$0.0055 per 1,000 PUT, COPY, POST, or LIST requests",Usage,2023-11-01T00:00:00.000+0000,2023-12-01T00:00:00.000+0000,AWS,"Amazon Web Services Canada, Inc.","Amazon Web Services Canada, Inc.",123412340534,0.000011,USD,0.000011,ca-central-1,Storage,AmazonS3,123412340534,,,,,,,,2.0,Requests,,8EZXHxxxxxx2R35H,8EZXHUYH7B92Rxxx.xxxxxxxxxx.xxx6EN2CT7,5.5e-6,0.000011,2.0,Requests
2023-11-11T03:00:00.000+0000,2023-11-11T15:00:00.000+0000,Recurring,"$0.0055 per 1,000 PUT, COPY, POST, or LIST requests",Usage,2023-11-01T00:00:00.000+0000,2023-12-01T00:00:00.000+0000,AWS,"Amazon Web Services Canada, Inc.","Amazon Web Services Canada, Inc.",123412340534,0.000022,USD,0.000022,ca-central-1,Storage,AmazonS3,123412340534,,,,,,,,4.0,Requests,,8EZXHxxxxxx2R35H,8EZXHUYH7B92Rxxx.xxxxxxxxxx.xxx6EN2CT7,5.5e-6,0.000022,4.0,Requests
2023-11-12T03:00:00.000+0000,2023-11-12T12:00:00.000+0000,Recurring,"$0.0055 per 1,000 PUT, COPY, POST, or LIST requests",Usage,2023-11-01T00:00:00.000+0000,2023-12-01T00:00:00.000+0000,AWS,"Amazon Web Services Canada, Inc.","Amazon Web Services Canada, Inc.",123412340534,0.000011,USD,0.000011,ca-central-1,Storage,AmazonS3,123412340534,,,,,,,,2.0,Requests,,8EZXHxxxxxx2R35H,8EZXHUYH7B92Rxxx.xxxxxxxxxx.xxx6EN2CT7,5.5e-6,0.000011,2.0,Requests
2023-11-12T00:00:00.000+0000,2023-11-12T01:00:00.000+0000,Recurring,"$0.0055 per 1,000 PUT, COPY, POST, or LIST requests",Usage,2023-11-01T00:00:00.000+0000,2023-12-01T00:00:00.000+0000,AWS,"Amazon Web Services Canada, Inc.","Amazon Web Services Canada, Inc.",123412340534,0.0000275,USD,0.0000275,ca-central-1,Storage,AmazonS3,123412340534,,,,,,,,5.0,Requests,,8EZXHxxxxxx2R35H,8EZXHUYH7B92Rxxx.xxxxxxxxxx.xxx6EN2CT7,5.5e-6,0.000027499999999999998,5.0,Requests
2023-11-12T03:00:00.000+0000,2023-11-12T20:00:00.000+0000,Recurring,"$0.0055 per 1,000 PUT, COPY, POST, or LIST requests",Usage,2023-11-01T00:00:00.000+0000,2023-12-01T00:00:00.000+0000,AWS,"Amazon Web Services Canada, Inc.","Amazon Web Services Canada, Inc.",123412340534,0.0000275,USD,0.0000275,ca-central-1,Storage,AmazonS3,123412340534,,,,,,,,5.0,Requests,,8EZXHxxxxxx2R35H,8EZXHUYH7B92Rxxx.xxxxxxxxxx.xxx6EN2CT7,5.5e-6,0.000027499999999999998,5.0,Requests
2023-11-13T00:00:00.000+0000,2023-11-13T19:00:00.000+0000,Recurring,"$0.0055 per 1,000 PUT, COPY, POST, or LIST requests",Usage,2023-11-01T00:00:00.000+0000,2023-12-01T00:00:00.000+0000,AWS,"Amazon Web Services Canada, Inc.","Amazon Web Services Canada, Inc.",123412340534,0.0000165,USD,0.0000165,ca-central-1,Storage,AmazonS3,123412340534,,,,,,,,3.0,Requests,,8EZXHxxxxxx2R35H,8EZXHUYH7B92Rxxx.xxxxxxxxxx.xxx6EN2CT7,5.5e-6,0.0000165,3.0,Requests
2023-11-13T05:00:00.000+0000,2023-11-13T06:00:00.000+0000,Recurring,"$0.0055 per 1,000 PUT, COPY, POST, or LIST requests",Usage,2023-11-01T00:00:00.000+0000,2023-12-01T00:00:00.000+0000,AWS,"Amazon Web Services Canada, Inc.","Amazon Web Services Canada, Inc.",123412340534,0.000022,USD,0.000022,ca-central-1,Storage,AmazonS3,123412340534,,,,,,,,4.0,Requests,,8EZXHxxxxxx2R35H,8EZXHUYH7B92Rxxx.xxxxxxxxxx.xxx6EN2CT7,5.5e-6,0.000022,4.0,Requests
2023-11-13T00:00:00.000+0000,2023-11-13T19:00:00.000+0000,Recurring,"$0.0055 per 1,000 PUT, COPY, POST, or LIST requests",Usage,2023-11-01T00:00:00.000+0000,2023-12-01T00:00:00.000+0000,AWS,"Amazon Web Services Canada, Inc.","Amazon Web Services Canada, Inc.",123412340534,0.0000275,USD,0.0000275,ca-central-1,Storage,AmazonS3,123412340534,,,,,,,,5.0,Requests,,8EZXHxxxxxx2R35H,8EZXHUYH7B92Rxxx.xxxxxxxxxx.xxx6EN2CT7,5.5e-6,0.000027499999999999998,5.0,Requests
2023-11-14T03:00:00.000+0000,2023-11-14T04:00:00.000+0000,Recurring,"$0.0055 per 1,000 PUT, COPY, POST, or LIST requests",Usage,2023-11-01T00:00:00.000+0000,2023-12-01T00:00:00.000+0000,AWS,"Amazon Web Services Canada, Inc.","Amazon Web Services Canada, Inc.",123412340534,5.5e-6,USD,5.5e-6,ca-central-1,Storage,AmazonS3,123412340534,,,,,,,,1.0,Requests,,8EZXHxxxxxx2R35H,8EZXHUYH7B92Rxxx.xxxxxxxxxx.xxx6EN2CT7,5.5e-6,5.5e-6,1.0,Requests
2023-11-14T02:00:00.000+0000,2023-11-14T04:00:00.000+0000,Recurring,"$0.0055 per 1,000 PUT, COPY, POST, or LIST requests",Usage,2023-11-01T00:00:00.000+0000,2023-12-01T00:00:00.000+0000,AWS,"Amazon Web Services Canada, Inc.","Amazon Web Services Canada, Inc.",123412340534,0.000011,USD,0.000011,ca-central-1,Storage,AmazonS3,123412340534,,,,,,,,2.0,Requests,,8EZXHxxxxxx2R35H,8EZXHUYH7B92Rxxx.xxxxxxxxxx.xxx6EN2CT7,5.5e-6,0.000011,2.0,Requests
2023-11-04T23:00:00.000+0000,2023-11-05T00:00:00.000+0000,Recurring,"First 1,000,000 Amazon SQS Requests per month are free",Usage,2023-11-01T00:00:00.000+0000,2023-12-01T00:00:00.000+0000,AWS,"Amazon Web Services Canada, Inc.","Amazon Web Services Canada, Inc.",123412340534,0.0,USD,0.0,us-east-1,Integration,AWSQueueService,123412340534,,,,,,,,1.0,Requests,,8RN6BxxxxxxHRXP3,8RN6B8U4MERHRxxx.xxxxxxxxxx.xxx6EN2CT7,4e-7,4e-7,1.0,Requests
2023-11-05T18:00:00.000+0000,2023-11-05T19:00:00.000+0000,Recurring,"First 1,000,000 Amazon SQS Requests per month are free",Usage,2023-11-01T00:00:00.000+0000,2023-12-01T00:00:00.000+0000,AWS,"Amazon Web Services Canada, Inc.","Amazon Web Services Canada, Inc.",123412340534,0.0,USD,0.0,us-east-1,Integration,AWSQueueService,123412340534,,,,,,,,3.0,Requests,,8RN6BxxxxxxHRXP3,8RN6B8U4MERHRxxx.xxxxxxxxxx.xxx6EN2CT7,4e-7,1.2e-6,3.0,Requests
2023-11-11T18:00:00.000+0000,2023-11-11T19:00:00.000+0000,Recurring,"First 1,000,000 Amazon SQS Requests per month are free",Usage,2023-11-01T00:00:00.000+0000,2023-12-01T00:00:00.000+0000,AWS,"Amazon Web Services Canada, Inc.","Amazon Web Services Canada, Inc.",123412340534,0.0,USD,0.0,us-east-1,Integration,AWSQueueService,123412340534,,,,,,,,1.0,Requests,,8RN6BxxxxxxHRXP3,8RN6B8U4MERHRxxx.xxxxxxxxxx.xxx6EN2CT7,4e-7,4e-7,1.0,Requests
2023-11-04T23:00:00.000+0000,2023-11-05T00:00:00.000+0000,Recurring,$0.02 per GB - US West (Oregon) data transfer to Asia Pacific (Mumbai),Usage,2023-11-01T00:00:00.000+0000,2023-12-01T00:00:00.000+0000,AWS,"Amazon Web Services Canada, Inc.","Amazon Web Services Canada, Inc.",123412340534,5.2e-9,USD,5.2e-9,us-west-2,Storage,AmazonS3,123412340534,,,,,,,,2.552e-7,GB,,8UW4Nxxxxxx8WJH7,8UW4N2NE9BX8Wxxx.xxxxxxxxxx.xxx6EN2CT7,0.02,5.1040000000000006e-9,2.552e-7,GB
2023-11-08T22:00:00.000+0000,2023-11-08T23:00:00.000+0000,Recurring,$0.02 per GB - US West (Oregon) data transfer to Asia Pacific (Mumbai),Usage,2023-11-01T00:00:00.000+0000,2023-12-01T00:00:00.000+0000,AWS,"Amazon Web Services Canada, Inc.","Amazon Web Services Canada, Inc.",123412340534,5.2e-9,USD,5.2e-9,us-west-2,Storage,AmazonS3,123412340534,,,,,,,,2.552e-7,GB,,8UW4Nxxxxxx8WJH7,8UW4N2NE9BX8Wxxx.xxxxxxxxxx.xxx6EN2CT7,0.02,5.1040000000000006e-9,2.552e-7,GB
2023-11-13T22:00:00.000+0000,2023-11-13T23:00:00.000+0000,Recurring,$0.02 per GB - US West (Oregon) data transfer to Asia Pacific (Mumbai),Usage,2023-11-01T00:00:00.000+0000,2023-12-01T00:00:00.000+0000,AWS,"Amazon Web Services Canada, Inc.","Amazon Web Services Canada, Inc.",123412340534,5.2e-9,USD,5.2e-9,us-west-2,Storage,AmazonS3,123412340534,,,,,,,,2.552e-7,GB,,8UW4Nxxxxxx8WJH7,8UW4N2NE9BX8Wxxx.xxxxxxxxxx.xxx6EN2CT7,0.02,5.1040000000000006e-9,2.552e-7,GB
2023-11-04T23:00:00.000+0000,2023-11-05T00:00:00.000+0000,Recurring,$0.02 per GB - US East (Northern Virginia) data transfer to US West (Northern California),Usage,2023-11-01T00:00:00.000+0000,2023-12-01T00:00:00.000+0000,AWS,"Amazon Web Services Canada, Inc.","Amazon Web Services Canada, Inc.",123412340534,1.79e-8,USD,1.79e-8,us-east-1,Storage,AmazonS3,123412340534,,,,,,,,8.941e-7,GB,,8X3QUxxxxxxAXZK3,8X3QU4DYXVJAXxxx.xxxxxxxxxx.xxx6EN2CT7,0.02,1.7882e-8,8.941e-7,GB
2023-11-04T23:00:00.000+0000,2023-11-05T00:00:00.000+0000,Recurring,$0.02 per GB - US East (Northern Virginia) data transfer to US West (Northern California),Usage,2023-11-01T00:00:00.000+0000,2023-12-01T00:00:00.000+0000,AWS,"Amazon Web Services Canada, Inc.","Amazon Web Services Canada, Inc.",123412340534,1.3e-9,USD,1.3e-9,us-east-1,Storage,AmazonS3,123412340534,,,,,,,,6.71e-8,GB,,8X3QUxxxxxxAXZK3,8X3QU4DYXVJAXxxx.xxxxxxxxxx.xxx6EN2CT7,0.02,1.342e-9,6.71e-8,GB
2023-11-04T23:00:00.000+0000,2023-11-05T00:00:00.000+0000,Recurring,$0.02 per GB - US East (Northern Virginia) data transfer to US West (Northern California),Usage,2023-11-01T00:00:00.000+0000,2023-12-01T00:00:00.000+0000,AWS,"Amazon Web Services Canada, Inc.","Amazon Web Services Canada, Inc.",123412340534,9e-9,USD,9e-9,us-east-1,Storage,AmazonS3,123412340534,,,,,,,,4.498e-7,GB,,8X3QUxxxxxxAXZK3,8X3QU4DYXVJAXxxx.xxxxxxxxxx.xxx6EN2CT7,0.02,8.996e-9,4.498e-7,GB
2023-11-04T23:00:00.000+0000,2023-11-05T00:00:00.000+0000,Recurring,$0.02 per GB - US East (Northern Virginia) data transfer to US West (Northern California),Usage,2023-11-01T00:00:00.000+0000,2023-12-01T00:00:00.000+0000,AWS,"Amazon Web Services Canada, Inc.","Amazon Web Services Canada, Inc.",123412340534,1.8e-9,USD,1.8e-9,us-east-1,Storage,AmazonS3,123412340534,,,,,,,,8.85e-8,GB,,8X3QUxxxxxxAXZK3,8X3QU4DYXVJAXxxx.xxxxxxxxxx.xxx6EN2CT7,0.02,1.77e-9,8.85e-8,GB
2023-11-05T20:00:00.000+0000,2023-11-05T21:00:00.000+0000,Recurring,$0.02 per GB - US East (Northern Virginia) data transfer to US West (Northern California),Usage,2023-11-01T00:00:00.000+0000,2023-12-01T00:00:00.000+0000,AWS,"Amazon Web Services Canada, Inc.","Amazon Web Services Canada, Inc.",123412340534,1.8e-9,USD,1.8e-9,us-east-1,Storage,AmazonS3,123412340534,,,,,,,,8.85e-8,GB,,8X3QUxxxxxxAXZK3,8X3QU4DYXVJAXxxx.xxxxxxxxxx.xxx6EN2CT7,0.02,1.77e-9,8.85e-8,GB
2023-11-06T20:00:00.000+0000,2023-11-06T21:00:00.000+0000,Recurring,$0.02 per GB - US East (Northern Virginia) data transfer to US West (Northern California),Usage,2023-11-01T00:00:00.000+0000,2023-12-01T00:00:00.000+0000,AWS,"Amazon Web Services Canada, Inc.","Amazon Web Services Canada, Inc.",123412340534,1.3e-9,USD,1.3e-9,us-east-1,Storage,AmazonS3,123412340534,,,,,,,,6.71e-8,GB,,8X3QUxxxxxxAXZK3,8X3QU4DYXVJAXxxx.xxxxxxxxxx.xxx6EN2CT7,0.02,1.342e-9,6.71e-8,GB
2023-11-08T14:00:00.000+0000,2023-11-08T15:00:00.000+0000,Recurring,$0.02 per GB - US East (Northern Virginia) data transfer to US West (Northern California),Usage,2023-11-01T00:00:00.000+0000,2023-12-01T00:00:00.000+0000,AWS,"Amazon Web Services Canada, Inc.","Amazon Web Services Canada, Inc.",123412340534,4.59e-8,USD,4.59e-8,us-east-1,Storage,AmazonS3,123412340534,,,,,,,,2.293e-6,GB,,8X3QUxxxxxxAXZK3,8X3QU4DYXVJAXxxx.xxxxxxxxxx.xxx6EN2CT7,0.02,4.586e-8,2.293e-6,GB
2023-11-08T14:00:00.000+0000,2023-11-08T15:00:00.000+0000,Recurring,$0.02 per GB - US East (Northern Virginia) data transfer to US West (Northern California),Usage,2023-11-01T00:00:00.000+0000,2023-12-01T00:00:00.000+0000,AWS,"Amazon Web Services Canada, Inc.","Amazon Web Services Canada, Inc.",123412340534,1.52e-8,USD,1.52e-8,us-east-1,Storage,AmazonS3,123412340534,,,,,,,,7.609e-7,GB,,8X3QUxxxxxxAXZK3,8X3QU4DYXVJAXxxx.xxxxxxxxxx.xxx6EN2CT7,0.02,1.5218e-8,7.609e-7,GB
2023-11-10T20:00:00.000+0000,2023-11-10T21:00:00.000+0000,Recurring,$0.02 per GB - US East (Northern Virginia) data transfer to US West (Northern California),Usage,2023-11-01T00:00:00.000+0000,2023-12-01T00:00:00.000+0000,AWS,"Amazon Web Services Canada, Inc.","Amazon Web Services Canada, Inc.",123412340534,1.8e-9,USD,1.8e-9,us-east-1,Storage,AmazonS3,123412340534,,,,,,,,8.85e-8,GB,,8X3QUxxxxxxAXZK3,8X3QU4DYXVJAXxxx.xxxxxxxxxx.xxx6EN2CT7,0.02,1.77e-9,8.85e-8,GB
2023-11-11T20:00:00.000+0000,2023-11-11T21:00:00.000+0000,Recurring,$0.02 per GB - US East (Northern Virginia) data transfer to US West (Northern California),Usage,2023-11-01T00:00:00.000+0000,2023-12-01T00:00:00.000+0000,AWS,"Amazon Web Services Canada, Inc.","Amazon Web Services Canada, Inc.",123412340534,1.3e-9,USD,1.3e-9,us-east-1,Storage,AmazonS3,123412340534,,,,,,,,6.71e-8,GB,,8X3QUxxxxxxAXZK3,8X3QU4DYXVJAXxxx.xxxxxxxxxx.xxx6EN2CT7,0.02,1.342e-9,6.71e-8,GB
2023-11-13T14:00:00.000+0000,2023-11-13T15:00:00.000+0000,Recurring,$0.02 per GB - US East (Northern Virginia) data transfer to US West (Northern California),Usage,2023-11-01T00:00:00.000+0000,2023-12-01T00:00:00.000+0000,AWS,"Amazon Web Services Canada, Inc.","Amazon Web Services Canada, Inc.",123412340534,4.57e-8,USD,4.57e-8,us-east-1,Storage,AmazonS3,123412340534,,,,,,,,2.2818e-6,GB,,8X3QUxxxxxxAXZK3,8X3QU4DYXVJAXxxx.xxxxxxxxxx.xxx6EN2CT7,0.02,4.5636e-8,2.2818e-6,GB
2023-11-13T14:00:00.000+0000,2023-11-13T15:00:00.000+0000,Recurring,$0.02 per GB - US East (Northern Virginia) data transfer to US West (Northern California),Usage,2023-11-01T00:00:00.000+0000,2023-12-01T00:00:00.000+0000,AWS,"Amazon Web Services Canada, Inc.","Amazon Web Services Canada, Inc.",123412340534,1.52e-8,USD,1.52e-8,us-east-1,Storage,AmazonS3,123412340534,,,,,,,,7.609e-7,GB,,8X3QUxxxxxxAXZK3,8X3QU4DYXVJAXxxx.xxxxxxxxxx.xxx6EN2CT7,0.02,1.5218e-8,7.609e-7,GB
2023-11-04T23:00:00.000+0000,2023-11-05T00:00:00.000+0000,Recurring,"First 1,000,000 Amazon SQS Requests per month are free",Usage,2023-11-01T00:00:00.000+0000,2023-12-01T00:00:00.000+0000,AWS,"Amazon Web Services Canada, Inc.","Amazon Web Services Canada, Inc.",123412340534,0.0,USD,0.0,us-east-2,Integration,AWSQueueService,123412340534,,,,,,,,1.0,Requests,,9C8YFxxxxxx9HP9A,9C8YFGPNBKF9Hxxx.xxxxxxxxxx.xxx6EN2CT7,4e-7,4e-7,1.0,Requests
2023-11-05T18:00:00.000+0000,2023-11-05T19:00:00.000+0000,Recurring,"First 1,000,000 Amazon SQS Requests per month are free",Usage,2023-11-01T00:00:00.000+0000,2023-12-01T00:00:00.000+0000,AWS,"Amazon Web Services Canada, Inc.","Amazon Web Services Canada, Inc.",123412340534,0.0,USD,0.0,us-east-2,Integration,AWSQueueService,123412340534,,,,,,,,2.0,Requests,,9C8YFxxxxxx9HP9A,9C8YFGPNBKF9Hxxx.xxxxxxxxxx.xxx6EN2CT7,4e-7,8e-7,2.0,Requests
2023-11-07T07:00:00.000+0000,2023-11-07T08:00:00.000+0000,Recurring,"First 1,000,000 Amazon SQS Requests per month are free",Usage,2023-11-01T00:00:00.000+0000,2023-12-01T00:00:00.000+0000,AWS,"Amazon Web Services Canada, Inc.","Amazon Web Services Canada, Inc.",123412340534,0.0,USD,0.0,us-east-2,Integration,AWSQueueService,123412340534,,,,,,,,1.0,Requests,,9C8YFxxxxxx9HP9A,9C8YFGPNBKF9Hxxx.xxxxxxxxxx.xxx6EN2CT7,4e-7,4e-7,1.0,Requests
2023-11-12T07:00:00.000+0000,2023-11-12T08:00:00.000+0000,Recurring,"First 1,000,000 Amazon SQS Requests per month are free",Usage,2023-11-01T00:00:00.000+0000,2023-12-01T00:00:00.000+0000,AWS,"Amazon Web Services Canada, Inc.","Amazon Web Services Canada, Inc.",123412340534,0.0,USD,0.0,us-east-2,Integration,AWSQueueService,123412340534,,,,,,,,1.0,Requests,,9C8YFxxxxxx9HP9A,9C8YFGPNBKF9Hxxx.xxxxxxxxxx.xxx6EN2CT7,4e-7,4e-7,1.0,Requests
2023-11-06T00:00:00.000+0000,2023-11-06T01:00:00.000+0000,Recurring,$0.025 per GB - first 50 TB / month of storage used,Usage,2023-11-01T00:00:00.000+0000,2023-12-01T00:00:00.000+0000,AWS,"Amazon Web Services Canada, Inc.","Amazon Web Services Canada, Inc.",123412340534,3.55e-8,USD,3.55e-8,ca-central-1,Storage,AmazonS3,123412340534,,,,,,,,1.4219e-6,GB-Mo,,9MDYGxxxxxxXXTJF,9MDYGCA9S4SXXxxx.xxxxxxxxxx.xxxJ3S3EYE,0.025,3.55475e-8,1.4219e-6,GB-Mo
2023-11-07T00:00:00.000+0000,2023-11-07T01:00:00.000+0000,Recurring,$0.025 per GB - first 50 TB / month of storage used,Usage,2023-11-01T00:00:00.000+0000,2023-12-01T00:00:00.000+0000,AWS,"Amazon Web Services Canada, Inc.","Amazon Web Services Canada, Inc.",123412340534,3.11e-8,USD,3.11e-8,ca-central-1,Storage,AmazonS3,123412340534,,,,,,,,1.2432e-6,GB-Mo,,9MDYGxxxxxxXXTJF,9MDYGCA9S4SXXxxx.xxxxxxxxxx.xxxJ3S3EYE,0.025,3.1080000000000004e-8,1.2432e-6,GB-Mo
2023-11-08T00:00:00.000+0000,2023-11-08T01:00:00.000+0000,Recurring,$0.025 per GB - first 50 TB / month of storage used,Usage,2023-11-01T00:00:00.000+0000,2023-12-01T00:00:00.000+0000,AWS,"Amazon Web Services Canada, Inc.","Amazon Web Services Canada, Inc.",123412340534,1.801e-7,USD,1.801e-7,ca-central-1,Storage,AmazonS3,123412340534,,,,,,,,7.2027e-6,GB-Mo,,9MDYGxxxxxxXXTJF,9MDYGCA9S4SXXxxx.xxxxxxxxxx.xxxJ3S3EYE,0.025,1.800675e-7,7.2027e-6,GB-Mo
2023-11-09T00:00:00.000+0000,2023-11-09T01:00:00.000+0000,Recurring,$0.025 per GB - first 50 TB / month of storage used,Usage,2023-11-01T00:00:00.000+0000,2023-12-01T00:00:00.000+0000,AWS,"Amazon Web Services Canada, Inc.","Amazon Web Services Canada, Inc.",123412340534,1.815e-7,USD,1.815e-7,ca-central-1,Storage,AmazonS3,123412340534,,,,,,,,7.2594e-6,GB-Mo,,9MDYGxxxxxxXXTJF,9MDYGCA9S4SXXxxx.xxxxxxxxxx.xxxJ3S3EYE,0.025,1.8148500000000001e-7,7.2594e-6,GB-Mo
2023-11-10T00:00:00.000+0000,2023-11-10T01:00:00.000+0000,Recurring,$0.025 per GB - first 50 TB / month of storage used,Usage,2023-11-01T00:00:00.000+0000,2023-12-01T00:00:00.000+0000,AWS,"Amazon Web Services Canada, Inc.","Amazon Web Services Canada, Inc.",123412340534,1.833e-7,USD,1.833e-7,ca-central-1,Storage,AmazonS3,123412340534,,,,,,,,7.333e-6,GB-Mo,,9MDYGxxxxxxXXTJF,9MDYGCA9S4SXXxxx.xxxxxxxxxx.xxxJ3S3EYE,0.025,1.83325e-7,7.333e-6,GB-Mo
2023-11-11T00:00:00.000+0000,2023-11-11T01:00:00.000+0000,Recurring,$0.025 per GB - first 50 TB / month of storage used,Usage,2023-11-01T00:00:00.000+0000,2023-12-01T00:00:00.000+0000,AWS,"Amazon Web Services Canada, Inc.","Amazon Web Services Canada, Inc.",123412340534,1.848e-7,USD,1.848e-7,ca-central-1,Storage,AmazonS3,123412340534,,,,,,,,7.3926e-6,GB-Mo,,9MDYGxxxxxxXXTJF,9MDYGCA9S4SXXxxx.xxxxxxxxxx.xxxJ3S3EYE,0.025,1.84815e-7,7.3926e-6,GB-Mo
2023-11-12T00:00:00.000+0000,2023-11-12T01:00:00.000+0000,Recurring,$0.025 per GB - first 50 TB / month of storage used,Usage,2023-11-01T00:00:00.000+0000,2023-12-01T00:00:00.000+0000,AWS,"Amazon Web Services Canada, Inc.","Amazon Web Services Canada, Inc.",123412340534,1.869e-7,USD,1.869e-7,ca-central-1,Storage,AmazonS3,123412340534,,,,,,,,7.4768e-6,GB-Mo,,9MDYGxxxxxxXXTJF,9MDYGCA9S4SXXxxx.xxxxxxxxxx.xxxJ3S3EYE,0.025,1.8692e-7,7.4768e-6,GB-Mo
2023-11-13T00:00:00.000+0000,2023-11-13T01:00:00.000+0000,Recurring,$0.025 per GB - first 50 TB / month of storage used,Usage,2023-11-01T00:00:00.000+0000,2023-12-01T00:00:00.000+0000,AWS,"Amazon Web Services Canada, Inc.","Amazon Web Services Canada, Inc.",123412340534,1.889e-7,USD,1.889e-7,ca-central-1,Storage,AmazonS3,123412340534,,,,,,,,7.5562e-6,GB-Mo,,9MDYGxxxxxxXXTJF,9MDYGCA9S4SXXxxx.xxxxxxxxxx.xxxJ3S3EYE,0.025,1.88905e-7,7.5562e-6,GB-Mo
2023-11-05T04:00:00.000+0000,2023-11-05T05:00:00.000+0000,Recurring,$0.000 per GB - data transfer in per month,Usage,2023-11-01T00:00:00.000+0000,2023-12-01T00:00:00.000+0000,AWS,"Amazon Web Services Canada, Inc.","Amazon Web Services Canada, Inc.",123412340534,0.0,USD,0.0,us-east-1,,AWSCloudShell,123412340534,,,,,,,,5.7332e-6,GB,,9MG5Bxxxxxx2WPAV,9MG5B7V4UUU2Wxxx.xxxxxxxxxx.xxx6EN2CT7,0.0,0.0,5.7332e-6,GB
2023-11-05T18:00:00.000+0000,2023-11-05T19:00:00.000+0000,Recurring,"$0.00 per request - first 1,000,000 requests",Usage,2023-11-01T00:00:00.000+0000,2023-12-01T00:00:00.000+0000,AWS,"Amazon Web Services Canada, Inc.","Amazon Web Services Canada, Inc.",123412340534,0.0,USD,0.0,us-west-2,Management and Governance,AmazonCloudWatch,123412340534,,,,,,,,1.0,Requests,,A2G4RxxxxxxURRK3,A2G4RWMJT5UURxxx.xxxxxxxxxx.xxx6EN2CT7,0.00001,0.00001,1.0,Requests
2023-11-07T05:00:00.000+0000,2023-11-07T07:00:00.000+0000,Recurring,$0.00 per GB - Canada (Central) data transfer from Asia Pacific (Osaka),Usage,2023-11-01T00:00:00.000+0000,2023-12-01T00:00:00.000+0000,AWS,"Amazon Web Services Canada, Inc.","Amazon Web Services Canada, Inc.",123412340534,0.0,USD,0.0,ca-central-1,Storage,AmazonS3,123412340534,,,,,,,,1.0114e-6,GB,,A9WAWxxxxxxK5E3C,A9WAWHRDG8PK5xxx.xxxxxxxxxx.xxx6EN2CT7,0.0,0.0,1.0114e-6,GB
2023-11-04T23:00:00.000+0000,2023-11-05T00:00:00.000+0000,Recurring,"First 1,000,000 Amazon SNS API Requests per month are free",Usage,2023-11-01T00:00:00.000+0000,2023-12-01T00:00:00.000+0000,AWS,"Amazon Web Services Canada, Inc.","Amazon Web Services Canada, Inc.",123412340534,0.0,USD,0.0,eu-west-3,Integration,AmazonSNS,123412340534,,,,,,,,1.0,Requests,,AAX7GxxxxxxCQVNP,AAX7GAZZVJHCQxxx.xxxxxxxxxx.xxxVSFF4TP,5e-7,5e-7,1.0,Requests
2023-11-09T07:00:00.000+0000,2023-11-09T08:00:00.000+0000,Recurring,"First 1,000,000 Amazon SNS API Requests per month are free",Usage,2023-11-01T00:00:00.000+0000,2023-12-01T00:00:00.000+0000,AWS,"Amazon Web Services Canada, Inc.","Amazon Web Services Canada, Inc.",123412340534,0.0,USD,0.0,eu-west-3,Integration,AmazonSNS,123412340534,,,,,,,,1.0,Requests,,AAX7GxxxxxxCQVNP,AAX7GAZZVJHCQxxx.xxxxxxxxxx.xxxVSFF4TP,5e-7,5e-7,1.0,Requests
2023-11-07T05:00:00.000+0000,2023-11-07T06:00:00.000+0000,Recurring,$0.02 per GB - Canada (Central) data transfer to EU (Ireland),Usage,2023-11-01T00:00:00.000+0000,2023-12-01T00:00:00.000+0000,AWS,"Amazon Web Services Canada, Inc.","Amazon Web Services Canada, Inc.",123412340534,8.9e-9,USD,8.9e-9,ca-central-1,Storage,AmazonS3,123412340534,,,,,,,,4.47e-7,GB,,ADWATxxxxxxRFQDU,ADWATZB5J6WRFxxx.xxxxxxxxxx.xxx6EN2CT7,0.02,8.940000000000001e-9,4.47e-7,GB
2023-11-09T20:00:00.000+0000,2023-11-09T21:00:00.000+0000,Recurring,$0.02 per GB - Canada (Central) data transfer to EU (Ireland),Usage,2023-11-01T00:00:00.000+0000,2023-12-01T00:00:00.000+0000,AWS,"Amazon Web Services Canada, Inc.","Amazon Web Services Canada, Inc.",123412340534,7.8e-9,USD,7.8e-9,ca-central-1,Storage,AmazonS3,123412340534,,,,,,,,3.912e-7,GB,,ADWATxxxxxxRFQDU,ADWATZB5J6WRFxxx.xxxxxxxxxx.xxx6EN2CT7,0.02,7.824000000000001e-9,3.912e-7,GB
2023-11-05T04:00:00.000+0000,2023-11-05T06:00:00.000+0000,Recurring,$0.000 per GB - data transfer in per month,Usage,2023-11-01T00:00:00.000+0000,2023-12-01T00:00:00.000+0000,AWS,"Amazon Web Services Canada, Inc.","Amazon Web Services Canada, Inc.",123412340534,0.0,USD,0.0,ca-central-1,,AWSCloudShell,123412340534,,,,,,,,8.5645e-6,GB,,AGTENxxxxxxEWZNM,AGTENEMUME7EWxxx.xxxxxxxxxx.xxx6EN2CT7,0.0,0.0,8.5645e-6,GB
2023-11-04T23:00:00.000+0000,2023-11-05T00:00:00.000+0000,Recurring,$0 for AWS Glue Data Catalog requests under the free tier,Usage,2023-11-01T00:00:00.000+0000,2023-12-01T00:00:00.000+0000,AWS,"Amazon Web Services Canada, Inc.","Amazon Web Services Canada, Inc.",123412340534,0.0,USD,0.0,ap-south-1,Analytics,AWSGlue,123412340534,,,,,,,,2.0,Request,,ANYPRxxxxxxFB9XR,ANYPRZ3SPMBFBxxx.xxxxxxxxxx.xxx6EN2CT7,1e-6,2e-6,2.0,Request
2023-11-09T20:00:00.000+0000,2023-11-09T21:00:00.000+0000,Recurring,$0 for AWS Glue Data Catalog requests under the free tier,Usage,2023-11-01T00:00:00.000+0000,2023-12-01T00:00:00.000+0000,AWS,"Amazon Web Services Canada, Inc.","Amazon Web Services Canada, Inc.",123412340534,0.0,USD,0.0,ap-south-1,Analytics,AWSGlue,123412340534,,,,,,,,1.0,Request,,ANYPRxxxxxxFB9XR,ANYPRZ3SPMBFBxxx.xxxxxxxxxx.xxx6EN2CT7,1e-6,1e-6,1.0,Request
2023-11-10T00:00:00.000+0000,2023-11-10T01:00:00.000+0000,Recurring,$0 for AWS Glue Data Catalog requests under the free tier,Usage,2023-11-01T00:00:00.000+0000,2023-12-01T00:00:00.000+0000,AWS,"Amazon Web Services Canada, Inc.","Amazon Web Services Canada, Inc.",123412340534,0.0,USD,0.0,ap-south-1,Analytics,AWSGlue,123412340534,,,,,,,,1.0,Request,,ANYPRxxxxxxFB9XR,ANYPRZ3SPMBFBxxx.xxxxxxxxxx.xxx6EN2CT7,1e-6,1e-6,1.0,Request
2023-11-04T23:00:00.000+0000,2023-11-05T00:00:00.000+0000,Recurring,$0.02 per GB - US West (Oregon) data transfer to US West (Northern California),Usage,2023-11-01T00:00:00.000+0000,2023-12-01T00:00:00.000+0000,AWS,"Amazon Web Services Canada, Inc.","Amazon Web Services Canada, Inc.",123412340534,5.2e-9,USD,5.2e-9,us-west-2,Storage,AmazonS3,123412340534,,,,,,,,2.552e-7,GB,,ARHHExxxxxxQNZJF,ARHHEUH3WM2QNxxx.xxxxxxxxxx.xxx6EN2CT7,0.02,5.1040000000000006e-9,2.552e-7,GB
2023-11-08T14:00:00.000+0000,2023-11-08T15:00:00.000+0000,Recurring,$0.02 per GB - US West (Oregon) data transfer to US West (Northern California),Usage,2023-11-01T00:00:00.000+0000,2023-12-01T00:00:00.000+0000,AWS,"Amazon Web Services Canada, Inc.","Amazon Web Services Canada, Inc.",123412340534,5.2e-9,USD,5.2e-9,us-west-2,Storage,AmazonS3,123412340534,,,,,,,,2.552e-7,GB,,ARHHExxxxxxQNZJF,ARHHEUH3WM2QNxxx.xxxxxxxxxx.xxx6EN2CT7,0.02,5.1040000000000006e-9,2.552e-7,GB
2023-11-13T14:00:00.000+0000,2023-11-13T15:00:00.000+0000,Recurring,$0.02 per GB - US West (Oregon) data transfer to US West (Northern California),Usage,2023-11-01T00:00:00.000+0000,2023-12-01T00:00:00.000+0000,AWS,"Amazon Web Services Canada, Inc.","Amazon Web Services Canada, Inc.",123412340534,5.2e-9,USD,5.2e-9,us-west-2,Storage,AmazonS3,123412340534,,,,,,,,2.552e-7,GB,,ARHHExxxxxxQNZJF,ARHHEUH3WM2QNxxx.xxxxxxxxxx.xxx6EN2CT7,0.02,5.1040000000000006e-9,2.552e-7,GB
2023-11-04T23:00:00.000+0000,2023-11-05T00:00:00.000+0000,Recurring,$0.02 per GB - US West (Oregon) data transfer to South America (Sao Paulo),Usage,2023-11-01T00:00:00.000+0000,2023-12-01T00:00:00.000+0000,AWS,"Amazon Web Services Canada, Inc.","Amazon Web Services Canada, Inc.",123412340534,5.2e-9,USD,5.2e-9,us-west-2,Storage,AmazonS3,123412340534,,,,,,,,2.552e-7,GB,,AXX2SxxxxxxK2464,AXX2SJ548M3K2xxx.xxxxxxxxxx.xxx6EN2CT7,0.02,5.1040000000000006e-9,2.552e-7,GB
2023-11-05T21:00:00.000+0000,2023-11-05T22:00:00.000+0000,Recurring,$0.02 per GB - US West (Oregon) data transfer to South America (Sao Paulo),Usage,2023-11-01T00:00:00.000+0000,2023-12-01T00:00:00.000+0000,AWS,"Amazon Web Services Canada, Inc.","Amazon Web Services Canada, Inc.",123412340534,5.2e-9,USD,5.2e-9,us-west-2,Storage,AmazonS3,123412340534,,,,,,,,2.552e-7,GB,,AXX2SxxxxxxK2464,AXX2SJ548M3K2xxx.xxxxxxxxxx.xxx6EN2CT7,0.02,5.1040000000000006e-9,2.552e-7,GB
2023-11-10T21:00:00.000+0000,2023-11-10T22:00:00.000+0000,Recurring,$0.02 per GB - US West (Oregon) data transfer to South America (Sao Paulo),Usage,2023-11-01T00:00:00.000+0000,2023-12-01T00:00:00.000+0000,AWS,"Amazon Web Services Canada, Inc.","Amazon Web Services Canada, Inc.",123412340534,5.2e-9,USD,5.2e-9,us-west-2,Storage,AmazonS3,123412340534,,,,,,,,2.552e-7,GB,,AXX2SxxxxxxK2464,AXX2SJ548M3K2xxx.xxxxxxxxxx.xxx6EN2CT7,0.02,5.1040000000000006e-9,2.552e-7,GB
2023-11-04T23:00:00.000+0000,2023-11-05T00:00:00.000+0000,Recurring,$0 for AWS Glue Data Catalog requests under the free tier,Usage,2023-11-01T00:00:00.000+0000,2023-12-01T00:00:00.000+0000,AWS,"Amazon Web Services Canada, Inc.","Amazon Web Services Canada, Inc.",123412340534,0.0,USD,0.0,eu-north-1,Analytics,AWSGlue,123412340534,,,,,,,,2.0,Request,,B7AB9xxxxxxFJUDN,B7AB9XZF8FCFJxxx.xxxxxxxxxx.xxx6EN2CT7,1e-6,2e-6,2.0,Request
2023-11-06T12:00:00.000+0000,2023-11-06T13:00:00.000+0000,Recurring,$0 for AWS Glue Data Catalog requests under the free tier,Usage,2023-11-01T00:00:00.000+0000,2023-12-01T00:00:00.000+0000,AWS,"Amazon Web Services Canada, Inc.","Amazon Web Services Canada, Inc.",123412340534,0.0,USD,0.0,eu-north-1,Analytics,AWSGlue,123412340534,,,,,,,,1.0,Request,,B7AB9xxxxxxFJUDN,B7AB9XZF8FCFJxxx.xxxxxxxxxx.xxx6EN2CT7,1e-6,1e-6,1.0,Request
2023-11-10T00:00:00.000+0000,2023-11-10T01:00:00.000+0000,Recurring,$0 for AWS Glue Data Catalog requests under the free tier,Usage,2023-11-01T00:00:00.000+0000,2023-12-01T00:00:00.000+0000,AWS,"Amazon Web Services Canada, Inc.","Amazon Web Services Canada, Inc.",123412340534,0.0,USD,0.0,eu-north-1,Analytics,AWSGlue,123412340534,,,,,,,,1.0,Request,,B7AB9xxxxxxFJUDN,B7AB9XZF8FCFJxxx.xxxxxxxxxx.xxx6EN2CT7,1e-6,1e-6,1.0,Request
2023-11-11T01:00:00.000+0000,2023-11-11T02:00:00.000+0000,Recurring,$0 for AWS Glue Data Catalog requests under the free tier,Usage,2023-11-01T00:00:00.000+0000,2023-12-01T00:00:00.000+0000,AWS,"Amazon Web Services Canada, Inc.","Amazon Web Services Canada, Inc.",123412340534,0.0,USD,0.0,eu-north-1,Analytics,AWSGlue,123412340534,,,,,,,,1.0,Request,,B7AB9xxxxxxFJUDN,B7AB9XZF8FCFJxxx.xxxxxxxxxx.xxx6EN2CT7,1e-6,1e-6,1.0,Request
2023-11-04T23:00:00.000+0000,2023-11-05T00:00:00.000+0000,Recurring,$0.02 per GB - US West (Oregon) data transfer to Asia Pacific (Sydney),Usage,2023-11-01T00:00:00.000+0000,2023-12-01T00:00:00.000+0000,AWS,"Amazon Web Services Canada, Inc.","Amazon Web Services Canada, Inc.",123412340534,5.2e-9,USD,5.2e-9,us-west-2,Storage,AmazonS3,123412340534,,,,,,,,2.552e-7,GB,,BCN4ExxxxxxTXU4B,BCN4EP8AE3VTXxxx.xxxxxxxxxx.xxx6EN2CT7,0.02,5.1040000000000006e-9,2.552e-7,GB
2023-11-08T15:00:00.000+0000,2023-11-08T16:00:00.000+0000,Recurring,$0.02 per GB - US West (Oregon) data transfer to Asia Pacific (Sydney),Usage,2023-11-01T00:00:00.000+0000,2023-12-01T00:00:00.000+0000,AWS,"Amazon Web Services Canada, Inc.","Amazon Web Services Canada, Inc.",123412340534,5.2e-9,USD,5.2e-9,us-west-2,Storage,AmazonS3,123412340534,,,,,,,,2.552e-7,GB,,BCN4ExxxxxxTXU4B,BCN4EP8AE3VTXxxx.xxxxxxxxxx.xxx6EN2CT7,0.02,5.1040000000000006e-9,2.552e-7,GB
2023-11-13T15:00:00.000+0000,2023-11-13T16:00:00.000+0000,Recurring,$0.02 per GB - US West (Oregon) data transfer to Asia Pacific (Sydney),Usage,2023-11-01T00:00:00.000+0000,2023-12-01T00:00:00.000+0000,AWS,"Amazon Web Services Canada, Inc.","Amazon Web Services Canada, Inc.",123412340534,5.2e-9,USD,5.2e-9,us-west-2,Storage,AmazonS3,123412340534,,,,,,,,2.552e-7,GB,,BCN4ExxxxxxTXU4B,BCN4EP8AE3VTXxxx.xxxxxxxxxx.xxx6EN2CT7,0.02,5.1040000000000006e-9,2.552e-7,GB
2023-11-07T05:00:00.000+0000,2023-11-07T06:00:00.000+0000,Recurring,0.000001 per data event recorded in Canada (Central) region,Usage,2023-11-01T00:00:00.000+0000,2023-12-01T00:00:00.000+0000,AWS,"Amazon Web Services Canada, Inc.","Amazon Web Services Canada, Inc.",123412340534,0.000113,USD,0.000113,ca-central-1,Management and Governance,AWSCloudTrail,123412340534,,,,,,,,113.0,Events,,BDA4KxxxxxxEZMQT,BDA4KK4FBJMEZxxx.xxxxxxxxxx.xxx6EN2CT7,1e-6,0.000113,113.0,Events
2023-11-07T04:00:00.000+0000,2023-11-07T06:00:00.000+0000,Recurring,0.0 per free event recorded in US East (N.Virginia) region,Usage,2023-11-01T00:00:00.000+0000,2023-12-01T00:00:00.000+0000,AWS,"Amazon Web Services Canada, Inc.","Amazon Web Services Canada, Inc.",123412340534,0.0,USD,0.0,us-east-1,Management and Governance,AWSCloudTrail,123412340534,,,,,,,,59.0,Events,,BDZBXxxxxxxV2PPV,BDZBXKSFAZDV2xxx.xxxxxxxxxx.xxx6EN2CT7,0.0,0.0,59.0,Events
2023-11-04T23:00:00.000+0000,2023-11-05T00:00:00.000+0000,Recurring,$0.02 per GB - US East (Northern Virginia) data transfer to Asia Pacific (Mumbai),Usage,2023-11-01T00:00:00.000+0000,2023-12-01T00:00:00.000+0000,AWS,"Amazon Web Services Canada, Inc.","Amazon Web Services Canada, Inc.",123412340534,1.81e-8,USD,1.81e-8,us-east-1,Storage,AmazonS3,123412340534,,,,,,,,9.052e-7,GB,,BHM7BxxxxxxG4NZ4,BHM7BATGW8NG4xxx.xxxxxxxxxx.xxx6EN2CT7,0.02,1.8104e-8,9.052e-7,GB
2023-11-04T23:00:00.000+0000,2023-11-05T00:00:00.000+0000,Recurring,$0.02 per GB - US East (Northern Virginia) data transfer to Asia Pacific (Mumbai),Usage,2023-11-01T00:00:00.000+0000,2023-12-01T00:00:00.000+0000,AWS,"Amazon Web Services Canada, Inc.","Amazon Web Services Canada, Inc.",123412340534,1.3e-9,USD,1.3e-9,us-east-1,Storage,AmazonS3,123412340534,,,,,,,,6.71e-8,GB,,BHM7BxxxxxxG4NZ4,BHM7BATGW8NG4xxx.xxxxxxxxxx.xxx6EN2CT7,0.02,1.342e-9,6.71e-8,GB
2023-11-04T23:00:00.000+0000,2023-11-05T00:00:00.000+0000,Recurring,$0.02 per GB - US East (Northern Virginia) data transfer to Asia Pacific (Mumbai),Usage,2023-11-01T00:00:00.000+0000,2023-12-01T00:00:00.000+0000,AWS,"Amazon Web Services Canada, Inc.","Amazon Web Services Canada, Inc.",123412340534,8.4e-9,USD,8.4e-9,us-east-1,Storage,AmazonS3,123412340534,,,,,,,,4.21e-7,GB,,BHM7BxxxxxxG4NZ4,BHM7BATGW8NG4xxx.xxxxxxxxxx.xxx6EN2CT7,0.02,8.42e-9,4.21e-7,GB
2023-11-04T23:00:00.000+0000,2023-11-05T00:00:00.000+0000,Recurring,$0.02 per GB - US East (Northern Virginia) data transfer to Asia Pacific (Mumbai),Usage,2023-11-01T00:00:00.000+0000,2023-12-01T00:00:00.000+0000,AWS,"Amazon Web Services Canada, Inc.","Amazon Web Services Canada, Inc.",123412340534,1.8e-9,USD,1.8e-9,us-east-1,Storage,AmazonS3,123412340534,,,,,,,,8.85e-8,GB,,BHM7BxxxxxxG4NZ4,BHM7BATGW8NG4xxx.xxxxxxxxxx.xxx6EN2CT7,0.02,1.77e-9,8.85e-8,GB
2023-11-07T10:00:00.000+0000,2023-11-07T11:00:00.000+0000,Recurring,$0.02 per GB - US East (Northern Virginia) data transfer to Asia Pacific (Mumbai),Usage,2023-11-01T00:00:00.000+0000,2023-12-01T00:00:00.000+0000,AWS,"Amazon Web Services Canada, Inc.","Amazon Web Services Canada, Inc.",123412340534,1.3e-9,USD,1.3e-9,us-east-1,Storage,AmazonS3,123412340534,,,,,,,,6.71e-8,GB,,BHM7BxxxxxxG4NZ4,BHM7BATGW8NG4xxx.xxxxxxxxxx.xxx6EN2CT7,0.02,1.342e-9,6.71e-8,GB
2023-11-08T22:00:00.000+0000,2023-11-08T23:00:00.000+0000,Recurring,$0.02 per GB - US East (Northern Virginia) data transfer to Asia Pacific (Mumbai),Usage,2023-11-01T00:00:00.000+0000,2023-12-01T00:00:00.000+0000,AWS,"Amazon Web Services Canada, Inc.","Amazon Web Services Canada, Inc.",123412340534,4.59e-8,USD,4.59e-8,us-east-1,Storage,AmazonS3,123412340534,,,,,,,,2.293e-6,GB,,BHM7BxxxxxxG4NZ4,BHM7BATGW8NG4xxx.xxxxxxxxxx.xxx6EN2CT7,0.02,4.586e-8,2.293e-6,GB
2023-11-08T22:00:00.000+0000,2023-11-08T23:00:00.000+0000,Recurring,$0.02 per GB - US East (Northern Virginia) data transfer to Asia Pacific (Mumbai),Usage,2023-11-01T00:00:00.000+0000,2023-12-01T00:00:00.000+0000,AWS,"Amazon Web Services Canada, Inc.","Amazon Web Services Canada, Inc.",123412340534,1.46e-8,USD,1.46e-8,us-east-1,Storage,AmazonS3,123412340534,,,,,,,,7.32e-7,GB,,BHM7BxxxxxxG4NZ4,BHM7BATGW8NG4xxx.xxxxxxxxxx.xxx6EN2CT7,0.02,1.464e-8,7.32e-7,GB
2023-11-08T00:00:00.000+0000,2023-11-08T01:00:00.000+0000,Recurring,$0.02 per GB - US East (Northern Virginia) data transfer to Asia Pacific (Mumbai),Usage,2023-11-01T00:00:00.000+0000,2023-12-01T00:00:00.000+0000,AWS,"Amazon Web Services Canada, Inc.","Amazon Web Services Canada, Inc.",123412340534,1.8e-9,USD,1.8e-9,us-east-1,Storage,AmazonS3,123412340534,,,,,,,,8.85e-8,GB,,BHM7BxxxxxxG4NZ4,BHM7BATGW8NG4xxx.xxxxxxxxxx.xxx6EN2CT7,0.02,1.77e-9,8.85e-8,GB
2023-11-12T10:00:00.000+0000,2023-11-12T11:00:00.000+0000,Recurring,$0.02 per GB - US East (Northern Virginia) data transfer to Asia Pacific (Mumbai),Usage,2023-11-01T00:00:00.000+0000,2023-12-01T00:00:00.000+0000,AWS,"Amazon Web Services Canada, Inc.","Amazon Web Services Canada, Inc.",123412340534,1.3e-9,USD,1.3e-9,us-east-1,Storage,AmazonS3,123412340534,,,,,,,,6.71e-8,GB,,BHM7BxxxxxxG4NZ4,BHM7BATGW8NG4xxx.xxxxxxxxxx.xxx6EN2CT7,0.02,1.342e-9,6.71e-8,GB
2023-11-13T22:00:00.000+0000,2023-11-13T23:00:00.000+0000,Recurring,$0.02 per GB - US East (Northern Virginia) data transfer to Asia Pacific (Mumbai),Usage,2023-11-01T00:00:00.000+0000,2023-12-01T00:00:00.000+0000,AWS,"Amazon Web Services Canada, Inc.","Amazon Web Services Canada, Inc.",123412340534,4.57e-8,USD,4.57e-8,us-east-1,Storage,AmazonS3,123412340534,,,,,,,,2.2818e-6,GB,,BHM7BxxxxxxG4NZ4,BHM7BATGW8NG4xxx.xxxxxxxxxx.xxx6EN2CT7,0.02,4.5636e-8,2.2818e-6,GB
2023-11-13T22:00:00.000+0000,2023-11-13T23:00:00.000+0000,Recurring,$0.02 per GB - US East (Northern Virginia) data transfer to Asia Pacific (Mumbai),Usage,2023-11-01T00:00:00.000+0000,2023-12-01T00:00:00.000+0000,AWS,"Amazon Web Services Canada, Inc.","Amazon Web Services Canada, Inc.",123412340534,1.46e-8,USD,1.46e-8,us-east-1,Storage,AmazonS3,123412340534,,,,,,,,7.32e-7,GB,,BHM7BxxxxxxG4NZ4,BHM7BATGW8NG4xxx.xxxxxxxxxx.xxx6EN2CT7,0.02,1.464e-8,7.32e-7,GB
2023-11-13T00:00:00.000+0000,2023-11-13T01:00:00.000+0000,Recurring,$0.02 per GB - US East (Northern Virginia) data transfer to Asia Pacific (Mumbai),Usage,2023-11-01T00:00:00.000+0000,2023-12-01T00:00:00.000+0000,AWS,"Amazon Web Services Canada, Inc.","Amazon Web Services Canada, Inc.",123412340534,1.8e-9,USD,1.8e-9,us-east-1,Storage,AmazonS3,123412340534,,,,,,,,8.85e-8,GB,,BHM7BxxxxxxG4NZ4,BHM7BATGW8NG4xxx.xxxxxxxxxx.xxx6EN2CT7,0.02,1.77e-9,8.85e-8,GB
2023-11-07T05:00:00.000+0000,2023-11-07T06:00:00.000+0000,Recurring,$0.00 per GB - Canada (Central) data transfer from Asia Pacific (Sydney),Usage,2023-11-01T00:00:00.000+0000,2023-12-01T00:00:00.000+0000,AWS,"Amazon Web Services Canada, Inc.","Amazon Web Services Canada, Inc.",123412340534,0.0,USD,0.0,ca-central-1,Storage,AmazonS3,123412340534,,,,,,,,2.6058e-6,GB,,BRH3VxxxxxxHWK23,BRH3VSJJJJCHWxxx.xxxxxxxxxx.xxx6EN2CT7,0.0,0.0,2.6058e-6,GB
2023-11-07T05:00:00.000+0000,2023-11-07T06:00:00.000+0000,Recurring,0.0 per free event recorded in Asia Pacific (Sydney) region,Usage,2023-11-01T00:00:00.000+0000,2023-12-01T00:00:00.000+0000,AWS,"Amazon Web Services Canada, Inc.","Amazon Web Services Canada, Inc.",123412340534,0.0,USD,0.0,ap-southeast-2,Management and Governance,AWSCloudTrail,123412340534,,,,,,,,2.0,Events,,BS9C9xxxxxxNS88T,BS9C925B6DRNSxxx.xxxxxxxxxx.xxx6EN2CT7,0.0,0.0,2.0,Events
2023-11-01T06:00:00.000+0000,2023-11-01T07:00:00.000+0000,Recurring,$0.0036 per GB/month prorated for Glacier Early Delete,Usage,2023-11-01T00:00:00.000+0000,2023-12-01T00:00:00.000+0000,AWS,"Amazon Web Services Canada, Inc.","Amazon Web Services Canada, Inc.",123412340534,0.0000285246,USD,0.0000285246,us-west-2,Storage,AmazonS3,123412340534,,,,,,,,0.0079235025,GB-Mo,,BTQX8xxxxxxX5RHV,BTQX86HATRPX5xxx.xxxxxxxxxx.xxx6EN2CT7,0.0036,0.000028524609,0.0079235025,GB-Mo
2023-11-03T05:00:00.000+0000,2023-11-03T09:00:00.000+0000,Recurring,$0.0036 per GB/month prorated for Glacier Early Delete,Usage,2023-11-01T00:00:00.000+0000,2023-12-01T00:00:00.000+0000,AWS,"Amazon Web Services Canada, Inc.","Amazon Web Services Canada, Inc.",123412340534,0.0112297686,USD,0.0112297686,us-west-2,Storage,AmazonS3,123412340534,,,,,,,,3.1193801781,GB-Mo,,BTQX8xxxxxxX5RHV,BTQX86HATRPX5xxx.xxxxxxxxxx.xxx6EN2CT7,0.0036,0.01122976864116,3.1193801781,GB-Mo
2023-11-04T07:00:00.000+0000,2023-11-04T10:00:00.000+0000,Recurring,$0.0036 per GB/month prorated for Glacier Early Delete,Usage,2023-11-01T00:00:00.000+0000,2023-12-01T00:00:00.000+0000,AWS,"Amazon Web Services Canada, Inc.","Amazon Web Services Canada, Inc.",123412340534,0.0004370444,USD,0.0004370444,us-west-2,Storage,AmazonS3,123412340534,,,,,,,,0.1214012512,GB-Mo,,BTQX8xxxxxxX5RHV,BTQX86HATRPX5xxx.xxxxxxxxxx.xxx6EN2CT7,0.0036,0.00043704450432,0.1214012512,GB-Mo
2023-11-05T06:00:00.000+0000,2023-11-05T10:00:00.000+0000,Recurring,$0.0036 per GB/month prorated for Glacier Early Delete,Usage,2023-11-01T00:00:00.000+0000,2023-12-01T00:00:00.000+0000,AWS,"Amazon Web Services Canada, Inc.","Amazon Web Services Canada, Inc.",123412340534,0.0069192195,USD,0.0069192195,us-west-2,Storage,AmazonS3,123412340534,,,,,,,,1.9220054015,GB-Mo,,BTQX8xxxxxxX5RHV,BTQX86HATRPX5xxx.xxxxxxxxxx.xxx6EN2CT7,0.0036,0.0069192194454,1.9220054015,GB-Mo
2023-11-06T06:00:00.000+0000,2023-11-06T09:00:00.000+0000,Recurring,$0.0036 per GB/month prorated for Glacier Early Delete,Usage,2023-11-01T00:00:00.000+0000,2023-12-01T00:00:00.000+0000,AWS,"Amazon Web Services Canada, Inc.","Amazon Web Services Canada, Inc.",123412340534,0.0051142167,USD,0.0051142167,us-west-2,Storage,AmazonS3,123412340534,,,,,,,,1.4206157719,GB-Mo,,BTQX8xxxxxxX5RHV,BTQX86HATRPX5xxx.xxxxxxxxxx.xxx6EN2CT7,0.0036,0.00511421677884,1.4206157719,GB-Mo
2023-11-07T05:00:00.000+0000,2023-11-07T11:00:00.000+0000,Recurring,$0.0036 per GB/month prorated for Glacier Early Delete,Usage,2023-11-01T00:00:00.000+0000,2023-12-01T00:00:00.000+0000,AWS,"Amazon Web Services Canada, Inc.","Amazon Web Services Canada, Inc.",123412340534,0.0184926005,USD,0.0184926005,us-west-2,Storage,AmazonS3,123412340534,,,,,,,,5.136833464,GB-Mo,,BTQX8xxxxxxX5RHV,BTQX86HATRPX5xxx.xxxxxxxxxx.xxx6EN2CT7,0.0036,0.0184926004704,5.136833464,GB-Mo
2023-11-08T06:00:00.000+0000,2023-11-08T09:00:00.000+0000,Recurring,$0.0036 per GB/month prorated for Glacier Early Delete,Usage,2023-11-01T00:00:00.000+0000,2023-12-01T00:00:00.000+0000,AWS,"Amazon Web Services Canada, Inc.","Amazon Web Services Canada, Inc.",123412340534,0.015114535,USD,0.015114535,us-west-2,Storage,AmazonS3,123412340534,,,,,,,,4.1984819108,GB-Mo,,BTQX8xxxxxxX5RHV,BTQX86HATRPX5xxx.xxxxxxxxxx.xxx6EN2CT7,0.0036,0.015114534878879999,4.1984819108,GB-Mo
2023-11-09T08:00:00.000+0000,2023-11-09T12:00:00.000+0000,Recurring,$0.0036 per GB/month prorated for Glacier Early Delete,Usage,2023-11-01T00:00:00.000+0000,2023-12-01T00:00:00.000+0000,AWS,"Amazon Web Services Canada, Inc.","Amazon Web Services Canada, Inc.",123412340534,0.0059312457,USD,0.0059312457,us-west-2,Storage,AmazonS3,123412340534,,,,,,,,1.6475682491,GB-Mo,,BTQX8xxxxxxX5RHV,BTQX86HATRPX5xxx.xxxxxxxxxx.xxx6EN2CT7,0.0036,0.00593124569676,1.6475682491,GB-Mo
2023-11-11T08:00:00.000+0000,2023-11-11T14:00:00.000+0000,Recurring,$0.0036 per GB/month prorated for Glacier Early Delete,Usage,2023-11-01T00:00:00.000+0000,2023-12-01T00:00:00.000+0000,AWS,"Amazon Web Services Canada, Inc.","Amazon Web Services Canada, Inc.",123412340534,0.0019722223,USD,0.0019722223,us-west-2,Storage,AmazonS3,123412340534,,,,,,,,0.5478395176,GB-Mo,,BTQX8xxxxxxX5RHV,BTQX86HATRPX5xxx.xxxxxxxxxx.xxx6EN2CT7,0.0036,0.00197222226336,0.5478395176,GB-Mo
2023-11-12T05:00:00.000+0000,2023-11-12T09:00:00.000+0000,Recurring,$0.0036 per GB/month prorated for Glacier Early Delete,Usage,2023-11-01T00:00:00.000+0000,2023-12-01T00:00:00.000+0000,AWS,"Amazon Web Services Canada, Inc.","Amazon Web Services Canada, Inc.",123412340534,0.0169149975,USD,0.0169149975,us-west-2,Storage,AmazonS3,123412340534,,,,,,,,4.6986104142,GB-Mo,,BTQX8xxxxxxX5RHV,BTQX86HATRPX5xxx.xxxxxxxxxx.xxx6EN2CT7,0.0036,0.01691499749112,4.6986104142,GB-Mo
2023-11-13T07:00:00.000+0000,2023-11-13T10:00:00.000+0000,Recurring,$0.0036 per GB/month prorated for Glacier Early Delete,Usage,2023-11-01T00:00:00.000+0000,2023-12-01T00:00:00.000+0000,AWS,"Amazon Web Services Canada, Inc.","Amazon Web Services Canada, Inc.",123412340534,0.014947266,USD,0.014947266,us-west-2,Storage,AmazonS3,123412340534,,,,,,,,4.1520183248,GB-Mo,,BTQX8xxxxxxX5RHV,BTQX86HATRPX5xxx.xxxxxxxxxx.xxx6EN2CT7,0.0036,0.01494726596928,4.1520183248,GB-Mo
2023-11-05T04:00:00.000+0000,2023-11-05T06:00:00.000+0000,Recurring,$0.000 per GB - data transfer out under the monthly global free tier,Usage,2023-11-01T00:00:00.000+0000,2023-12-01T00:00:00.000+0000,AWS,"Amazon Web Services Canada, Inc.","Amazon Web Services Canada, Inc.",123412340534,0.0,USD,0.0,ca-central-1,,AWSCloudShell,123412340534,,,,,,,,8.5645e-6,GB,,CXWFSxxxxxxMBH2Y,CXWFSAS9ETSMBxxx.xxxxxxxxxx.xxx6EN2CT7,0.09,7.70805e-7,8.5645e-6,GB
2023-11-05T00:00:00.000+0000,2023-11-05T18:00:00.000+0000,Recurring,$0.000 per GB - data transfer out under the monthly global free tier,Usage,2023-11-01T00:00:00.000+0000,2023-12-01T00:00:00.000+0000,AWS,"Amazon Web Services Canada, Inc.","Amazon Web Services Canada, Inc.",123412340534,0.0,USD,0.0,ca-central-1,Storage,AmazonS3,123412340534,,,,,,,,0.0000487995,GB,,CXWFSxxxxxxMBH2Y,CXWFSAS9ETSMBxxx.xxxxxxxxxx.xxx6EN2CT7,0.09,4.391955e-6,0.0000487995,GB
2023-11-05T00:00:00.000+0000,2023-11-05T01:00:00.000+0000,Recurring,$0.000 per GB - data transfer out under the monthly global free tier,Usage,2023-11-01T00:00:00.000+0000,2023-12-01T00:00:00.000+0000,AWS,"Amazon Web Services Canada, Inc.","Amazon Web Services Canada, Inc.",123412340534,0.0,USD,0.0,ca-central-1,Storage,AmazonS3,123412340534,,,,,,,,6.519e-7,GB,,CXWFSxxxxxxMBH2Y,CXWFSAS9ETSMBxxx.xxxxxxxxxx.xxx6EN2CT7,0.09,5.8670999999999996e-8,6.519e-7,GB
2023-11-07T00:00:00.000+0000,2023-11-07T06:00:00.000+0000,Recurring,$0.000 per GB - data transfer out under the monthly global free tier,Usage,2023-11-01T00:00:00.000+0000,2023-12-01T00:00:00.000+0000,AWS,"Amazon Web Services Canada, Inc.","Amazon Web Services Canada, Inc.",123412340534,0.0,USD,0.0,ca-central-1,Storage,AmazonS3,123412340534,,,,,,,,0.0000813622,GB,,CXWFSxxxxxxMBH2Y,CXWFSAS9ETSMBxxx.xxxxxxxxxx.xxx6EN2CT7,0.09,7.3225979999999995e-6,0.0000813622,GB
2023-11-07T04:00:00.000+0000,2023-11-07T06:00:00.000+0000,Recurring,$0.000 per GB - data transfer out under the monthly global free tier,Usage,2023-11-01T00:00:00.000+0000,2023-12-01T00:00:00.000+0000,AWS,"Amazon Web Services Canada, Inc.","Amazon Web Services Canada, Inc.",123412340534,0.0,USD,0.0,ca-central-1,Storage,AmazonS3,123412340534,,,,,,,,7.0157e-6,GB,,CXWFSxxxxxxMBH2Y,CXWFSAS9ETSMBxxx.xxxxxxxxxx.xxx6EN2CT7,0.09,6.314129999999999e-7,7.0157e-6,GB
2023-11-12T00:00:00.000+0000,2023-11-12T01:00:00.000+0000,Recurring,$0.000 per GB - data transfer out under the monthly global free tier,Usage,2023-11-01T00:00:00.000+0000,2023-12-01T00:00:00.000+0000,AWS,"Amazon Web Services Canada, Inc.","Amazon Web Services Canada, Inc.",123412340534,0.0,USD,0.0,ca-central-1,Storage,AmazonS3,123412340534,,,,,,,,0.0000507338,GB,,CXWFSxxxxxxMBH2Y,CXWFSAS9ETSMBxxx.xxxxxxxxxx.xxx6EN2CT7,0.09,4.566042e-6,0.0000507338,GB
2023-11-13T05:00:00.000+0000,2023-11-13T06:00:00.000+0000,Recurring,$0.000 per GB - data transfer out under the monthly global free tier,Usage,2023-11-01T00:00:00.000+0000,2023-12-01T00:00:00.000+0000,AWS,"Amazon Web Services Canada, Inc.","Amazon Web Services Canada, Inc.",123412340534,0.0,USD,0.0,ca-central-1,Storage,AmazonS3,123412340534,,,,,,,,0.0000531161,GB,,CXWFSxxxxxxMBH2Y,CXWFSAS9ETSMBxxx.xxxxxxxxxx.xxx6EN2CT7,0.09,4.780449e-6,0.0000531161,GB
2023-11-02T01:00:00.000+0000,2023-11-02T02:00:00.000+0000,Recurring,"$0.005 per 1,000 PUT, COPY, POST, or LIST requests",Usage,2023-11-01T00:00:00.000+0000,2023-12-01T00:00:00.000+0000,AWS,"Amazon Web Services Canada, Inc.","Amazon Web Services Canada, Inc.",123412340534,5e-6,USD,5e-6,us-west-2,Storage,AmazonS3,123412340534,,,,,,,,1.0,Requests,,D4PMUxxxxxxHK2D6,D4PMUVH6F64HKxxx.xxxxxxxxxx.xxx6EN2CT7,5e-6,5e-6,1.0,Requests
2023-11-02T01:00:00.000+0000,2023-11-03T00:00:00.000+0000,Recurring,"$0.005 per 1,000 PUT, COPY, POST, or LIST requests",Usage,2023-11-01T00:00:00.000+0000,2023-12-01T00:00:00.000+0000,AWS,"Amazon Web Services Canada, Inc.","Amazon Web Services Canada, Inc.",123412340534,0.017355,USD,0.017355,us-west-2,Storage,AmazonS3,123412340534,,,,,,,,3471.0,Requests,,D4PMUxxxxxxHK2D6,D4PMUVH6F64HKxxx.xxxxxxxxxx.xxx6EN2CT7,5e-6,0.017355000000000002,3471.0,Requests
2023-11-03T00:00:00.000+0000,2023-11-04T00:00:00.000+0000,Recurring,"$0.005 per 1,000 PUT, COPY, POST, or LIST requests",Usage,2023-11-01T00:00:00.000+0000,2023-12-01T00:00:00.000+0000,AWS,"Amazon Web Services Canada, Inc.","Amazon Web Services Canada, Inc.",123412340534,0.016215,USD,0.016215,us-west-2,Storage,AmazonS3,123412340534,,,,,,,,3243.0,Requests,,D4PMUxxxxxxHK2D6,D4PMUVH6F64HKxxx.xxxxxxxxxx.xxx6EN2CT7,5e-6,0.016215,3243.0,Requests
2023-11-04T22:00:00.000+0000,2023-11-05T00:00:00.000+0000,Recurring,"$0.005 per 1,000 PUT, COPY, POST, or LIST requests",Usage,2023-11-01T00:00:00.000+0000,2023-12-01T00:00:00.000+0000,AWS,"Amazon Web Services Canada, Inc.","Amazon Web Services Canada, Inc.",123412340534,0.00003,USD,0.00003,us-west-2,Storage,AmazonS3,123412340534,,,,,,,,6.0,Requests,,D4PMUxxxxxxHK2D6,D4PMUVH6F64HKxxx.xxxxxxxxxx.xxx6EN2CT7,5e-6,0.000030000000000000004,6.0,Requests
2023-11-04T00:00:00.000+0000,2023-11-05T00:00:00.000+0000,Recurring,"$0.005 per 1,000 PUT, COPY, POST, or LIST requests",Usage,2023-11-01T00:00:00.000+0000,2023-12-01T00:00:00.000+0000,AWS,"Amazon Web Services Canada, Inc.","Amazon Web Services Canada, Inc.",123412340534,0.017745,USD,0.017745,us-west-2,Storage,AmazonS3,123412340534,,,,,,,,3549.0,Requests,,D4PMUxxxxxxHK2D6,D4PMUVH6F64HKxxx.xxxxxxxxxx.xxx6EN2CT7,5e-6,0.017745,3549.0,Requests
2023-11-05T00:00:00.000+0000,2023-11-05T19:00:00.000+0000,Recurring,"$0.005 per 1,000 PUT, COPY, POST, or LIST requests",Usage,2023-11-01T00:00:00.000+0000,2023-12-01T00:00:00.000+0000,AWS,"Amazon Web Services Canada, Inc.","Amazon Web Services Canada, Inc.",123412340534,0.00002,USD,0.00002,us-west-2,Storage,AmazonS3,123412340534,,,,,,,,4.0,Requests,,D4PMUxxxxxxHK2D6,D4PMUVH6F64HKxxx.xxxxxxxxxx.xxx6EN2CT7,5e-6,0.00002,4.0,Requests
2023-11-05T00:00:00.000+0000,2023-11-06T00:00:00.000+0000,Recurring,"$0.005 per 1,000 PUT, COPY, POST, or LIST requests",Usage,2023-11-01T00:00:00.000+0000,2023-12-01T00:00:00.000+0000,AWS,"Amazon Web Services Canada, Inc.","Amazon Web Services Canada, Inc.",123412340534,0.01483,USD,0.01483,us-west-2,Storage,AmazonS3,123412340534,,,,,,,,2966.0,Requests,,D4PMUxxxxxxHK2D6,D4PMUVH6F64HKxxx.xxxxxxxxxx.xxx6EN2CT7,5e-6,0.014830000000000001,2966.0,Requests
2023-11-06T00:00:00.000+0000,2023-11-07T00:00:00.000+0000,Recurring,"$0.005 per 1,000 PUT, COPY, POST, or LIST requests",Usage,2023-11-01T00:00:00.000+0000,2023-12-01T00:00:00.000+0000,AWS,"Amazon Web Services Canada, Inc.","Amazon Web Services Canada, Inc.",123412340534,0.019685,USD,0.019685,us-west-2,Storage,AmazonS3,123412340534,,,,,,,,3937.0,Requests,,D4PMUxxxxxxHK2D6,D4PMUVH6F64HKxxx.xxxxxxxxxx.xxx6EN2CT7,5e-6,0.019685,3937.0,Requests
2023-11-07T00:00:00.000+0000,2023-11-08T00:00:00.000+0000,Recurring,"$0.005 per 1,000 PUT, COPY, POST, or LIST requests",Usage,2023-11-01T00:00:00.000+0000,2023-12-01T00:00:00.000+0000,AWS,"Amazon Web Services Canada, Inc.","Amazon Web Services Canada, Inc.",123412340534,0.019095,USD,0.019095,us-west-2,Storage,AmazonS3,123412340534,,,,,,,,3819.0,Requests,,D4PMUxxxxxxHK2D6,D4PMUVH6F64HKxxx.xxxxxxxxxx.xxx6EN2CT7,5e-6,0.019095,3819.0,Requests
2023-11-08T00:00:00.000+0000,2023-11-09T00:00:00.000+0000,Recurring,"$0.005 per 1,000 PUT, COPY, POST, or LIST requests",Usage,2023-11-01T00:00:00.000+0000,2023-12-01T00:00:00.000+0000,AWS,"Amazon Web Services Canada, Inc.","Amazon Web Services Canada, Inc.",123412340534,0.016915,USD,0.016915,us-west-2,Storage,AmazonS3,123412340534,,,,,,,,3383.0,Requests,,D4PMUxxxxxxHK2D6,D4PMUVH6F64HKxxx.xxxxxxxxxx.xxx6EN2CT7,5e-6,0.016915000000000003,3383.0,Requests
2023-11-09T00:00:00.000+0000,2023-11-10T00:00:00.000+0000,Recurring,"$0.005 per 1,000 PUT, COPY, POST, or LIST requests",Usage,2023-11-01T00:00:00.000+0000,2023-12-01T00:00:00.000+0000,AWS,"Amazon Web Services Canada, Inc.","Amazon Web Services Canada, Inc.",123412340534,0.017975,USD,0.017975,us-west-2,Storage,AmazonS3,123412340534,,,,,,,,3595.0,Requests,,D4PMUxxxxxxHK2D6,D4PMUVH6F64HKxxx.xxxxxxxxxx.xxx6EN2CT7,5e-6,0.017975,3595.0,Requests
2023-11-10T00:00:00.000+0000,2023-11-11T00:00:00.000+0000,Recurring,"$0.005 per 1,000 PUT, COPY, POST, or LIST requests",Usage,2023-11-01T00:00:00.000+0000,2023-12-01T00:00:00.000+0000,AWS,"Amazon Web Services Canada, Inc.","Amazon Web Services Canada, Inc.",123412340534,0.01781,USD,0.01781,us-west-2,Storage,AmazonS3,123412340534,,,,,,,,3562.0,Requests,,D4PMUxxxxxxHK2D6,D4PMUVH6F64HKxxx.xxxxxxxxxx.xxx6EN2CT7,5e-6,0.017810000000000003,3562.0,Requests
2023-11-11T00:00:00.000+0000,2023-11-12T00:00:00.000+0000,Recurring,"$0.005 per 1,000 PUT, COPY, POST, or LIST requests",Usage,2023-11-01T00:00:00.000+0000,2023-12-01T00:00:00.000+0000,AWS,"Amazon Web Services Canada, Inc.","Amazon Web Services Canada, Inc.",123412340534,0.02194,USD,0.02194,us-west-2,Storage,AmazonS3,123412340534,,,,,,,,4388.0,Requests,,D4PMUxxxxxxHK2D6,D4PMUVH6F64HKxxx.xxxxxxxxxx.xxx6EN2CT7,5e-6,0.02194,4388.0,Requests
2023-11-12T19:00:00.000+0000,2023-11-12T20:00:00.000+0000,Recurring,"$0.005 per 1,000 PUT, COPY, POST, or LIST requests",Usage,2023-11-01T00:00:00.000+0000,2023-12-01T00:00:00.000+0000,AWS,"Amazon Web Services Canada, Inc.","Amazon Web Services Canada, Inc.",123412340534,0.000115,USD,0.000115,us-west-2,Storage,AmazonS3,123412340534,,,,,,,,23.0,Requests,,D4PMUxxxxxxHK2D6,D4PMUVH6F64HKxxx.xxxxxxxxxx.xxx6EN2CT7,5e-6,0.000115,23.0,Requests
2023-11-12T00:00:00.000+0000,2023-11-13T00:00:00.000+0000,Recurring,"$0.005 per 1,000 PUT, COPY, POST, or LIST requests",Usage,2023-11-01T00:00:00.000+0000,2023-12-01T00:00:00.000+0000,AWS,"Amazon Web Services Canada, Inc.","Amazon Web Services Canada, Inc.",123412340534,0.02219,USD,0.02219,us-west-2,Storage,AmazonS3,123412340534,,,,,,,,4438.0,Requests,,D4PMUxxxxxxHK2D6,D4PMUVH6F64HKxxx.xxxxxxxxxx.xxx6EN2CT7,5e-6,0.02219,4438.0,Requests
2023-11-13T00:00:00.000+0000,2023-11-14T00:00:00.000+0000,Recurring,"$0.005 per 1,000 PUT, COPY, POST, or LIST requests",Usage,2023-11-01T00:00:00.000+0000,2023-12-01T00:00:00.000+0000,AWS,"Amazon Web Services Canada, Inc.","Amazon Web Services Canada, Inc.",123412340534,0.02262,USD,0.02262,us-west-2,Storage,AmazonS3,123412340534,,,,,,,,4524.0,Requests,,D4PMUxxxxxxHK2D6,D4PMUVH6F64HKxxx.xxxxxxxxxx.xxx6EN2CT7,5e-6,0.02262,4524.0,Requests
2023-11-14T00:00:00.000+0000,2023-11-14T04:00:00.000+0000,Recurring,"$0.005 per 1,000 PUT, COPY, POST, or LIST requests",Usage,2023-11-01T00:00:00.000+0000,2023-12-01T00:00:00.000+0000,AWS,"Amazon Web Services Canada, Inc.","Amazon Web Services Canada, Inc.",123412340534,0.00487,USD,0.00487,us-west-2,Storage,AmazonS3,123412340534,,,,,,,,974.0,Requests,,D4PMUxxxxxxHK2D6,D4PMUVH6F64HKxxx.xxxxxxxxxx.xxx6EN2CT7,5e-6,0.00487,974.0,Requests
2023-11-04T23:00:00.000+0000,2023-11-05T00:00:00.000+0000,Recurring,"First 1,000,000 Amazon SQS Requests per month are free",Usage,2023-11-01T00:00:00.000+0000,2023-12-01T00:00:00.000+0000,AWS,"Amazon Web Services Canada, Inc.","Amazon Web Services Canada, Inc.",123412340534,0.0,USD,0.0,us-west-1,Integration,AWSQueueService,123412340534,,,,,,,,1.0,Requests,,D8K2WxxxxxxVWMFG,D8K2W3D7HJHVWxxx.xxxxxxxxxx.xxx6EN2CT7,4e-7,4e-7,1.0,Requests
2023-11-09T18:00:00.000+0000,2023-11-09T19:00:00.000+0000,Recurring,"First 1,000,000 Amazon SQS Requests per month are free",Usage,2023-11-01T00:00:00.000+0000,2023-12-01T00:00:00.000+0000,AWS,"Amazon Web Services Canada, Inc.","Amazon Web Services Canada, Inc.",123412340534,0.0,USD,0.0,us-west-1,Integration,AWSQueueService,123412340534,,,,,,,,1.0,Requests,,D8K2WxxxxxxVWMFG,D8K2W3D7HJHVWxxx.xxxxxxxxxx.xxx6EN2CT7,4e-7,4e-7,1.0,Requests
2023-11-07T05:00:00.000+0000,2023-11-07T07:00:00.000+0000,Recurring,$0.00 per GB - Canada (Central) data transfer from EU (Ireland),Usage,2023-11-01T00:00:00.000+0000,2023-12-01T00:00:00.000+0000,AWS,"Amazon Web Services Canada, Inc.","Amazon Web Services Canada, Inc.",123412340534,0.0,USD,0.0,ca-central-1,Storage,AmazonS3,123412340534,,,,,,,,2.5816e-6,GB,,DMNQAxxxxxx9NT35,DMNQAFYF8ST9Nxxx.xxxxxxxxxx.xxx6EN2CT7,0.0,0.0,2.5816e-6,GB
2023-11-01T17:00:00.000+0000,2023-11-01T18:00:00.000+0000,Recurring,"$0.004 per 10,000 GET and all other requests",Usage,2023-11-01T00:00:00.000+0000,2023-12-01T00:00:00.000+0000,AWS,"Amazon Web Services Canada, Inc.","Amazon Web Services Canada, Inc.",123412340534,8e-7,USD,8e-7,us-west-2,Storage,AmazonS3,123412340534,,,,,,,,2.0,Requests,,E77AQxxxxxxVV3FC,E77AQEM2DC4VVxxx.xxxxxxxxxx.xxx6EN2CT7,4e-7,8e-7,2.0,Requests
2023-11-02T17:00:00.000+0000,2023-11-02T18:00:00.000+0000,Recurring,"$0.004 per 10,000 GET and all other requests",Usage,2023-11-01T00:00:00.000+0000,2023-12-01T00:00:00.000+0000,AWS,"Amazon Web Services Canada, Inc.","Amazon Web Services Canada, Inc.",123412340534,8e-7,USD,8e-7,us-west-2,Storage,AmazonS3,123412340534,,,,,,,,2.0,Requests,,E77AQxxxxxxVV3FC,E77AQEM2DC4VVxxx.xxxxxxxxxx.xxx6EN2CT7,4e-7,8e-7,2.0,Requests
2023-11-03T17:00:00.000+0000,2023-11-03T18:00:00.000+0000,Recurring,"$0.004 per 10,000 GET and all other requests",Usage,2023-11-01T00:00:00.000+0000,2023-12-01T00:00:00.000+0000,AWS,"Amazon Web Services Canada, Inc.","Amazon Web Services Canada, Inc.",123412340534,8e-7,USD,8e-7,us-west-2,Storage,AmazonS3,123412340534,,,,,,,,2.0,Requests,,E77AQxxxxxxVV3FC,E77AQEM2DC4VVxxx.xxxxxxxxxx.xxx6EN2CT7,4e-7,8e-7,2.0,Requests
2023-11-04T22:00:00.000+0000,2023-11-05T00:00:00.000+0000,Recurring,"$0.004 per 10,000 GET and all other requests",Usage,2023-11-01T00:00:00.000+0000,2023-12-01T00:00:00.000+0000,AWS,"Amazon Web Services Canada, Inc.","Amazon Web Services Canada, Inc.",123412340534,8e-7,USD,8e-7,us-west-2,Storage,AmazonS3,123412340534,,,,,,,,2.0,Requests,,E77AQxxxxxxVV3FC,E77AQEM2DC4VVxxx.xxxxxxxxxx.xxx6EN2CT7,4e-7,8e-7,2.0,Requests
2023-11-04T22:00:00.000+0000,2023-11-05T00:00:00.000+0000,Recurring,"$0.004 per 10,000 GET and all other requests",Usage,2023-11-01T00:00:00.000+0000,2023-12-01T00:00:00.000+0000,AWS,"Amazon Web Services Canada, Inc.","Amazon Web Services Canada, Inc.",123412340534,2.8e-6,USD,2.8e-6,us-west-2,Storage,AmazonS3,123412340534,,,,,,,,7.0,Requests,,E77AQxxxxxxVV3FC,E77AQEM2DC4VVxxx.xxxxxxxxxx.xxx6EN2CT7,4e-7,2.8e-6,7.0,Requests
2023-11-04T22:00:00.000+0000,2023-11-05T00:00:00.000+0000,Recurring,"$0.004 per 10,000 GET and all other requests",Usage,2023-11-01T00:00:00.000+0000,2023-12-01T00:00:00.000+0000,AWS,"Amazon Web Services Canada, Inc.","Amazon Web Services Canada, Inc.",123412340534,2e-6,USD,2e-6,us-west-2,Storage,AmazonS3,123412340534,,,,,,,,5.0,Requests,,E77AQxxxxxxVV3FC,E77AQEM2DC4VVxxx.xxxxxxxxxx.xxx6EN2CT7,4e-7,2e-6,5.0,Requests
2023-11-04T22:00:00.000+0000,2023-11-04T23:00:00.000+0000,Recurring,"$0.004 per 10,000 GET and all other requests",Usage,2023-11-01T00:00:00.000+0000,2023-12-01T00:00:00.000+0000,AWS,"Amazon Web Services Canada, Inc.","Amazon Web Services Canada, Inc.",123412340534,1.6e-6,USD,1.6e-6,us-west-2,Storage,AmazonS3,123412340534,,,,,,,,4.0,Requests,,E77AQxxxxxxVV3FC,E77AQEM2DC4VVxxx.xxxxxxxxxx.xxx6EN2CT7,4e-7,1.6e-6,4.0,Requests
2023-11-04T23:00:00.000+0000,2023-11-05T00:00:00.000+0000,Recurring,"$0.004 per 10,000 GET and all other requests",Usage,2023-11-01T00:00:00.000+0000,2023-12-01T00:00:00.000+0000,AWS,"Amazon Web Services Canada, Inc.","Amazon Web Services Canada, Inc.",123412340534,4e-7,USD,4e-7,us-west-2,Storage,AmazonS3,123412340534,,,,,,,,1.0,Requests,,E77AQxxxxxxVV3FC,E77AQEM2DC4VVxxx.xxxxxxxxxx.xxx6EN2CT7,4e-7,4e-7,1.0,Requests
2023-11-04T23:00:00.000+0000,2023-11-05T00:00:00.000+0000,Recurring,"$0.004 per 10,000 GET and all other requests",Usage,2023-11-01T00:00:00.000+0000,2023-12-01T00:00:00.000+0000,AWS,"Amazon Web Services Canada, Inc.","Amazon Web Services Canada, Inc.",123412340534,4e-7,USD,4e-7,us-west-2,Storage,AmazonS3,123412340534,,,,,,,,1.0,Requests,,E77AQxxxxxxVV3FC,E77AQEM2DC4VVxxx.xxxxxxxxxx.xxx6EN2CT7,4e-7,4e-7,1.0,Requests
2023-11-04T23:00:00.000+0000,2023-11-05T00:00:00.000+0000,Recurring,"$0.004 per 10,000 GET and all other requests",Usage,2023-11-01T00:00:00.000+0000,2023-12-01T00:00:00.000+0000,AWS,"Amazon Web Services Canada, Inc.","Amazon Web Services Canada, Inc.",123412340534,4e-7,USD,4e-7,us-west-2,Storage,AmazonS3,123412340534,,,,,,,,1.0,Requests,,E77AQxxxxxxVV3FC,E77AQEM2DC4VVxxx.xxxxxxxxxx.xxx6EN2CT7,4e-7,4e-7,1.0,Requests
2023-11-04T23:00:00.000+0000,2023-11-05T00:00:00.000+0000,Recurring,"$0.004 per 10,000 GET and all other requests",Usage,2023-11-01T00:00:00.000+0000,2023-12-01T00:00:00.000+0000,AWS,"Amazon Web Services Canada, Inc.","Amazon Web Services Canada, Inc.",123412340534,4e-7,USD,4e-7,us-west-2,Storage,AmazonS3,123412340534,,,,,,,,1.0,Requests,,E77AQxxxxxxVV3FC,E77AQEM2DC4VVxxx.xxxxxxxxxx.xxx6EN2CT7,4e-7,4e-7,1.0,Requests
2023-11-04T23:00:00.000+0000,2023-11-05T00:00:00.000+0000,Recurring,"$0.004 per 10,000 GET and all other requests",Usage,2023-11-01T00:00:00.000+0000,2023-12-01T00:00:00.000+0000,AWS,"Amazon Web Services Canada, Inc.","Amazon Web Services Canada, Inc.",123412340534,4e-7,USD,4e-7,us-west-2,Storage,AmazonS3,123412340534,,,,,,,,1.0,Requests,,E77AQxxxxxxVV3FC,E77AQEM2DC4VVxxx.xxxxxxxxxx.xxx6EN2CT7,4e-7,4e-7,1.0,Requests
2023-11-04T23:00:00.000+0000,2023-11-05T00:00:00.000+0000,Recurring,"$0.004 per 10,000 GET and all other requests",Usage,2023-11-01T00:00:00.000+0000,2023-12-01T00:00:00.000+0000,AWS,"Amazon Web Services Canada, Inc.","Amazon Web Services Canada, Inc.",123412340534,4e-7,USD,4e-7,us-west-2,Storage,AmazonS3,123412340534,,,,,,,,1.0,Requests,,E77AQxxxxxxVV3FC,E77AQEM2DC4VVxxx.xxxxxxxxxx.xxx6EN2CT7,4e-7,4e-7,1.0,Requests
2023-11-04T23:00:00.000+0000,2023-11-05T00:00:00.000+0000,Recurring,"$0.004 per 10,000 GET and all other requests",Usage,2023-11-01T00:00:00.000+0000,2023-12-01T00:00:00.000+0000,AWS,"Amazon Web Services Canada, Inc.","Amazon Web Services Canada, Inc.",123412340534,4e-7,USD,4e-7,us-west-2,Storage,AmazonS3,123412340534,,,,,,,,1.0,Requests,,E77AQxxxxxxVV3FC,E77AQEM2DC4VVxxx.xxxxxxxxxx.xxx6EN2CT7,4e-7,4e-7,1.0,Requests
2023-11-04T22:00:00.000+0000,2023-11-05T00:00:00.000+0000,Recurring,"$0.004 per 10,000 GET and all other requests",Usage,2023-11-01T00:00:00.000+0000,2023-12-01T00:00:00.000+0000,AWS,"Amazon Web Services Canada, Inc.","Amazon Web Services Canada, Inc.",123412340534,8e-7,USD,8e-7,us-west-2,Storage,AmazonS3,123412340534,,,,,,,,2.0,Requests,,E77AQxxxxxxVV3FC,E77AQEM2DC4VVxxx.xxxxxxxxxx.xxx6EN2CT7,4e-7,8e-7,2.0,Requests
2023-11-04T22:00:00.000+0000,2023-11-05T00:00:00.000+0000,Recurring,"$0.004 per 10,000 GET and all other requests",Usage,2023-11-01T00:00:00.000+0000,2023-12-01T00:00:00.000+0000,AWS,"Amazon Web Services Canada, Inc.","Amazon Web Services Canada, Inc.",123412340534,1.6e-6,USD,1.6e-6,us-west-2,Storage,AmazonS3,123412340534,,,,,,,,4.0,Requests,,E77AQxxxxxxVV3FC,E77AQEM2DC4VVxxx.xxxxxxxxxx.xxx6EN2CT7,4e-7,1.6e-6,4.0,Requests
2023-11-04T22:00:00.000+0000,2023-11-04T23:00:00.000+0000,Recurring,"$0.004 per 10,000 GET and all other requests",Usage,2023-11-01T00:00:00.000+0000,2023-12-01T00:00:00.000+0000,AWS,"Amazon Web Services Canada, Inc.","Amazon Web Services Canada, Inc.",123412340534,1.6e-6,USD,1.6e-6,us-west-2,Storage,AmazonS3,123412340534,,,,,,,,4.0,Requests,,E77AQxxxxxxVV3FC,E77AQEM2DC4VVxxx.xxxxxxxxxx.xxx6EN2CT7,4e-7,1.6e-6,4.0,Requests
2023-11-04T22:00:00.000+0000,2023-11-05T00:00:00.000+0000,Recurring,"$0.004 per 10,000 GET and all other requests",Usage,2023-11-01T00:00:00.000+0000,2023-12-01T00:00:00.000+0000,AWS,"Amazon Web Services Canada, Inc.","Amazon Web Services Canada, Inc.",123412340534,2e-6,USD,2e-6,us-west-2,Storage,AmazonS3,123412340534,,,,,,,,5.0,Requests,,E77AQxxxxxxVV3FC,E77AQEM2DC4VVxxx.xxxxxxxxxx.xxx6EN2CT7,4e-7,2e-6,5.0,Requests
2023-11-04T23:00:00.000+0000,2023-11-05T00:00:00.000+0000,Recurring,"$0.004 per 10,000 GET and all other requests",Usage,2023-11-01T00:00:00.000+0000,2023-12-01T00:00:00.000+0000,AWS,"Amazon Web Services Canada, Inc.","Amazon Web Services Canada, Inc.",123412340534,4e-7,USD,4e-7,us-west-2,Storage,AmazonS3,123412340534,,,,,,,,1.0,Requests,,E77AQxxxxxxVV3FC,E77AQEM2DC4VVxxx.xxxxxxxxxx.xxx6EN2CT7,4e-7,4e-7,1.0,Requests
2023-11-04T23:00:00.000+0000,2023-11-05T00:00:00.000+0000,Recurring,"$0.004 per 10,000 GET and all other requests",Usage,2023-11-01T00:00:00.000+0000,2023-12-01T00:00:00.000+0000,AWS,"Amazon Web Services Canada, Inc.","Amazon Web Services Canada, Inc.",123412340534,4e-7,USD,4e-7,us-west-2,Storage,AmazonS3,123412340534,,,,,,,,1.0,Requests,,E77AQxxxxxxVV3FC,E77AQEM2DC4VVxxx.xxxxxxxxxx.xxx6EN2CT7,4e-7,4e-7,1.0,Requests
2023-11-04T23:00:00.000+0000,2023-11-05T00:00:00.000+0000,Recurring,"$0.004 per 10,000 GET and all other requests",Usage,2023-11-01T00:00:00.000+0000,2023-12-01T00:00:00.000+0000,AWS,"Amazon Web Services Canada, Inc.","Amazon Web Services Canada, Inc.",123412340534,4e-7,USD,4e-7,us-west-2,Storage,AmazonS3,123412340534,,,,,,,,1.0,Requests,,E77AQxxxxxxVV3FC,E77AQEM2DC4VVxxx.xxxxxxxxxx.xxx6EN2CT7,4e-7,4e-7,1.0,Requests
2023-11-04T23:00:00.000+0000,2023-11-05T00:00:00.000+0000,Recurring,"$0.004 per 10,000 GET and all other requests",Usage,2023-11-01T00:00:00.000+0000,2023-12-01T00:00:00.000+0000,AWS,"Amazon Web Services Canada, Inc.","Amazon Web Services Canada, Inc.",123412340534,4e-7,USD,4e-7,us-west-2,Storage,AmazonS3,123412340534,,,,,,,,1.0,Requests,,E77AQxxxxxxVV3FC,E77AQEM2DC4VVxxx.xxxxxxxxxx.xxx6EN2CT7,4e-7,4e-7,1.0,Requests
2023-11-04T17:00:00.000+0000,2023-11-05T00:00:00.000+0000,Recurring,"$0.004 per 10,000 GET and all other requests",Usage,2023-11-01T00:00:00.000+0000,2023-12-01T00:00:00.000+0000,AWS,"Amazon Web Services Canada, Inc.","Amazon Web Services Canada, Inc.",123412340534,0.000016,USD,0.000016,us-west-2,Storage,AmazonS3,123412340534,,,,,,,,40.0,Requests,,E77AQxxxxxxVV3FC,E77AQEM2DC4VVxxx.xxxxxxxxxx.xxx6EN2CT7,4e-7,0.000016,40.0,Requests
2023-11-04T23:00:00.000+0000,2023-11-05T00:00:00.000+0000,Recurring,"$0.004 per 10,000 GET and all other requests",Usage,2023-11-01T00:00:00.000+0000,2023-12-01T00:00:00.000+0000,AWS,"Amazon Web Services Canada, Inc.","Amazon Web Services Canada, Inc.",123412340534,4e-7,USD,4e-7,us-west-2,Storage,AmazonS3,123412340534,,,,,,,,1.0,Requests,,E77AQxxxxxxVV3FC,E77AQEM2DC4VVxxx.xxxxxxxxxx.xxx6EN2CT7,4e-7,4e-7,1.0,Requests
2023-11-04T23:00:00.000+0000,2023-11-05T00:00:00.000+0000,Recurring,"$0.004 per 10,000 GET and all other requests",Usage,2023-11-01T00:00:00.000+0000,2023-12-01T00:00:00.000+0000,AWS,"Amazon Web Services Canada, Inc.","Amazon Web Services Canada, Inc.",123412340534,4e-7,USD,4e-7,us-west-2,Storage,AmazonS3,123412340534,,,,,,,,1.0,Requests,,E77AQxxxxxxVV3FC,E77AQEM2DC4VVxxx.xxxxxxxxxx.xxx6EN2CT7,4e-7,4e-7,1.0,Requests
2023-11-04T22:00:00.000+0000,2023-11-04T23:00:00.000+0000,Recurring,"$0.004 per 10,000 GET and all other requests",Usage,2023-11-01T00:00:00.000+0000,2023-12-01T00:00:00.000+0000,AWS,"Amazon Web Services Canada, Inc.","Amazon Web Services Canada, Inc.",123412340534,4e-7,USD,4e-7,us-west-2,Storage,AmazonS3,123412340534,,,,,,,,1.0,Requests,,E77AQxxxxxxVV3FC,E77AQEM2DC4VVxxx.xxxxxxxxxx.xxx6EN2CT7,4e-7,4e-7,1.0,Requests
2023-11-04T22:00:00.000+0000,2023-11-05T00:00:00.000+0000,Recurring,"$0.004 per 10,000 GET and all other requests",Usage,2023-11-01T00:00:00.000+0000,2023-12-01T00:00:00.000+0000,AWS,"Amazon Web Services Canada, Inc.","Amazon Web Services Canada, Inc.",123412340534,1.6e-6,USD,1.6e-6,us-west-2,Storage,AmazonS3,123412340534,,,,,,,,4.0,Requests,,E77AQxxxxxxVV3FC,E77AQEM2DC4VVxxx.xxxxxxxxxx.xxx6EN2CT7,4e-7,1.6e-6,4.0,Requests
2023-11-05T00:00:00.000+0000,2023-11-05T19:00:00.000+0000,Recurring,"$0.004 per 10,000 GET and all other requests",Usage,2023-11-01T00:00:00.000+0000,2023-12-01T00:00:00.000+0000,AWS,"Amazon Web Services Canada, Inc.","Amazon Web Services Canada, Inc.",123412340534,2e-6,USD,2e-6,us-west-2,Storage,AmazonS3,123412340534,,,,,,,,5.0,Requests,,E77AQxxxxxxVV3FC,E77AQEM2DC4VVxxx.xxxxxxxxxx.xxx6EN2CT7,4e-7,2e-6,5.0,Requests
2023-11-05T00:00:00.000+0000,2023-11-05T19:00:00.000+0000,Recurring,"$0.004 per 10,000 GET and all other requests",Usage,2023-11-01T00:00:00.000+0000,2023-12-01T00:00:00.000+0000,AWS,"Amazon Web Services Canada, Inc.","Amazon Web Services Canada, Inc.",123412340534,5.2e-6,USD,5.2e-6,us-west-2,Storage,AmazonS3,123412340534,,,,,,,,13.0,Requests,,E77AQxxxxxxVV3FC,E77AQEM2DC4VVxxx.xxxxxxxxxx.xxx6EN2CT7,4e-7,5.199999999999999e-6,13.0,Requests
2023-11-05T00:00:00.000+0000,2023-11-05T19:00:00.000+0000,Recurring,"$0.004 per 10,000 GET and all other requests",Usage,2023-11-01T00:00:00.000+0000,2023-12-01T00:00:00.000+0000,AWS,"Amazon Web Services Canada, Inc.","Amazon Web Services Canada, Inc.",123412340534,1.6e-6,USD,1.6e-6,us-west-2,Storage,AmazonS3,123412340534,,,,,,,,4.0,Requests,,E77AQxxxxxxVV3FC,E77AQEM2DC4VVxxx.xxxxxxxxxx.xxx6EN2CT7,4e-7,1.6e-6,4.0,Requests
2023-11-05T18:00:00.000+0000,2023-11-05T19:00:00.000+0000,Recurring,"$0.004 per 10,000 GET and all other requests",Usage,2023-11-01T00:00:00.000+0000,2023-12-01T00:00:00.000+0000,AWS,"Amazon Web Services Canada, Inc.","Amazon Web Services Canada, Inc.",123412340534,4e-7,USD,4e-7,us-west-2,Storage,AmazonS3,123412340534,,,,,,,,1.0,Requests,,E77AQxxxxxxVV3FC,E77AQEM2DC4VVxxx.xxxxxxxxxx.xxx6EN2CT7,4e-7,4e-7,1.0,Requests
2023-11-05T18:00:00.000+0000,2023-11-05T19:00:00.000+0000,Recurring,"$0.004 per 10,000 GET and all other requests",Usage,2023-11-01T00:00:00.000+0000,2023-12-01T00:00:00.000+0000,AWS,"Amazon Web Services Canada, Inc.","Amazon Web Services Canada, Inc.",123412340534,4e-7,USD,4e-7,us-west-2,Storage,AmazonS3,123412340534,,,,,,,,1.0,Requests,,E77AQxxxxxxVV3FC,E77AQEM2DC4VVxxx.xxxxxxxxxx.xxx6EN2CT7,4e-7,4e-7,1.0,Requests
2023-11-05T00:00:00.000+0000,2023-11-05T19:00:00.000+0000,Recurring,"$0.004 per 10,000 GET and all other requests",Usage,2023-11-01T00:00:00.000+0000,2023-12-01T00:00:00.000+0000,AWS,"Amazon Web Services Canada, Inc.","Amazon Web Services Canada, Inc.",123412340534,1.6e-6,USD,1.6e-6,us-west-2,Storage,AmazonS3,123412340534,,,,,,,,4.0,Requests,,E77AQxxxxxxVV3FC,E77AQEM2DC4VVxxx.xxxxxxxxxx.xxx6EN2CT7,4e-7,1.6e-6,4.0,Requests
2023-11-05T18:00:00.000+0000,2023-11-05T19:00:00.000+0000,Recurring,"$0.004 per 10,000 GET and all other requests",Usage,2023-11-01T00:00:00.000+0000,2023-12-01T00:00:00.000+0000,AWS,"Amazon Web Services Canada, Inc.","Amazon Web Services Canada, Inc.",123412340534,4e-7,USD,4e-7,us-west-2,Storage,AmazonS3,123412340534,,,,,,,,1.0,Requests,,E77AQxxxxxxVV3FC,E77AQEM2DC4VVxxx.xxxxxxxxxx.xxx6EN2CT7,4e-7,4e-7,1.0,Requests
2023-11-05T18:00:00.000+0000,2023-11-05T19:00:00.000+0000,Recurring,"$0.004 per 10,000 GET and all other requests",Usage,2023-11-01T00:00:00.000+0000,2023-12-01T00:00:00.000+0000,AWS,"Amazon Web Services Canada, Inc.","Amazon Web Services Canada, Inc.",123412340534,4e-7,USD,4e-7,us-west-2,Storage,AmazonS3,123412340534,,,,,,,,1.0,Requests,,E77AQxxxxxxVV3FC,E77AQEM2DC4VVxxx.xxxxxxxxxx.xxx6EN2CT7,4e-7,4e-7,1.0,Requests
2023-11-05T00:00:00.000+0000,2023-11-05T19:00:00.000+0000,Recurring,"$0.004 per 10,000 GET and all other requests",Usage,2023-11-01T00:00:00.000+0000,2023-12-01T00:00:00.000+0000,AWS,"Amazon Web Services Canada, Inc.","Amazon Web Services Canada, Inc.",123412340534,1.6e-6,USD,1.6e-6,us-west-2,Storage,AmazonS3,123412340534,,,,,,,,4.0,Requests,,E77AQxxxxxxVV3FC,E77AQEM2DC4VVxxx.xxxxxxxxxx.xxx6EN2CT7,4e-7,1.6e-6,4.0,Requests
2023-11-05T00:00:00.000+0000,2023-11-05T19:00:00.000+0000,Recurring,"$0.004 per 10,000 GET and all other requests",Usage,2023-11-01T00:00:00.000+0000,2023-12-01T00:00:00.000+0000,AWS,"Amazon Web Services Canada, Inc.","Amazon Web Services Canada, Inc.",123412340534,2.8e-6,USD,2.8e-6,us-west-2,Storage,AmazonS3,123412340534,,,,,,,,7.0,Requests,,E77AQxxxxxxVV3FC,E77AQEM2DC4VVxxx.xxxxxxxxxx.xxx6EN2CT7,4e-7,2.8e-6,7.0,Requests
2023-11-05T18:00:00.000+0000,2023-11-05T19:00:00.000+0000,Recurring,"$0.004 per 10,000 GET and all other requests",Usage,2023-11-01T00:00:00.000+0000,2023-12-01T00:00:00.000+0000,AWS,"Amazon Web Services Canada, Inc.","Amazon Web Services Canada, Inc.",123412340534,4e-7,USD,4e-7,us-west-2,Storage,AmazonS3,123412340534,,,,,,,,1.0,Requests,,E77AQxxxxxxVV3FC,E77AQEM2DC4VVxxx.xxxxxxxxxx.xxx6EN2CT7,4e-7,4e-7,1.0,Requests
2023-11-05T00:00:00.000+0000,2023-11-05T19:00:00.000+0000,Recurring,"$0.004 per 10,000 GET and all other requests",Usage,2023-11-01T00:00:00.000+0000,2023-12-01T00:00:00.000+0000,AWS,"Amazon Web Services Canada, Inc.","Amazon Web Services Canada, Inc.",123412340534,4.8e-6,USD,4.8e-6,us-west-2,Storage,AmazonS3,123412340534,,,,,,,,12.0,Requests,,E77AQxxxxxxVV3FC,E77AQEM2DC4VVxxx.xxxxxxxxxx.xxx6EN2CT7,4e-7,4.8e-6,12.0,Requests
2023-11-05T00:00:00.000+0000,2023-11-05T19:00:00.000+0000,Recurring,"$0.004 per 10,000 GET and all other requests",Usage,2023-11-01T00:00:00.000+0000,2023-12-01T00:00:00.000+0000,AWS,"Amazon Web Services Canada, Inc.","Amazon Web Services Canada, Inc.",123412340534,6e-6,USD,6e-6,us-west-2,Storage,AmazonS3,123412340534,,,,,,,,15.0,Requests,,E77AQxxxxxxVV3FC,E77AQEM2DC4VVxxx.xxxxxxxxxx.xxx6EN2CT7,4e-7,6e-6,15.0,Requests
2023-11-05T18:00:00.000+0000,2023-11-05T19:00:00.000+0000,Recurring,"$0.004 per 10,000 GET and all other requests",Usage,2023-11-01T00:00:00.000+0000,2023-12-01T00:00:00.000+0000,AWS,"Amazon Web Services Canada, Inc.","Amazon Web Services Canada, Inc.",123412340534,8e-7,USD,8e-7,us-west-2,Storage,AmazonS3,123412340534,,,,,,,,2.0,Requests,,E77AQxxxxxxVV3FC,E77AQEM2DC4VVxxx.xxxxxxxxxx.xxx6EN2CT7,4e-7,8e-7,2.0,Requests
2023-11-05T00:00:00.000+0000,2023-11-05T19:00:00.000+0000,Recurring,"$0.004 per 10,000 GET and all other requests",Usage,2023-11-01T00:00:00.000+0000,2023-12-01T00:00:00.000+0000,AWS,"Amazon Web Services Canada, Inc.","Amazon Web Services Canada, Inc.",123412340534,1.6e-6,USD,1.6e-6,us-west-2,Storage,AmazonS3,123412340534,,,,,,,,4.0,Requests,,E77AQxxxxxxVV3FC,E77AQEM2DC4VVxxx.xxxxxxxxxx.xxx6EN2CT7,4e-7,1.6e-6,4.0,Requests
2023-11-05T00:00:00.000+0000,2023-11-05T19:00:00.000+0000,Recurring,"$0.004 per 10,000 GET and all other requests",Usage,2023-11-01T00:00:00.000+0000,2023-12-01T00:00:00.000+0000,AWS,"Amazon Web Services Canada, Inc.","Amazon Web Services Canada, Inc.",123412340534,1.6e-6,USD,1.6e-6,us-west-2,Storage,AmazonS3,123412340534,,,,,,,,4.0,Requests,,E77AQxxxxxxVV3FC,E77AQEM2DC4VVxxx.xxxxxxxxxx.xxx6EN2CT7,4e-7,1.6e-6,4.0,Requests
2023-11-05T00:00:00.000+0000,2023-11-05T19:00:00.000+0000,Recurring,"$0.004 per 10,000 GET and all other requests",Usage,2023-11-01T00:00:00.000+0000,2023-12-01T00:00:00.000+0000,AWS,"Amazon Web Services Canada, Inc.","Amazon Web Services Canada, Inc.",123412340534,1.6e-6,USD,1.6e-6,us-west-2,Storage,AmazonS3,123412340534,,,,,,,,4.0,Requests,,E77AQxxxxxxVV3FC,E77AQEM2DC4VVxxx.xxxxxxxxxx.xxx6EN2CT7,4e-7,1.6e-6,4.0,Requests
2023-11-05T00:00:00.000+0000,2023-11-05T22:00:00.000+0000,Recurring,"$0.004 per 10,000 GET and all other requests",Usage,2023-11-01T00:00:00.000+0000,2023-12-01T00:00:00.000+0000,AWS,"Amazon Web Services Canada, Inc.","Amazon Web Services Canada, Inc.",123412340534,5.6e-6,USD,5.6e-6,us-west-2,Storage,AmazonS3,123412340534,,,,,,,,14.0,Requests,,E77AQxxxxxxVV3FC,E77AQEM2DC4VVxxx.xxxxxxxxxx.xxx6EN2CT7,4e-7,5.6e-6,14.0,Requests
2023-11-05T00:00:00.000+0000,2023-11-05T19:00:00.000+0000,Recurring,"$0.004 per 10,000 GET and all other requests",Usage,2023-11-01T00:00:00.000+0000,2023-12-01T00:00:00.000+0000,AWS,"Amazon Web Services Canada, Inc.","Amazon Web Services Canada, Inc.",123412340534,1.6e-6,USD,1.6e-6,us-west-2,Storage,AmazonS3,123412340534,,,,,,,,4.0,Requests,,E77AQxxxxxxVV3FC,E77AQEM2DC4VVxxx.xxxxxxxxxx.xxx6EN2CT7,4e-7,1.6e-6,4.0,Requests
2023-11-05T00:00:00.000+0000,2023-11-05T19:00:00.000+0000,Recurring,"$0.004 per 10,000 GET and all other requests",Usage,2023-11-01T00:00:00.000+0000,2023-12-01T00:00:00.000+0000,AWS,"Amazon Web Services Canada, Inc.","Amazon Web Services Canada, Inc.",123412340534,2e-6,USD,2e-6,us-west-2,Storage,AmazonS3,123412340534,,,,,,,,5.0,Requests,,E77AQxxxxxxVV3FC,E77AQEM2DC4VVxxx.xxxxxxxxxx.xxx6EN2CT7,4e-7,2e-6,5.0,Requests
2023-11-05T00:00:00.000+0000,2023-11-05T19:00:00.000+0000,Recurring,"$0.004 per 10,000 GET and all other requests",Usage,2023-11-01T00:00:00.000+0000,2023-12-01T00:00:00.000+0000,AWS,"Amazon Web Services Canada, Inc.","Amazon Web Services Canada, Inc.",123412340534,1.6e-6,USD,1.6e-6,us-west-2,Storage,AmazonS3,123412340534,,,,,,,,4.0,Requests,,E77AQxxxxxxVV3FC,E77AQEM2DC4VVxxx.xxxxxxxxxx.xxx6EN2CT7,4e-7,1.6e-6,4.0,Requests
2023-11-05T00:00:00.000+0000,2023-11-05T19:00:00.000+0000,Recurring,"$0.004 per 10,000 GET and all other requests",Usage,2023-11-01T00:00:00.000+0000,2023-12-01T00:00:00.000+0000,AWS,"Amazon Web Services Canada, Inc.","Amazon Web Services Canada, Inc.",123412340534,3.6e-6,USD,3.6e-6,us-west-2,Storage,AmazonS3,123412340534,,,,,,,,9.0,Requests,,E77AQxxxxxxVV3FC,E77AQEM2DC4VVxxx.xxxxxxxxxx.xxx6EN2CT7,4e-7,3.6e-6,9.0,Requests
2023-11-06T05:00:00.000+0000,2023-11-06T06:00:00.000+0000,Recurring,"$0.004 per 10,000 GET and all other requests",Usage,2023-11-01T00:00:00.000+0000,2023-12-01T00:00:00.000+0000,AWS,"Amazon Web Services Canada, Inc.","Amazon Web Services Canada, Inc.",123412340534,8e-7,USD,8e-7,us-west-2,Storage,AmazonS3,123412340534,,,,,,,,2.0,Requests,,E77AQxxxxxxVV3FC,E77AQEM2DC4VVxxx.xxxxxxxxxx.xxx6EN2CT7,4e-7,8e-7,2.0,Requests
2023-11-06T05:00:00.000+0000,2023-11-06T06:00:00.000+0000,Recurring,"$0.004 per 10,000 GET and all other requests",Usage,2023-11-01T00:00:00.000+0000,2023-12-01T00:00:00.000+0000,AWS,"Amazon Web Services Canada, Inc.","Amazon Web Services Canada, Inc.",123412340534,1.6e-6,USD,1.6e-6,us-west-2,Storage,AmazonS3,123412340534,,,,,,,,4.0,Requests,,E77AQxxxxxxVV3FC,E77AQEM2DC4VVxxx.xxxxxxxxxx.xxx6EN2CT7,4e-7,1.6e-6,4.0,Requests
2023-11-06T05:00:00.000+0000,2023-11-06T06:00:00.000+0000,Recurring,"$0.004 per 10,000 GET and all other requests",Usage,2023-11-01T00:00:00.000+0000,2023-12-01T00:00:00.000+0000,AWS,"Amazon Web Services Canada, Inc.","Amazon Web Services Canada, Inc.",123412340534,1.6e-6,USD,1.6e-6,us-west-2,Storage,AmazonS3,123412340534,,,,,,,,4.0,Requests,,E77AQxxxxxxVV3FC,E77AQEM2DC4VVxxx.xxxxxxxxxx.xxx6EN2CT7,4e-7,1.6e-6,4.0,Requests
2023-11-06T05:00:00.000+0000,2023-11-06T06:00:00.000+0000,Recurring,"$0.004 per 10,000 GET and all other requests",Usage,2023-11-01T00:00:00.000+0000,2023-12-01T00:00:00.000+0000,AWS,"Amazon Web Services Canada, Inc.","Amazon Web Services Canada, Inc.",123412340534,1.6e-6,USD,1.6e-6,us-west-2,Storage,AmazonS3,123412340534,,,,,,,,4.0,Requests,,E77AQxxxxxxVV3FC,E77AQEM2DC4VVxxx.xxxxxxxxxx.xxx6EN2CT7,4e-7,1.6e-6,4.0,Requests
2023-11-06T04:00:00.000+0000,2023-11-06T19:00:00.000+0000,Recurring,"$0.004 per 10,000 GET and all other requests",Usage,2023-11-01T00:00:00.000+0000,2023-12-01T00:00:00.000+0000,AWS,"Amazon Web Services Canada, Inc.","Amazon Web Services Canada, Inc.",123412340534,2.4e-6,USD,2.4e-6,us-west-2,Storage,AmazonS3,123412340534,,,,,,,,6.0,Requests,,E77AQxxxxxxVV3FC,E77AQEM2DC4VVxxx.xxxxxxxxxx.xxx6EN2CT7,4e-7,2.4e-6,6.0,Requests
2023-11-07T03:00:00.000+0000,2023-11-07T11:00:00.000+0000,Recurring,"$0.004 per 10,000 GET and all other requests",Usage,2023-11-01T00:00:00.000+0000,2023-12-01T00:00:00.000+0000,AWS,"Amazon Web Services Canada, Inc.","Amazon Web Services Canada, Inc.",123412340534,4e-6,USD,4e-6,us-west-2,Storage,AmazonS3,123412340534,,,,,,,,10.0,Requests,,E77AQxxxxxxVV3FC,E77AQEM2DC4VVxxx.xxxxxxxxxx.xxx6EN2CT7,4e-7,4e-6,10.0,Requests
2023-11-07T03:00:00.000+0000,2023-11-07T05:00:00.000+0000,Recurring,"$0.004 per 10,000 GET and all other requests",Usage,2023-11-01T00:00:00.000+0000,2023-12-01T00:00:00.000+0000,AWS,"Amazon Web Services Canada, Inc.","Amazon Web Services Canada, Inc.",123412340534,6.4e-6,USD,6.4e-6,us-west-2,Storage,AmazonS3,123412340534,,,,,,,,16.0,Requests,,E77AQxxxxxxVV3FC,E77AQEM2DC4VVxxx.xxxxxxxxxx.xxx6EN2CT7,4e-7,6.4e-6,16.0,Requests
2023-11-07T03:00:00.000+0000,2023-11-07T05:00:00.000+0000,Recurring,"$0.004 per 10,000 GET and all other requests",Usage,2023-11-01T00:00:00.000+0000,2023-12-01T00:00:00.000+0000,AWS,"Amazon Web Services Canada, Inc.","Amazon Web Services Canada, Inc.",123412340534,6.4e-6,USD,6.4e-6,us-west-2,Storage,AmazonS3,123412340534,,,,,,,,16.0,Requests,,E77AQxxxxxxVV3FC,E77AQEM2DC4VVxxx.xxxxxxxxxx.xxx6EN2CT7,4e-7,6.4e-6,16.0,Requests
2023-11-07T03:00:00.000+0000,2023-11-07T05:00:00.000+0000,Recurring,"$0.004 per 10,000 GET and all other requests",Usage,2023-11-01T00:00:00.000+0000,2023-12-01T00:00:00.000+0000,AWS,"Amazon Web Services Canada, Inc.","Amazon Web Services Canada, Inc.",123412340534,6.4e-6,USD,6.4e-6,us-west-2,Storage,AmazonS3,123412340534,,,,,,,,16.0,Requests,,E77AQxxxxxxVV3FC,E77AQEM2DC4VVxxx.xxxxxxxxxx.xxx6EN2CT7,4e-7,6.4e-6,16.0,Requests
2023-11-07T03:00:00.000+0000,2023-11-07T18:00:00.000+0000,Recurring,"$0.004 per 10,000 GET and all other requests",Usage,2023-11-01T00:00:00.000+0000,2023-12-01T00:00:00.000+0000,AWS,"Amazon Web Services Canada, Inc.","Amazon Web Services Canada, Inc.",123412340534,4e-6,USD,4e-6,us-west-2,Storage,AmazonS3,123412340534,,,,,,,,10.0,Requests,,E77AQxxxxxxVV3FC,E77AQEM2DC4VVxxx.xxxxxxxxxx.xxx6EN2CT7,4e-7,4e-6,10.0,Requests
2023-11-08T03:00:00.000+0000,2023-11-08T23:00:00.000+0000,Recurring,"$0.004 per 10,000 GET and all other requests",Usage,2023-11-01T00:00:00.000+0000,2023-12-01T00:00:00.000+0000,AWS,"Amazon Web Services Canada, Inc.","Amazon Web Services Canada, Inc.",123412340534,5.6e-6,USD,5.6e-6,us-west-2,Storage,AmazonS3,123412340534,,,,,,,,14.0,Requests,,E77AQxxxxxxVV3FC,E77AQEM2DC4VVxxx.xxxxxxxxxx.xxx6EN2CT7,4e-7,5.6e-6,14.0,Requests
2023-11-09T17:00:00.000+0000,2023-11-09T21:00:00.000+0000,Recurring,"$0.004 per 10,000 GET and all other requests",Usage,2023-11-01T00:00:00.000+0000,2023-12-01T00:00:00.000+0000,AWS,"Amazon Web Services Canada, Inc.","Amazon Web Services Canada, Inc.",123412340534,1.6e-6,USD,1.6e-6,us-west-2,Storage,AmazonS3,123412340534,,,,,,,,4.0,Requests,,E77AQxxxxxxVV3FC,E77AQEM2DC4VVxxx.xxxxxxxxxx.xxx6EN2CT7,4e-7,1.6e-6,4.0,Requests
2023-11-10T00:00:00.000+0000,2023-11-10T22:00:00.000+0000,Recurring,"$0.004 per 10,000 GET and all other requests",Usage,2023-11-01T00:00:00.000+0000,2023-12-01T00:00:00.000+0000,AWS,"Amazon Web Services Canada, Inc.","Amazon Web Services Canada, Inc.",123412340534,2.4e-6,USD,2.4e-6,us-west-2,Storage,AmazonS3,123412340534,,,,,,,,6.0,Requests,,E77AQxxxxxxVV3FC,E77AQEM2DC4VVxxx.xxxxxxxxxx.xxx6EN2CT7,4e-7,2.4e-6,6.0,Requests
2023-11-11T02:00:00.000+0000,2023-11-11T19:00:00.000+0000,Recurring,"$0.004 per 10,000 GET and all other requests",Usage,2023-11-01T00:00:00.000+0000,2023-12-01T00:00:00.000+0000,AWS,"Amazon Web Services Canada, Inc.","Amazon Web Services Canada, Inc.",123412340534,4.8e-6,USD,4.8e-6,us-west-2,Storage,AmazonS3,123412340534,,,,,,,,12.0,Requests,,E77AQxxxxxxVV3FC,E77AQEM2DC4VVxxx.xxxxxxxxxx.xxx6EN2CT7,4e-7,4.8e-6,12.0,Requests
2023-11-12T19:00:00.000+0000,2023-11-12T20:00:00.000+0000,Recurring,"$0.004 per 10,000 GET and all other requests",Usage,2023-11-01T00:00:00.000+0000,2023-12-01T00:00:00.000+0000,AWS,"Amazon Web Services Canada, Inc.","Amazon Web Services Canada, Inc.",123412340534,2.4e-6,USD,2.4e-6,us-west-2,Storage,AmazonS3,123412340534,,,,,,,,6.0,Requests,,E77AQxxxxxxVV3FC,E77AQEM2DC4VVxxx.xxxxxxxxxx.xxx6EN2CT7,4e-7,2.4e-6,6.0,Requests
2023-11-12T10:00:00.000+0000,2023-11-12T11:00:00.000+0000,Recurring,"$0.004 per 10,000 GET and all other requests",Usage,2023-11-01T00:00:00.000+0000,2023-12-01T00:00:00.000+0000,AWS,"Amazon Web Services Canada, Inc.","Amazon Web Services Canada, Inc.",123412340534,8e-7,USD,8e-7,us-west-2,Storage,AmazonS3,123412340534,,,,,,,,2.0,Requests,,E77AQxxxxxxVV3FC,E77AQEM2DC4VVxxx.xxxxxxxxxx.xxx6EN2CT7,4e-7,8e-7,2.0,Requests
2023-11-12T00:00:00.000+0000,2023-11-12T20:00:00.000+0000,Recurring,"$0.004 per 10,000 GET and all other requests",Usage,2023-11-01T00:00:00.000+0000,2023-12-01T00:00:00.000+0000,AWS,"Amazon Web Services Canada, Inc.","Amazon Web Services Canada, Inc.",123412340534,2.4e-6,USD,2.4e-6,us-west-2,Storage,AmazonS3,123412340534,,,,,,,,6.0,Requests,,E77AQxxxxxxVV3FC,E77AQEM2DC4VVxxx.xxxxxxxxxx.xxx6EN2CT7,4e-7,2.4e-6,6.0,Requests
2023-11-12T19:00:00.000+0000,2023-11-12T20:00:00.000+0000,Recurring,"$0.004 per 10,000 GET and all other requests",Usage,2023-11-01T00:00:00.000+0000,2023-12-01T00:00:00.000+0000,AWS,"Amazon Web Services Canada, Inc.","Amazon Web Services Canada, Inc.",123412340534,4e-7,USD,4e-7,us-west-2,Storage,AmazonS3,123412340534,,,,,,,,1.0,Requests,,E77AQxxxxxxVV3FC,E77AQEM2DC4VVxxx.xxxxxxxxxx.xxx6EN2CT7,4e-7,4e-7,1.0,Requests
2023-11-12T19:00:00.000+0000,2023-11-12T20:00:00.000+0000,Recurring,"$0.004 per 10,000 GET and all other requests",Usage,2023-11-01T00:00:00.000+0000,2023-12-01T00:00:00.000+0000,AWS,"Amazon Web Services Canada, Inc.","Amazon Web Services Canada, Inc.",123412340534,4e-7,USD,4e-7,us-west-2,Storage,AmazonS3,123412340534,,,,,,,,1.0,Requests,,E77AQxxxxxxVV3FC,E77AQEM2DC4VVxxx.xxxxxxxxxx.xxx6EN2CT7,4e-7,4e-7,1.0,Requests
2023-11-12T19:00:00.000+0000,2023-11-12T20:00:00.000+0000,Recurring,"$0.004 per 10,000 GET and all other requests",Usage,2023-11-01T00:00:00.000+0000,2023-12-01T00:00:00.000+0000,AWS,"Amazon Web Services Canada, Inc.","Amazon Web Services Canada, Inc.",123412340534,4e-7,USD,4e-7,us-west-2,Storage,AmazonS3,123412340534,,,,,,,,1.0,Requests,,E77AQxxxxxxVV3FC,E77AQEM2DC4VVxxx.xxxxxxxxxx.xxx6EN2CT7,4e-7,4e-7,1.0,Requests
2023-11-12T00:00:00.000+0000,2023-11-12T01:00:00.000+0000,Recurring,"$0.004 per 10,000 GET and all other requests",Usage,2023-11-01T00:00:00.000+0000,2023-12-01T00:00:00.000+0000,AWS,"Amazon Web Services Canada, Inc.","Amazon Web Services Canada, Inc.",123412340534,8e-7,USD,8e-7,us-west-2,Storage,AmazonS3,123412340534,,,,,,,,2.0,Requests,,E77AQxxxxxxVV3FC,E77AQEM2DC4VVxxx.xxxxxxxxxx.xxx6EN2CT7,4e-7,8e-7,2.0,Requests
2023-11-12T00:00:00.000+0000,2023-11-12T01:00:00.000+0000,Recurring,"$0.004 per 10,000 GET and all other requests",Usage,2023-11-01T00:00:00.000+0000,2023-12-01T00:00:00.000+0000,AWS,"Amazon Web Services Canada, Inc.","Amazon Web Services Canada, Inc.",123412340534,8e-7,USD,8e-7,us-west-2,Storage,AmazonS3,123412340534,,,,,,,,2.0,Requests,,E77AQxxxxxxVV3FC,E77AQEM2DC4VVxxx.xxxxxxxxxx.xxx6EN2CT7,4e-7,8e-7,2.0,Requests
2023-11-12T19:00:00.000+0000,2023-11-12T20:00:00.000+0000,Recurring,"$0.004 per 10,000 GET and all other requests",Usage,2023-11-01T00:00:00.000+0000,2023-12-01T00:00:00.000+0000,AWS,"Amazon Web Services Canada, Inc.","Amazon Web Services Canada, Inc.",123412340534,4e-7,USD,4e-7,us-west-2,Storage,AmazonS3,123412340534,,,,,,,,1.0,Requests,,E77AQxxxxxxVV3FC,E77AQEM2DC4VVxxx.xxxxxxxxxx.xxx6EN2CT7,4e-7,4e-7,1.0,Requests
2023-11-12T19:00:00.000+0000,2023-11-12T20:00:00.000+0000,Recurring,"$0.004 per 10,000 GET and all other requests",Usage,2023-11-01T00:00:00.000+0000,2023-12-01T00:00:00.000+0000,AWS,"Amazon Web Services Canada, Inc.","Amazon Web Services Canada, Inc.",123412340534,4e-7,USD,4e-7,us-west-2,Storage,AmazonS3,123412340534,,,,,,,,1.0,Requests,,E77AQxxxxxxVV3FC,E77AQEM2DC4VVxxx.xxxxxxxxxx.xxx6EN2CT7,4e-7,4e-7,1.0,Requests
2023-11-12T03:00:00.000+0000,2023-11-12T20:00:00.000+0000,Recurring,"$0.004 per 10,000 GET and all other requests",Usage,2023-11-01T00:00:00.000+0000,2023-12-01T00:00:00.000+0000,AWS,"Amazon Web Services Canada, Inc.","Amazon Web Services Canada, Inc.",123412340534,0.0000136,USD,0.0000136,us-west-2,Storage,AmazonS3,123412340534,,,,,,,,34.0,Requests,,E77AQxxxxxxVV3FC,E77AQEM2DC4VVxxx.xxxxxxxxxx.xxx6EN2CT7,4e-7,0.000013599999999999999,34.0,Requests
2023-11-12T19:00:00.000+0000,2023-11-12T20:00:00.000+0000,Recurring,"$0.004 per 10,000 GET and all other requests",Usage,2023-11-01T00:00:00.000+0000,2023-12-01T00:00:00.000+0000,AWS,"Amazon Web Services Canada, Inc.","Amazon Web Services Canada, Inc.",123412340534,4e-7,USD,4e-7,us-west-2,Storage,AmazonS3,123412340534,,,,,,,,1.0,Requests,,E77AQxxxxxxVV3FC,E77AQEM2DC4VVxxx.xxxxxxxxxx.xxx6EN2CT7,4e-7,4e-7,1.0,Requests
2023-11-12T19:00:00.000+0000,2023-11-12T20:00:00.000+0000,Recurring,"$0.004 per 10,000 GET and all other requests",Usage,2023-11-01T00:00:00.000+0000,2023-12-01T00:00:00.000+0000,AWS,"Amazon Web Services Canada, Inc.","Amazon Web Services Canada, Inc.",123412340534,4e-7,USD,4e-7,us-west-2,Storage,AmazonS3,123412340534,,,,,,,,1.0,Requests,,E77AQxxxxxxVV3FC,E77AQEM2DC4VVxxx.xxxxxxxxxx.xxx6EN2CT7,4e-7,4e-7,1.0,Requests
2023-11-12T19:00:00.000+0000,2023-11-12T20:00:00.000+0000,Recurring,"$0.004 per 10,000 GET and all other requests",Usage,2023-11-01T00:00:00.000+0000,2023-12-01T00:00:00.000+0000,AWS,"Amazon Web Services Canada, Inc.","Amazon Web Services Canada, Inc.",123412340534,1.6e-6,USD,1.6e-6,us-west-2,Storage,AmazonS3,123412340534,,,,,,,,4.0,Requests,,E77AQxxxxxxVV3FC,E77AQEM2DC4VVxxx.xxxxxxxxxx.xxx6EN2CT7,4e-7,1.6e-6,4.0,Requests
2023-11-13T05:00:00.000+0000,2023-11-13T06:00:00.000+0000,Recurring,"$0.004 per 10,000 GET and all other requests",Usage,2023-11-01T00:00:00.000+0000,2023-12-01T00:00:00.000+0000,AWS,"Amazon Web Services Canada, Inc.","Amazon Web Services Canada, Inc.",123412340534,8e-7,USD,8e-7,us-west-2,Storage,AmazonS3,123412340534,,,,,,,,2.0,Requests,,E77AQxxxxxxVV3FC,E77AQEM2DC4VVxxx.xxxxxxxxxx.xxx6EN2CT7,4e-7,8e-7,2.0,Requests
2023-11-13T05:00:00.000+0000,2023-11-13T06:00:00.000+0000,Recurring,"$0.004 per 10,000 GET and all other requests",Usage,2023-11-01T00:00:00.000+0000,2023-12-01T00:00:00.000+0000,AWS,"Amazon Web Services Canada, Inc.","Amazon Web Services Canada, Inc.",123412340534,8e-7,USD,8e-7,us-west-2,Storage,AmazonS3,123412340534,,,,,,,,2.0,Requests,,E77AQxxxxxxVV3FC,E77AQEM2DC4VVxxx.xxxxxxxxxx.xxx6EN2CT7,4e-7,8e-7,2.0,Requests
2023-11-13T05:00:00.000+0000,2023-11-13T06:00:00.000+0000,Recurring,"$0.004 per 10,000 GET and all other requests",Usage,2023-11-01T00:00:00.000+0000,2023-12-01T00:00:00.000+0000,AWS,"Amazon Web Services Canada, Inc.","Amazon Web Services Canada, Inc.",123412340534,8e-7,USD,8e-7,us-west-2,Storage,AmazonS3,123412340534,,,,,,,,2.0,Requests,,E77AQxxxxxxVV3FC,E77AQEM2DC4VVxxx.xxxxxxxxxx.xxx6EN2CT7,4e-7,8e-7,2.0,Requests
2023-11-13T03:00:00.000+0000,2023-11-13T23:00:00.000+0000,Recurring,"$0.004 per 10,000 GET and all other requests",Usage,2023-11-01T00:00:00.000+0000,2023-12-01T00:00:00.000+0000,AWS,"Amazon Web Services Canada, Inc.","Amazon Web Services Canada, Inc.",123412340534,5.6e-6,USD,5.6e-6,us-west-2,Storage,AmazonS3,123412340534,,,,,,,,14.0,Requests,,E77AQxxxxxxVV3FC,E77AQEM2DC4VVxxx.xxxxxxxxxx.xxx6EN2CT7,4e-7,5.6e-6,14.0,Requests
2023-11-01T17:00:00.000+0000,2023-11-01T18:00:00.000+0000,Recurring,"$0.005 per 1,000 PUT, COPY, POST, or LIST requests",Usage,2023-11-01T00:00:00.000+0000,2023-12-01T00:00:00.000+0000,AWS,"Amazon Web Services Canada, Inc.","Amazon Web Services Canada, Inc.",123412340534,0.00001,USD,0.00001,us-east-1,Storage,AmazonS3,123412340534,,,,,,,,2.0,Requests,,E9YHNxxxxxxQBZR6,E9YHNFENF4XQBxxx.xxxxxxxxxx.xxx6EN2CT7,5e-6,0.00001,2.0,Requests
2023-11-01T00:00:00.000+0000,2023-11-01T19:00:00.000+0000,Recurring,"$0.005 per 1,000 PUT, COPY, POST, or LIST requests",Usage,2023-11-01T00:00:00.000+0000,2023-12-01T00:00:00.000+0000,AWS,"Amazon Web Services Canada, Inc.","Amazon Web Services Canada, Inc.",123412340534,0.000025,USD,0.000025,us-east-1,Storage,AmazonS3,123412340534,,,,,,,,5.0,Requests,,E9YHNxxxxxxQBZR6,E9YHNFENF4XQBxxx.xxxxxxxxxx.xxx6EN2CT7,5e-6,0.000025,5.0,Requests
2023-11-02T17:00:00.000+0000,2023-11-02T18:00:00.000+0000,Recurring,"$0.005 per 1,000 PUT, COPY, POST, or LIST requests",Usage,2023-11-01T00:00:00.000+0000,2023-12-01T00:00:00.000+0000,AWS,"Amazon Web Services Canada, Inc.","Amazon Web Services Canada, Inc.",123412340534,0.00001,USD,0.00001,us-east-1,Storage,AmazonS3,123412340534,,,,,,,,2.0,Requests,,E9YHNxxxxxxQBZR6,E9YHNFENF4XQBxxx.xxxxxxxxxx.xxx6EN2CT7,5e-6,0.00001,2.0,Requests
2023-11-02T00:00:00.000+0000,2023-11-02T19:00:00.000+0000,Recurring,"$0.005 per 1,000 PUT, COPY, POST, or LIST requests",Usage,2023-11-01T00:00:00.000+0000,2023-12-01T00:00:00.000+0000,AWS,"Amazon Web Services Canada, Inc.","Amazon Web Services Canada, Inc.",123412340534,0.000025,USD,0.000025,us-east-1,Storage,AmazonS3,123412340534,,,,,,,,5.0,Requests,,E9YHNxxxxxxQBZR6,E9YHNFENF4XQBxxx.xxxxxxxxxx.xxx6EN2CT7,5e-6,0.000025,5.0,Requests
2023-11-03T17:00:00.000+0000,2023-11-03T18:00:00.000+0000,Recurring,"$0.005 per 1,000 PUT, COPY, POST, or LIST requests",Usage,2023-11-01T00:00:00.000+0000,2023-12-01T00:00:00.000+0000,AWS,"Amazon Web Services Canada, Inc.","Amazon Web Services Canada, Inc.",123412340534,0.00001,USD,0.00001,us-east-1,Storage,AmazonS3,123412340534,,,,,,,,2.0,Requests,,E9YHNxxxxxxQBZR6,E9YHNFENF4XQBxxx.xxxxxxxxxx.xxx6EN2CT7,5e-6,0.00001,2.0,Requests
2023-11-03T00:00:00.000+0000,2023-11-03T19:00:00.000+0000,Recurring,"$0.005 per 1,000 PUT, COPY, POST, or LIST requests",Usage,2023-11-01T00:00:00.000+0000,2023-12-01T00:00:00.000+0000,AWS,"Amazon Web Services Canada, Inc.","Amazon Web Services Canada, Inc.",123412340534,0.000025,USD,0.000025,us-east-1,Storage,AmazonS3,123412340534,,,,,,,,5.0,Requests,,E9YHNxxxxxxQBZR6,E9YHNFENF4XQBxxx.xxxxxxxxxx.xxx6EN2CT7,5e-6,0.000025,5.0,Requests
2023-11-04T17:00:00.000+0000,2023-11-05T00:00:00.000+0000,Recurring,"$0.005 per 1,000 PUT, COPY, POST, or LIST requests",Usage,2023-11-01T00:00:00.000+0000,2023-12-01T00:00:00.000+0000,AWS,"Amazon Web Services Canada, Inc.","Amazon Web Services Canada, Inc.",123412340534,0.00013,USD,0.00013,us-east-1,Storage,AmazonS3,123412340534,,,,,,,,26.0,Requests,,E9YHNxxxxxxQBZR6,E9YHNFENF4XQBxxx.xxxxxxxxxx.xxx6EN2CT7,5e-6,0.00013000000000000002,26.0,Requests
2023-11-04T22:00:00.000+0000,2023-11-05T00:00:00.000+0000,Recurring,"$0.005 per 1,000 PUT, COPY, POST, or LIST requests",Usage,2023-11-01T00:00:00.000+0000,2023-12-01T00:00:00.000+0000,AWS,"Amazon Web Services Canada, Inc.","Amazon Web Services Canada, Inc.",123412340534,0.00008,USD,0.00008,us-east-1,Storage,AmazonS3,123412340534,,,,,,,,16.0,Requests,,E9YHNxxxxxxQBZR6,E9YHNFENF4XQBxxx.xxxxxxxxxx.xxx6EN2CT7,5e-6,0.00008,16.0,Requests
2023-11-04T00:00:00.000+0000,2023-11-04T19:00:00.000+0000,Recurring,"$0.005 per 1,000 PUT, COPY, POST, or LIST requests",Usage,2023-11-01T00:00:00.000+0000,2023-12-01T00:00:00.000+0000,AWS,"Amazon Web Services Canada, Inc.","Amazon Web Services Canada, Inc.",123412340534,0.000025,USD,0.000025,us-east-1,Storage,AmazonS3,123412340534,,,,,,,,5.0,Requests,,E9YHNxxxxxxQBZR6,E9YHNFENF4XQBxxx.xxxxxxxxxx.xxx6EN2CT7,5e-6,0.000025,5.0,Requests
2023-11-05T00:00:00.000+0000,2023-11-05T01:00:00.000+0000,Recurring,"$0.005 per 1,000 PUT, COPY, POST, or LIST requests",Usage,2023-11-01T00:00:00.000+0000,2023-12-01T00:00:00.000+0000,AWS,"Amazon Web Services Canada, Inc.","Amazon Web Services Canada, Inc.",123412340534,0.00001,USD,0.00001,us-east-1,Storage,AmazonS3,123412340534,,,,,,,,2.0,Requests,,E9YHNxxxxxxQBZR6,E9YHNFENF4XQBxxx.xxxxxxxxxx.xxx6EN2CT7,5e-6,0.00001,2.0,Requests
2023-11-05T00:00:00.000+0000,2023-11-05T22:00:00.000+0000,Recurring,"$0.005 per 1,000 PUT, COPY, POST, or LIST requests",Usage,2023-11-01T00:00:00.000+0000,2023-12-01T00:00:00.000+0000,AWS,"Amazon Web Services Canada, Inc.","Amazon Web Services Canada, Inc.",123412340534,0.000205,USD,0.000205,us-east-1,Storage,AmazonS3,123412340534,,,,,,,,41.0,Requests,,E9YHNxxxxxxQBZR6,E9YHNFENF4XQBxxx.xxxxxxxxxx.xxx6EN2CT7,5e-6,0.00020500000000000002,41.0,Requests
2023-11-05T00:00:00.000+0000,2023-11-05T22:00:00.000+0000,Recurring,"$0.005 per 1,000 PUT, COPY, POST, or LIST requests",Usage,2023-11-01T00:00:00.000+0000,2023-12-01T00:00:00.000+0000,AWS,"Amazon Web Services Canada, Inc.","Amazon Web Services Canada, Inc.",123412340534,0.000105,USD,0.000105,us-east-1,Storage,AmazonS3,123412340534,,,,,,,,21.0,Requests,,E9YHNxxxxxxQBZR6,E9YHNFENF4XQBxxx.xxxxxxxxxx.xxx6EN2CT7,5e-6,0.000105,21.0,Requests
2023-11-05T00:00:00.000+0000,2023-11-05T19:00:00.000+0000,Recurring,"$0.005 per 1,000 PUT, COPY, POST, or LIST requests",Usage,2023-11-01T00:00:00.000+0000,2023-12-01T00:00:00.000+0000,AWS,"Amazon Web Services Canada, Inc.","Amazon Web Services Canada, Inc.",123412340534,0.000035,USD,0.000035,us-east-1,Storage,AmazonS3,123412340534,,,,,,,,7.0,Requests,,E9YHNxxxxxxQBZR6,E9YHNFENF4XQBxxx.xxxxxxxxxx.xxx6EN2CT7,5e-6,0.000035000000000000004,7.0,Requests
2023-11-06T04:00:00.000+0000,2023-11-06T19:00:00.000+0000,Recurring,"$0.005 per 1,000 PUT, COPY, POST, or LIST requests",Usage,2023-11-01T00:00:00.000+0000,2023-12-01T00:00:00.000+0000,AWS,"Amazon Web Services Canada, Inc.","Amazon Web Services Canada, Inc.",123412340534,0.00004,USD,0.00004,us-east-1,Storage,AmazonS3,123412340534,,,,,,,,8.0,Requests,,E9YHNxxxxxxQBZR6,E9YHNFENF4XQBxxx.xxxxxxxxxx.xxx6EN2CT7,5e-6,0.00004,8.0,Requests
2023-11-06T11:00:00.000+0000,2023-11-06T12:00:00.000+0000,Recurring,"$0.005 per 1,000 PUT, COPY, POST, or LIST requests",Usage,2023-11-01T00:00:00.000+0000,2023-12-01T00:00:00.000+0000,AWS,"Amazon Web Services Canada, Inc.","Amazon Web Services Canada, Inc.",123412340534,5e-6,USD,5e-6,us-east-1,Storage,AmazonS3,123412340534,,,,,,,,1.0,Requests,,E9YHNxxxxxxQBZR6,E9YHNFENF4XQBxxx.xxxxxxxxxx.xxx6EN2CT7,5e-6,5e-6,1.0,Requests
2023-11-06T00:00:00.000+0000,2023-11-06T19:00:00.000+0000,Recurring,"$0.005 per 1,000 PUT, COPY, POST, or LIST requests",Usage,2023-11-01T00:00:00.000+0000,2023-12-01T00:00:00.000+0000,AWS,"Amazon Web Services Canada, Inc.","Amazon Web Services Canada, Inc.",123412340534,0.000025,USD,0.000025,us-east-1,Storage,AmazonS3,123412340534,,,,,,,,5.0,Requests,,E9YHNxxxxxxQBZR6,E9YHNFENF4XQBxxx.xxxxxxxxxx.xxx6EN2CT7,5e-6,0.000025,5.0,Requests
2023-11-07T03:00:00.000+0000,2023-11-07T05:00:00.000+0000,Recurring,"$0.005 per 1,000 PUT, COPY, POST, or LIST requests",Usage,2023-11-01T00:00:00.000+0000,2023-12-01T00:00:00.000+0000,AWS,"Amazon Web Services Canada, Inc.","Amazon Web Services Canada, Inc.",123412340534,0.00001,USD,0.00001,us-east-1,Storage,AmazonS3,123412340534,,,,,,,,2.0,Requests,,E9YHNxxxxxxQBZR6,E9YHNFENF4XQBxxx.xxxxxxxxxx.xxx6EN2CT7,5e-6,0.00001,2.0,Requests
2023-11-07T00:00:00.000+0000,2023-11-07T18:00:00.000+0000,Recurring,"$0.005 per 1,000 PUT, COPY, POST, or LIST requests",Usage,2023-11-01T00:00:00.000+0000,2023-12-01T00:00:00.000+0000,AWS,"Amazon Web Services Canada, Inc.","Amazon Web Services Canada, Inc.",123412340534,0.00018,USD,0.00018,us-east-1,Storage,AmazonS3,123412340534,,,,,,,,36.0,Requests,,E9YHNxxxxxxQBZR6,E9YHNFENF4XQBxxx.xxxxxxxxxx.xxx6EN2CT7,5e-6,0.00018,36.0,Requests
2023-11-07T00:00:00.000+0000,2023-11-07T07:00:00.000+0000,Recurring,"$0.005 per 1,000 PUT, COPY, POST, or LIST requests",Usage,2023-11-01T00:00:00.000+0000,2023-12-01T00:00:00.000+0000,AWS,"Amazon Web Services Canada, Inc.","Amazon Web Services Canada, Inc.",123412340534,0.000095,USD,0.000095,us-east-1,Storage,AmazonS3,123412340534,,,,,,,,19.0,Requests,,E9YHNxxxxxxQBZR6,E9YHNFENF4XQBxxx.xxxxxxxxxx.xxx6EN2CT7,5e-6,0.000095,19.0,Requests
2023-11-07T00:00:00.000+0000,2023-11-07T19:00:00.000+0000,Recurring,"$0.005 per 1,000 PUT, COPY, POST, or LIST requests",Usage,2023-11-01T00:00:00.000+0000,2023-12-01T00:00:00.000+0000,AWS,"Amazon Web Services Canada, Inc.","Amazon Web Services Canada, Inc.",123412340534,0.000025,USD,0.000025,us-east-1,Storage,AmazonS3,123412340534,,,,,,,,5.0,Requests,,E9YHNxxxxxxQBZR6,E9YHNFENF4XQBxxx.xxxxxxxxxx.xxx6EN2CT7,5e-6,0.000025,5.0,Requests
2023-11-07T04:00:00.000+0000,2023-11-07T05:00:00.000+0000,Recurring,"$0.005 per 1,000 PUT, COPY, POST, or LIST requests",Usage,2023-11-01T00:00:00.000+0000,2023-12-01T00:00:00.000+0000,AWS,"Amazon Web Services Canada, Inc.","Amazon Web Services Canada, Inc.",123412340534,0.00001,USD,0.00001,us-east-1,Storage,AmazonS3,123412340534,,,,,,,,2.0,Requests,,E9YHNxxxxxxQBZR6,E9YHNFENF4XQBxxx.xxxxxxxxxx.xxx6EN2CT7,5e-6,0.00001,2.0,Requests
2023-11-08T03:00:00.000+0000,2023-11-08T23:00:00.000+0000,Recurring,"$0.005 per 1,000 PUT, COPY, POST, or LIST requests",Usage,2023-11-01T00:00:00.000+0000,2023-12-01T00:00:00.000+0000,AWS,"Amazon Web Services Canada, Inc.","Amazon Web Services Canada, Inc.",123412340534,0.00004,USD,0.00004,us-east-1,Storage,AmazonS3,123412340534,,,,,,,,8.0,Requests,,E9YHNxxxxxxQBZR6,E9YHNFENF4XQBxxx.xxxxxxxxxx.xxx6EN2CT7,5e-6,0.00004,8.0,Requests
2023-11-08T00:00:00.000+0000,2023-11-08T18:00:00.000+0000,Recurring,"$0.005 per 1,000 PUT, COPY, POST, or LIST requests",Usage,2023-11-01T00:00:00.000+0000,2023-12-01T00:00:00.000+0000,AWS,"Amazon Web Services Canada, Inc.","Amazon Web Services Canada, Inc.",123412340534,0.000025,USD,0.000025,us-east-1,Storage,AmazonS3,123412340534,,,,,,,,5.0,Requests,,E9YHNxxxxxxQBZR6,E9YHNFENF4XQBxxx.xxxxxxxxxx.xxx6EN2CT7,5e-6,0.000025,5.0,Requests
2023-11-08T00:00:00.000+0000,2023-11-08T19:00:00.000+0000,Recurring,"$0.005 per 1,000 PUT, COPY, POST, or LIST requests",Usage,2023-11-01T00:00:00.000+0000,2023-12-01T00:00:00.000+0000,AWS,"Amazon Web Services Canada, Inc.","Amazon Web Services Canada, Inc.",123412340534,0.000025,USD,0.000025,us-east-1,Storage,AmazonS3,123412340534,,,,,,,,5.0,Requests,,E9YHNxxxxxxQBZR6,E9YHNFENF4XQBxxx.xxxxxxxxxx.xxx6EN2CT7,5e-6,0.000025,5.0,Requests
2023-11-09T17:00:00.000+0000,2023-11-09T21:00:00.000+0000,Recurring,"$0.005 per 1,000 PUT, COPY, POST, or LIST requests",Usage,2023-11-01T00:00:00.000+0000,2023-12-01T00:00:00.000+0000,AWS,"Amazon Web Services Canada, Inc.","Amazon Web Services Canada, Inc.",123412340534,0.000015,USD,0.000015,us-east-1,Storage,AmazonS3,123412340534,,,,,,,,3.0,Requests,,E9YHNxxxxxxQBZR6,E9YHNFENF4XQBxxx.xxxxxxxxxx.xxx6EN2CT7,5e-6,0.000015000000000000002,3.0,Requests
2023-11-09T00:00:00.000+0000,2023-11-09T19:00:00.000+0000,Recurring,"$0.005 per 1,000 PUT, COPY, POST, or LIST requests",Usage,2023-11-01T00:00:00.000+0000,2023-12-01T00:00:00.000+0000,AWS,"Amazon Web Services Canada, Inc.","Amazon Web Services Canada, Inc.",123412340534,0.000025,USD,0.000025,us-east-1,Storage,AmazonS3,123412340534,,,,,,,,5.0,Requests,,E9YHNxxxxxxQBZR6,E9YHNFENF4XQBxxx.xxxxxxxxxx.xxx6EN2CT7,5e-6,0.000025,5.0,Requests
2023-11-10T00:00:00.000+0000,2023-11-10T22:00:00.000+0000,Recurring,"$0.005 per 1,000 PUT, COPY, POST, or LIST requests",Usage,2023-11-01T00:00:00.000+0000,2023-12-01T00:00:00.000+0000,AWS,"Amazon Web Services Canada, Inc.","Amazon Web Services Canada, Inc.",123412340534,0.00002,USD,0.00002,us-east-1,Storage,AmazonS3,123412340534,,,,,,,,4.0,Requests,,E9YHNxxxxxxQBZR6,E9YHNFENF4XQBxxx.xxxxxxxxxx.xxx6EN2CT7,5e-6,0.00002,4.0,Requests
2023-11-10T09:00:00.000+0000,2023-11-10T22:00:00.000+0000,Recurring,"$0.005 per 1,000 PUT, COPY, POST, or LIST requests",Usage,2023-11-01T00:00:00.000+0000,2023-12-01T00:00:00.000+0000,AWS,"Amazon Web Services Canada, Inc.","Amazon Web Services Canada, Inc.",123412340534,0.00003,USD,0.00003,us-east-1,Storage,AmazonS3,123412340534,,,,,,,,6.0,Requests,,E9YHNxxxxxxQBZR6,E9YHNFENF4XQBxxx.xxxxxxxxxx.xxx6EN2CT7,5e-6,0.000030000000000000004,6.0,Requests
2023-11-10T00:00:00.000+0000,2023-11-10T19:00:00.000+0000,Recurring,"$0.005 per 1,000 PUT, COPY, POST, or LIST requests",Usage,2023-11-01T00:00:00.000+0000,2023-12-01T00:00:00.000+0000,AWS,"Amazon Web Services Canada, Inc.","Amazon Web Services Canada, Inc.",123412340534,0.000025,USD,0.000025,us-east-1,Storage,AmazonS3,123412340534,,,,,,,,5.0,Requests,,E9YHNxxxxxxQBZR6,E9YHNFENF4XQBxxx.xxxxxxxxxx.xxx6EN2CT7,5e-6,0.000025,5.0,Requests
2023-11-11T02:00:00.000+0000,2023-11-11T19:00:00.000+0000,Recurring,"$0.005 per 1,000 PUT, COPY, POST, or LIST requests",Usage,2023-11-01T00:00:00.000+0000,2023-12-01T00:00:00.000+0000,AWS,"Amazon Web Services Canada, Inc.","Amazon Web Services Canada, Inc.",123412340534,0.000035,USD,0.000035,us-east-1,Storage,AmazonS3,123412340534,,,,,,,,7.0,Requests,,E9YHNxxxxxxQBZR6,E9YHNFENF4XQBxxx.xxxxxxxxxx.xxx6EN2CT7,5e-6,0.000035000000000000004,7.0,Requests
2023-11-11T01:00:00.000+0000,2023-11-11T12:00:00.000+0000,Recurring,"$0.005 per 1,000 PUT, COPY, POST, or LIST requests",Usage,2023-11-01T00:00:00.000+0000,2023-12-01T00:00:00.000+0000,AWS,"Amazon Web Services Canada, Inc.","Amazon Web Services Canada, Inc.",123412340534,0.00001,USD,0.00001,us-east-1,Storage,AmazonS3,123412340534,,,,,,,,2.0,Requests,,E9YHNxxxxxxQBZR6,E9YHNFENF4XQBxxx.xxxxxxxxxx.xxx6EN2CT7,5e-6,0.00001,2.0,Requests
2023-11-11T00:00:00.000+0000,2023-11-11T19:00:00.000+0000,Recurring,"$0.005 per 1,000 PUT, COPY, POST, or LIST requests",Usage,2023-11-01T00:00:00.000+0000,2023-12-01T00:00:00.000+0000,AWS,"Amazon Web Services Canada, Inc.","Amazon Web Services Canada, Inc.",123412340534,0.000025,USD,0.000025,us-east-1,Storage,AmazonS3,123412340534,,,,,,,,5.0,Requests,,E9YHNxxxxxxQBZR6,E9YHNFENF4XQBxxx.xxxxxxxxxx.xxx6EN2CT7,5e-6,0.000025,5.0,Requests
2023-11-12T00:00:00.000+0000,2023-11-12T20:00:00.000+0000,Recurring,"$0.005 per 1,000 PUT, COPY, POST, or LIST requests",Usage,2023-11-01T00:00:00.000+0000,2023-12-01T00:00:00.000+0000,AWS,"Amazon Web Services Canada, Inc.","Amazon Web Services Canada, Inc.",123412340534,0.00006,USD,0.00006,us-east-1,Storage,AmazonS3,123412340534,,,,,,,,12.0,Requests,,E9YHNxxxxxxQBZR6,E9YHNFENF4XQBxxx.xxxxxxxxxx.xxx6EN2CT7,5e-6,0.00006000000000000001,12.0,Requests
2023-11-12T00:00:00.000+0000,2023-11-12T07:00:00.000+0000,Recurring,"$0.005 per 1,000 PUT, COPY, POST, or LIST requests",Usage,2023-11-01T00:00:00.000+0000,2023-12-01T00:00:00.000+0000,AWS,"Amazon Web Services Canada, Inc.","Amazon Web Services Canada, Inc.",123412340534,0.000015,USD,0.000015,us-east-1,Storage,AmazonS3,123412340534,,,,,,,,3.0,Requests,,E9YHNxxxxxxQBZR6,E9YHNFENF4XQBxxx.xxxxxxxxxx.xxx6EN2CT7,5e-6,0.000015000000000000002,3.0,Requests
2023-11-12T00:00:00.000+0000,2023-11-12T19:00:00.000+0000,Recurring,"$0.005 per 1,000 PUT, COPY, POST, or LIST requests",Usage,2023-11-01T00:00:00.000+0000,2023-12-01T00:00:00.000+0000,AWS,"Amazon Web Services Canada, Inc.","Amazon Web Services Canada, Inc.",123412340534,0.000025,USD,0.000025,us-east-1,Storage,AmazonS3,123412340534,,,,,,,,5.0,Requests,,E9YHNxxxxxxQBZR6,E9YHNFENF4XQBxxx.xxxxxxxxxx.xxx6EN2CT7,5e-6,0.000025,5.0,Requests
2023-11-13T03:00:00.000+0000,2023-11-13T23:00:00.000+0000,Recurring,"$0.005 per 1,000 PUT, COPY, POST, or LIST requests",Usage,2023-11-01T00:00:00.000+0000,2023-12-01T00:00:00.000+0000,AWS,"Amazon Web Services Canada, Inc.","Amazon Web Services Canada, Inc.",123412340534,0.00005,USD,0.00005,us-east-1,Storage,AmazonS3,123412340534,,,,,,,,10.0,Requests,,E9YHNxxxxxxQBZR6,E9YHNFENF4XQBxxx.xxxxxxxxxx.xxx6EN2CT7,5e-6,0.00005,10.0,Requests
2023-11-13T00:00:00.000+0000,2023-11-13T18:00:00.000+0000,Recurring,"$0.005 per 1,000 PUT, COPY, POST, or LIST requests",Usage,2023-11-01T00:00:00.000+0000,2023-12-01T00:00:00.000+0000,AWS,"Amazon Web Services Canada, Inc.","Amazon Web Services Canada, Inc.",123412340534,0.000025,USD,0.000025,us-east-1,Storage,AmazonS3,123412340534,,,,,,,,5.0,Requests,,E9YHNxxxxxxQBZR6,E9YHNFENF4XQBxxx.xxxxxxxxxx.xxx6EN2CT7,5e-6,0.000025,5.0,Requests
2023-11-13T00:00:00.000+0000,2023-11-13T19:00:00.000+0000,Recurring,"$0.005 per 1,000 PUT, COPY, POST, or LIST requests",Usage,2023-11-01T00:00:00.000+0000,2023-12-01T00:00:00.000+0000,AWS,"Amazon Web Services Canada, Inc.","Amazon Web Services Canada, Inc.",123412340534,0.000025,USD,0.000025,us-east-1,Storage,AmazonS3,123412340534,,,,,,,,5.0,Requests,,E9YHNxxxxxxQBZR6,E9YHNFENF4XQBxxx.xxxxxxxxxx.xxx6EN2CT7,5e-6,0.000025,5.0,Requests
2023-11-14T00:00:00.000+0000,2023-11-14T01:00:00.000+0000,Recurring,"$0.005 per 1,000 PUT, COPY, POST, or LIST requests",Usage,2023-11-01T00:00:00.000+0000,2023-12-01T00:00:00.000+0000,AWS,"Amazon Web Services Canada, Inc.","Amazon Web Services Canada, Inc.",123412340534,5e-6,USD,5e-6,us-east-1,Storage,AmazonS3,123412340534,,,,,,,,1.0,Requests,,E9YHNxxxxxxQBZR6,E9YHNFENF4XQBxxx.xxxxxxxxxx.xxx6EN2CT7,5e-6,5e-6,1.0,Requests
2023-11-04T23:00:00.000+0000,2023-11-05T00:00:00.000+0000,Recurring,$0.02 per GB - US West (Oregon) data transfer to US East (Northern Virginia),Usage,2023-11-01T00:00:00.000+0000,2023-12-01T00:00:00.000+0000,AWS,"Amazon Web Services Canada, Inc.","Amazon Web Services Canada, Inc.",123412340534,5.2e-9,USD,5.2e-9,us-west-2,Storage,AmazonS3,123412340534,,,,,,,,2.552e-7,GB,,EAUDKxxxxxxTV253,EAUDKWWNQJZTVxxx.xxxxxxxxxx.xxx6EN2CT7,0.02,5.1040000000000006e-9,2.552e-7,GB
2023-11-08T03:00:00.000+0000,2023-11-08T04:00:00.000+0000,Recurring,$0.02 per GB - US West (Oregon) data transfer to US East (Northern Virginia),Usage,2023-11-01T00:00:00.000+0000,2023-12-01T00:00:00.000+0000,AWS,"Amazon Web Services Canada, Inc.","Amazon Web Services Canada, Inc.",123412340534,5.2e-9,USD,5.2e-9,us-west-2,Storage,AmazonS3,123412340534,,,,,,,,2.552e-7,GB,,EAUDKxxxxxxTV253,EAUDKWWNQJZTVxxx.xxxxxxxxxx.xxx6EN2CT7,0.02,5.1040000000000006e-9,2.552e-7,GB
2023-11-12T19:00:00.000+0000,2023-11-12T20:00:00.000+0000,Recurring,$0.02 per GB - US West (Oregon) data transfer to US East (Northern Virginia),Usage,2023-11-01T00:00:00.000+0000,2023-12-01T00:00:00.000+0000,AWS,"Amazon Web Services Canada, Inc.","Amazon Web Services Canada, Inc.",123412340534,0.0000308127,USD,0.0000308127,us-west-2,Storage,AmazonS3,123412340534,,,,,,,,0.0015406329,GB,,EAUDKxxxxxxTV253,EAUDKWWNQJZTVxxx.xxxxxxxxxx.xxx6EN2CT7,0.02,0.000030812658,0.0015406329,GB
2023-11-12T19:00:00.000+0000,2023-11-12T20:00:00.000+0000,Recurring,$0.02 per GB - US West (Oregon) data transfer to US East (Northern Virginia),Usage,2023-11-01T00:00:00.000+0000,2023-12-01T00:00:00.000+0000,AWS,"Amazon Web Services Canada, Inc.","Amazon Web Services Canada, Inc.",123412340534,0.0000311312,USD,0.0000311312,us-west-2,Storage,AmazonS3,123412340534,,,,,,,,0.0015565604,GB,,EAUDKxxxxxxTV253,EAUDKWWNQJZTVxxx.xxxxxxxxxx.xxx6EN2CT7,0.02,0.000031131208,0.0015565604,GB
2023-11-12T19:00:00.000+0000,2023-11-12T20:00:00.000+0000,Recurring,$0.02 per GB - US West (Oregon) data transfer to US East (Northern Virginia),Usage,2023-11-01T00:00:00.000+0000,2023-12-01T00:00:00.000+0000,AWS,"Amazon Web Services Canada, Inc.","Amazon Web Services Canada, Inc.",123412340534,4.04e-8,USD,4.04e-8,us-west-2,Storage,AmazonS3,123412340534,,,,,,,,2.0191e-6,GB,,EAUDKxxxxxxTV253,EAUDKWWNQJZTVxxx.xxxxxxxxxx.xxx6EN2CT7,0.02,4.0382e-8,2.0191e-6,GB
2023-11-12T19:00:00.000+0000,2023-11-12T20:00:00.000+0000,Recurring,$0.02 per GB - US West (Oregon) data transfer to US East (Northern Virginia),Usage,2023-11-01T00:00:00.000+0000,2023-12-01T00:00:00.000+0000,AWS,"Amazon Web Services Canada, Inc.","Amazon Web Services Canada, Inc.",123412340534,4e-9,USD,4e-9,us-west-2,Storage,AmazonS3,123412340534,,,,,,,,1.984e-7,GB,,EAUDKxxxxxxTV253,EAUDKWWNQJZTVxxx.xxxxxxxxxx.xxx6EN2CT7,0.02,3.968e-9,1.984e-7,GB
2023-11-12T19:00:00.000+0000,2023-11-12T20:00:00.000+0000,Recurring,$0.02 per GB - US West (Oregon) data transfer to US East (Northern Virginia),Usage,2023-11-01T00:00:00.000+0000,2023-12-01T00:00:00.000+0000,AWS,"Amazon Web Services Canada, Inc.","Amazon Web Services Canada, Inc.",123412340534,1.1e-8,USD,1.1e-8,us-west-2,Storage,AmazonS3,123412340534,,,,,,,,5.485e-7,GB,,EAUDKxxxxxxTV253,EAUDKWWNQJZTVxxx.xxxxxxxxxx.xxx6EN2CT7,0.02,1.097e-8,5.485e-7,GB
2023-11-12T19:00:00.000+0000,2023-11-12T20:00:00.000+0000,Recurring,$0.02 per GB - US West (Oregon) data transfer to US East (Northern Virginia),Usage,2023-11-01T00:00:00.000+0000,2023-12-01T00:00:00.000+0000,AWS,"Amazon Web Services Canada, Inc.","Amazon Web Services Canada, Inc.",123412340534,8.3e-9,USD,8.3e-9,us-west-2,Storage,AmazonS3,123412340534,,,,,,,,4.163e-7,GB,,EAUDKxxxxxxTV253,EAUDKWWNQJZTVxxx.xxxxxxxxxx.xxx6EN2CT7,0.02,8.326e-9,4.163e-7,GB
2023-11-12T19:00:00.000+0000,2023-11-12T20:00:00.000+0000,Recurring,$0.02 per GB - US West (Oregon) data transfer to US East (Northern Virginia),Usage,2023-11-01T00:00:00.000+0000,2023-12-01T00:00:00.000+0000,AWS,"Amazon Web Services Canada, Inc.","Amazon Web Services Canada, Inc.",123412340534,6.5e-9,USD,6.5e-9,us-west-2,Storage,AmazonS3,123412340534,,,,,,,,3.25e-7,GB,,EAUDKxxxxxxTV253,EAUDKWWNQJZTVxxx.xxxxxxxxxx.xxx6EN2CT7,0.02,6.5e-9,3.25e-7,GB
2023-11-12T19:00:00.000+0000,2023-11-12T20:00:00.000+0000,Recurring,$0.02 per GB - US West (Oregon) data transfer to US East (Northern Virginia),Usage,2023-11-01T00:00:00.000+0000,2023-12-01T00:00:00.000+0000,AWS,"Amazon Web Services Canada, Inc.","Amazon Web Services Canada, Inc.",123412340534,5.6e-9,USD,5.6e-9,us-west-2,Storage,AmazonS3,123412340534,,,,,,,,2.813e-7,GB,,EAUDKxxxxxxTV253,EAUDKWWNQJZTVxxx.xxxxxxxxxx.xxx6EN2CT7,0.02,5.626e-9,2.813e-7,GB
2023-11-12T19:00:00.000+0000,2023-11-12T20:00:00.000+0000,Recurring,$0.02 per GB - US West (Oregon) data transfer to US East (Northern Virginia),Usage,2023-11-01T00:00:00.000+0000,2023-12-01T00:00:00.000+0000,AWS,"Amazon Web Services Canada, Inc.","Amazon Web Services Canada, Inc.",123412340534,6.63e-8,USD,6.63e-8,us-west-2,Storage,AmazonS3,123412340534,,,,,,,,3.3174e-6,GB,,EAUDKxxxxxxTV253,EAUDKWWNQJZTVxxx.xxxxxxxxxx.xxx6EN2CT7,0.02,6.6348e-8,3.3174e-6,GB
2023-11-12T19:00:00.000+0000,2023-11-12T20:00:00.000+0000,Recurring,$0.02 per GB - US West (Oregon) data transfer to US East (Northern Virginia),Usage,2023-11-01T00:00:00.000+0000,2023-12-01T00:00:00.000+0000,AWS,"Amazon Web Services Canada, Inc.","Amazon Web Services Canada, Inc.",123412340534,5.4e-9,USD,5.4e-9,us-west-2,Storage,AmazonS3,123412340534,,,,,,,,2.692e-7,GB,,EAUDKxxxxxxTV253,EAUDKWWNQJZTVxxx.xxxxxxxxxx.xxx6EN2CT7,0.02,5.3840000000000004e-9,2.692e-7,GB
2023-11-12T19:00:00.000+0000,2023-11-12T20:00:00.000+0000,Recurring,$0.02 per GB - US West (Oregon) data transfer to US East (Northern Virginia),Usage,2023-11-01T00:00:00.000+0000,2023-12-01T00:00:00.000+0000,AWS,"Amazon Web Services Canada, Inc.","Amazon Web Services Canada, Inc.",123412340534,8.9e-9,USD,8.9e-9,us-west-2,Storage,AmazonS3,123412340534,,,,,,,,4.47e-7,GB,,EAUDKxxxxxxTV253,EAUDKWWNQJZTVxxx.xxxxxxxxxx.xxx6EN2CT7,0.02,8.940000000000001e-9,4.47e-7,GB
2023-11-12T19:00:00.000+0000,2023-11-12T20:00:00.000+0000,Recurring,$0.02 per GB - US West (Oregon) data transfer to US East (Northern Virginia),Usage,2023-11-01T00:00:00.000+0000,2023-12-01T00:00:00.000+0000,AWS,"Amazon Web Services Canada, Inc.","Amazon Web Services Canada, Inc.",123412340534,8.4e-9,USD,8.4e-9,us-west-2,Storage,AmazonS3,123412340534,,,,,,,,4.21e-7,GB,,EAUDKxxxxxxTV253,EAUDKWWNQJZTVxxx.xxxxxxxxxx.xxx6EN2CT7,0.02,8.42e-9,4.21e-7,GB
2023-11-13T03:00:00.000+0000,2023-11-13T04:00:00.000+0000,Recurring,$0.02 per GB - US West (Oregon) data transfer to US East (Northern Virginia),Usage,2023-11-01T00:00:00.000+0000,2023-12-01T00:00:00.000+0000,AWS,"Amazon Web Services Canada, Inc.","Amazon Web Services Canada, Inc.",123412340534,5.2e-9,USD,5.2e-9,us-west-2,Storage,AmazonS3,123412340534,,,,,,,,2.552e-7,GB,,EAUDKxxxxxxTV253,EAUDKWWNQJZTVxxx.xxxxxxxxxx.xxx6EN2CT7,0.02,5.1040000000000006e-9,2.552e-7,GB
2023-11-07T05:00:00.000+0000,2023-11-07T06:00:00.000+0000,Recurring,0.0 per free event recorded in EU (Stockholm) region,Usage,2023-11-01T00:00:00.000+0000,2023-12-01T00:00:00.000+0000,AWS,"Amazon Web Services Canada, Inc.","Amazon Web Services Canada, Inc.",123412340534,0.0,USD,0.0,eu-north-1,Management and Governance,AWSCloudTrail,123412340534,,,,,,,,10.0,Events,,EB6FTxxxxxxY6CDZ,EB6FT33VW2JY6xxx.xxxxxxxxxx.xxx6EN2CT7,0.0,0.0,10.0,Events
2023-11-04T23:00:00.000+0000,2023-11-05T00:00:00.000+0000,Recurring,$0.02 per GB - US East (Northern Virginia) data transfer to Asia Pacific (Tokyo),Usage,2023-11-01T00:00:00.000+0000,2023-12-01T00:00:00.000+0000,AWS,"Amazon Web Services Canada, Inc.","Amazon Web Services Canada, Inc.",123412340534,1.79e-8,USD,1.79e-8,us-east-1,Storage,AmazonS3,123412340534,,,,,,,,8.941e-7,GB,,EDJPFxxxxxx2AD23,EDJPFY8K3AW2Axxx.xxxxxxxxxx.xxx6EN2CT7,0.02,1.7882e-8,8.941e-7,GB
2023-11-04T23:00:00.000+0000,2023-11-05T00:00:00.000+0000,Recurring,$0.02 per GB - US East (Northern Virginia) data transfer to Asia Pacific (Tokyo),Usage,2023-11-01T00:00:00.000+0000,2023-12-01T00:00:00.000+0000,AWS,"Amazon Web Services Canada, Inc.","Amazon Web Services Canada, Inc.",123412340534,1.3e-9,USD,1.3e-9,us-east-1,Storage,AmazonS3,123412340534,,,,,,,,6.71e-8,GB,,EDJPFxxxxxx2AD23,EDJPFY8K3AW2Axxx.xxxxxxxxxx.xxx6EN2CT7,0.02,1.342e-9,6.71e-8,GB
2023-11-04T23:00:00.000+0000,2023-11-05T00:00:00.000+0000,Recurring,$0.02 per GB - US East (Northern Virginia) data transfer to Asia Pacific (Tokyo),Usage,2023-11-01T00:00:00.000+0000,2023-12-01T00:00:00.000+0000,AWS,"Amazon Web Services Canada, Inc.","Amazon Web Services Canada, Inc.",123412340534,9e-9,USD,9e-9,us-east-1,Storage,AmazonS3,123412340534,,,,,,,,4.498e-7,GB,,EDJPFxxxxxx2AD23,EDJPFY8K3AW2Axxx.xxxxxxxxxx.xxx6EN2CT7,0.02,8.996e-9,4.498e-7,GB
2023-11-04T23:00:00.000+0000,2023-11-05T00:00:00.000+0000,Recurring,$0.02 per GB - US East (Northern Virginia) data transfer to Asia Pacific (Tokyo),Usage,2023-11-01T00:00:00.000+0000,2023-12-01T00:00:00.000+0000,AWS,"Amazon Web Services Canada, Inc.","Amazon Web Services Canada, Inc.",123412340534,1.8e-9,USD,1.8e-9,us-east-1,Storage,AmazonS3,123412340534,,,,,,,,8.85e-8,GB,,EDJPFxxxxxx2AD23,EDJPFY8K3AW2Axxx.xxxxxxxxxx.xxx6EN2CT7,0.02,1.77e-9,8.85e-8,GB
2023-11-05T17:00:00.000+0000,2023-11-05T18:00:00.000+0000,Recurring,$0.02 per GB - US East (Northern Virginia) data transfer to Asia Pacific (Tokyo),Usage,2023-11-01T00:00:00.000+0000,2023-12-01T00:00:00.000+0000,AWS,"Amazon Web Services Canada, Inc.","Amazon Web Services Canada, Inc.",123412340534,1.8e-9,USD,1.8e-9,us-east-1,Storage,AmazonS3,123412340534,,,,,,,,8.85e-8,GB,,EDJPFxxxxxx2AD23,EDJPFY8K3AW2Axxx.xxxxxxxxxx.xxx6EN2CT7,0.02,1.77e-9,8.85e-8,GB
2023-11-07T03:00:00.000+0000,2023-11-07T04:00:00.000+0000,Recurring,$0.02 per GB - US East (Northern Virginia) data transfer to Asia Pacific (Tokyo),Usage,2023-11-01T00:00:00.000+0000,2023-12-01T00:00:00.000+0000,AWS,"Amazon Web Services Canada, Inc.","Amazon Web Services Canada, Inc.",123412340534,3.62e-8,USD,3.62e-8,us-east-1,Storage,AmazonS3,123412340534,,,,,,,,1.8067e-6,GB,,EDJPFxxxxxx2AD23,EDJPFY8K3AW2Axxx.xxxxxxxxxx.xxx6EN2CT7,0.02,3.6134e-8,1.8067e-6,GB
2023-11-07T03:00:00.000+0000,2023-11-07T04:00:00.000+0000,Recurring,$0.02 per GB - US East (Northern Virginia) data transfer to Asia Pacific (Tokyo),Usage,2023-11-01T00:00:00.000+0000,2023-12-01T00:00:00.000+0000,AWS,"Amazon Web Services Canada, Inc.","Amazon Web Services Canada, Inc.",123412340534,1.29e-8,USD,1.29e-8,us-east-1,Storage,AmazonS3,123412340534,,,,,,,,6.454e-7,GB,,EDJPFxxxxxx2AD23,EDJPFY8K3AW2Axxx.xxxxxxxxxx.xxx6EN2CT7,0.02,1.2908e-8,6.454e-7,GB
2023-11-09T21:00:00.000+0000,2023-11-09T22:00:00.000+0000,Recurring,$0.02 per GB - US East (Northern Virginia) data transfer to Asia Pacific (Tokyo),Usage,2023-11-01T00:00:00.000+0000,2023-12-01T00:00:00.000+0000,AWS,"Amazon Web Services Canada, Inc.","Amazon Web Services Canada, Inc.",123412340534,1.3e-9,USD,1.3e-9,us-east-1,Storage,AmazonS3,123412340534,,,,,,,,6.71e-8,GB,,EDJPFxxxxxx2AD23,EDJPFY8K3AW2Axxx.xxxxxxxxxx.xxx6EN2CT7,0.02,1.342e-9,6.71e-8,GB
2023-11-10T17:00:00.000+0000,2023-11-10T18:00:00.000+0000,Recurring,$0.02 per GB - US East (Northern Virginia) data transfer to Asia Pacific (Tokyo),Usage,2023-11-01T00:00:00.000+0000,2023-12-01T00:00:00.000+0000,AWS,"Amazon Web Services Canada, Inc.","Amazon Web Services Canada, Inc.",123412340534,1.8e-9,USD,1.8e-9,us-east-1,Storage,AmazonS3,123412340534,,,,,,,,8.85e-8,GB,,EDJPFxxxxxx2AD23,EDJPFY8K3AW2Axxx.xxxxxxxxxx.xxx6EN2CT7,0.02,1.77e-9,8.85e-8,GB
2023-11-12T03:00:00.000+0000,2023-11-12T04:00:00.000+0000,Recurring,$0.02 per GB - US East (Northern Virginia) data transfer to Asia Pacific (Tokyo),Usage,2023-11-01T00:00:00.000+0000,2023-12-01T00:00:00.000+0000,AWS,"Amazon Web Services Canada, Inc.","Amazon Web Services Canada, Inc.",123412340534,4.57e-8,USD,4.57e-8,us-east-1,Storage,AmazonS3,123412340534,,,,,,,,2.2818e-6,GB,,EDJPFxxxxxx2AD23,EDJPFY8K3AW2Axxx.xxxxxxxxxx.xxx6EN2CT7,0.02,4.5636e-8,2.2818e-6,GB
2023-11-12T03:00:00.000+0000,2023-11-12T04:00:00.000+0000,Recurring,$0.02 per GB - US East (Northern Virginia) data transfer to Asia Pacific (Tokyo),Usage,2023-11-01T00:00:00.000+0000,2023-12-01T00:00:00.000+0000,AWS,"Amazon Web Services Canada, Inc.","Amazon Web Services Canada, Inc.",123412340534,1.52e-8,USD,1.52e-8,us-east-1,Storage,AmazonS3,123412340534,,,,,,,,7.609e-7,GB,,EDJPFxxxxxx2AD23,EDJPFY8K3AW2Axxx.xxxxxxxxxx.xxx6EN2CT7,0.02,1.5218e-8,7.609e-7,GB
2023-11-07T05:00:00.000+0000,2023-11-07T06:00:00.000+0000,Recurring,USD 0.02 per GB for EUN1-AWS-Out-Bytes in EU (Stockholm),Usage,2023-11-01T00:00:00.000+0000,2023-12-01T00:00:00.000+0000,AWS,"Amazon Web Services Canada, Inc.","Amazon Web Services Canada, Inc.",123412340534,8.9e-9,USD,8.9e-9,ca-central-1,Storage,AmazonS3,123412340534,,,,,,,,4.47e-7,GB,,F6JFZxxxxxxV29SA,F6JFZ2Y5ARQV2xxx.xxxxxxxxxx.xxx6EN2CT7,0.02,8.940000000000001e-9,4.47e-7,GB
2023-11-11T02:00:00.000+0000,2023-11-11T03:00:00.000+0000,Recurring,USD 0.02 per GB for EUN1-AWS-Out-Bytes in EU (Stockholm),Usage,2023-11-01T00:00:00.000+0000,2023-12-01T00:00:00.000+0000,AWS,"Amazon Web Services Canada, Inc.","Amazon Web Services Canada, Inc.",123412340534,7.8e-9,USD,7.8e-9,ca-central-1,Storage,AmazonS3,123412340534,,,,,,,,3.912e-7,GB,,F6JFZxxxxxxV29SA,F6JFZ2Y5ARQV2xxx.xxxxxxxxxx.xxx6EN2CT7,0.02,7.824000000000001e-9,3.912e-7,GB
2023-11-04T23:00:00.000+0000,2023-11-05T00:00:00.000+0000,Recurring,$0 for AWS Glue Data Catalog requests under the free tier,Usage,2023-11-01T00:00:00.000+0000,2023-12-01T00:00:00.000+0000,AWS,"Amazon Web Services Canada, Inc.","Amazon Web Services Canada, Inc.",123412340534,0.0,USD,0.0,eu-west-3,Analytics,AWSGlue,123412340534,,,,,,,,1.0,Request,,FHEBDxxxxxxEUK4C,FHEBDEJ7JNSEUxxx.xxxxxxxxxx.xxx6EN2CT7,1e-6,1e-6,1.0,Request
2023-11-05T00:00:00.000+0000,2023-11-05T01:00:00.000+0000,Recurring,$0 for AWS Glue Data Catalog requests under the free tier,Usage,2023-11-01T00:00:00.000+0000,2023-12-01T00:00:00.000+0000,AWS,"Amazon Web Services Canada, Inc.","Amazon Web Services Canada, Inc.",123412340534,0.0,USD,0.0,eu-west-3,Analytics,AWSGlue,123412340534,,,,,,,,1.0,Request,,FHEBDxxxxxxEUK4C,FHEBDEJ7JNSEUxxx.xxxxxxxxxx.xxx6EN2CT7,1e-6,1e-6,1.0,Request
2023-11-06T04:00:00.000+0000,2023-11-06T18:00:00.000+0000,Recurring,$0 for AWS Glue Data Catalog requests under the free tier,Usage,2023-11-01T00:00:00.000+0000,2023-12-01T00:00:00.000+0000,AWS,"Amazon Web Services Canada, Inc.","Amazon Web Services Canada, Inc.",123412340534,0.0,USD,0.0,eu-west-3,Analytics,AWSGlue,123412340534,,,,,,,,2.0,Request,,FHEBDxxxxxxEUK4C,FHEBDEJ7JNSEUxxx.xxxxxxxxxx.xxx6EN2CT7,1e-6,2e-6,2.0,Request
2023-11-11T04:00:00.000+0000,2023-11-11T18:00:00.000+0000,Recurring,$0 for AWS Glue Data Catalog requests under the free tier,Usage,2023-11-01T00:00:00.000+0000,2023-12-01T00:00:00.000+0000,AWS,"Amazon Web Services Canada, Inc.","Amazon Web Services Canada, Inc.",123412340534,0.0,USD,0.0,eu-west-3,Analytics,AWSGlue,123412340534,,,,,,,,2.0,Request,,FHEBDxxxxxxEUK4C,FHEBDEJ7JNSEUxxx.xxxxxxxxxx.xxx6EN2CT7,1e-6,2e-6,2.0,Request
2023-11-07T04:00:00.000+0000,2023-11-07T06:00:00.000+0000,Recurring,0.0 per free event recorded in Canada (Central) region,Usage,2023-11-01T00:00:00.000+0000,2023-12-01T00:00:00.000+0000,AWS,"Amazon Web Services Canada, Inc.","Amazon Web Services Canada, Inc.",123412340534,0.0,USD,0.0,ca-central-1,Management and Governance,AWSCloudTrail,123412340534,,,,,,,,273.0,Events,,FMDQWxxxxxx278GQ,FMDQWZU8D8627xxx.xxxxxxxxxx.xxx6EN2CT7,0.0,0.0,273.0,Events
2023-11-02T01:00:00.000+0000,2023-11-03T00:00:00.000+0000,Recurring,"First 1,000,000 Amazon SQS Requests per month are free",Usage,2023-11-01T00:00:00.000+0000,2023-12-01T00:00:00.000+0000,AWS,"Amazon Web Services Canada, Inc.","Amazon Web Services Canada, Inc.",123412340534,0.0,USD,0.0,us-west-2,Integration,AWSQueueService,123412340534,,,,,,,,3466.0,Requests,,G95FSxxxxxx3JSRX,G95FST5FTYV3Jxxx.xxxxxxxxxx.xxx6EN2CT7,4e-7,0.0013863999999999999,3466.0,Requests
2023-11-03T00:00:00.000+0000,2023-11-04T00:00:00.000+0000,Recurring,"First 1,000,000 Amazon SQS Requests per month are free",Usage,2023-11-01T00:00:00.000+0000,2023-12-01T00:00:00.000+0000,AWS,"Amazon Web Services Canada, Inc.","Amazon Web Services Canada, Inc.",123412340534,0.0,USD,0.0,us-west-2,Integration,AWSQueueService,123412340534,,,,,,,,3244.0,Requests,,G95FSxxxxxx3JSRX,G95FST5FTYV3Jxxx.xxxxxxxxxx.xxx6EN2CT7,4e-7,0.0012975999999999999,3244.0,Requests
2023-11-04T23:00:00.000+0000,2023-11-05T00:00:00.000+0000,Recurring,"First 1,000,000 Amazon SQS Requests per month are free",Usage,2023-11-01T00:00:00.000+0000,2023-12-01T00:00:00.000+0000,AWS,"Amazon Web Services Canada, Inc.","Amazon Web Services Canada, Inc.",123412340534,0.0,USD,0.0,us-west-2,Integration,AWSQueueService,123412340534,,,,,,,,100.0,Requests,,G95FSxxxxxx3JSRX,G95FST5FTYV3Jxxx.xxxxxxxxxx.xxx6EN2CT7,4e-7,0.000039999999999999996,100.0,Requests
2023-11-04T23:00:00.000+0000,2023-11-05T00:00:00.000+0000,Recurring,"First 1,000,000 Amazon SQS Requests per month are free",Usage,2023-11-01T00:00:00.000+0000,2023-12-01T00:00:00.000+0000,AWS,"Amazon Web Services Canada, Inc.","Amazon Web Services Canada, Inc.",123412340534,0.0,USD,0.0,us-west-2,Integration,AWSQueueService,123412340534,,,,,,,,90.0,Requests,,G95FSxxxxxx3JSRX,G95FST5FTYV3Jxxx.xxxxxxxxxx.xxx6EN2CT7,4e-7,0.000036,90.0,Requests
2023-11-04T23:00:00.000+0000,2023-11-05T00:00:00.000+0000,Recurring,"First 1,000,000 Amazon SQS Requests per month are free",Usage,2023-11-01T00:00:00.000+0000,2023-12-01T00:00:00.000+0000,AWS,"Amazon Web Services Canada, Inc.","Amazon Web Services Canada, Inc.",123412340534,0.0,USD,0.0,us-west-2,Integration,AWSQueueService,123412340534,,,,,,,,33.0,Requests,,G95FSxxxxxx3JSRX,G95FST5FTYV3Jxxx.xxxxxxxxxx.xxx6EN2CT7,4e-7,0.000013199999999999999,33.0,Requests
2023-11-04T23:00:00.000+0000,2023-11-05T00:00:00.000+0000,Recurring,"First 1,000,000 Amazon SQS Requests per month are free",Usage,2023-11-01T00:00:00.000+0000,2023-12-01T00:00:00.000+0000,AWS,"Amazon Web Services Canada, Inc.","Amazon Web Services Canada, Inc.",123412340534,0.0,USD,0.0,us-west-2,Integration,AWSQueueService,123412340534,,,,,,,,1.0,Requests,,G95FSxxxxxx3JSRX,G95FST5FTYV3Jxxx.xxxxxxxxxx.xxx6EN2CT7,4e-7,4e-7,1.0,Requests
2023-11-04T23:00:00.000+0000,2023-11-05T00:00:00.000+0000,Recurring,"First 1,000,000 Amazon SQS Requests per month are free",Usage,2023-11-01T00:00:00.000+0000,2023-12-01T00:00:00.000+0000,AWS,"Amazon Web Services Canada, Inc.","Amazon Web Services Canada, Inc.",123412340534,0.0,USD,0.0,us-west-2,Integration,AWSQueueService,123412340534,,,,,,,,7.0,Requests,,G95FSxxxxxx3JSRX,G95FST5FTYV3Jxxx.xxxxxxxxxx.xxx6EN2CT7,4e-7,2.8e-6,7.0,Requests
2023-11-04T23:00:00.000+0000,2023-11-05T00:00:00.000+0000,Recurring,"First 1,000,000 Amazon SQS Requests per month are free",Usage,2023-11-01T00:00:00.000+0000,2023-12-01T00:00:00.000+0000,AWS,"Amazon Web Services Canada, Inc.","Amazon Web Services Canada, Inc.",123412340534,0.0,USD,0.0,us-west-2,Integration,AWSQueueService,123412340534,,,,,,,,3.0,Requests,,G95FSxxxxxx3JSRX,G95FST5FTYV3Jxxx.xxxxxxxxxx.xxx6EN2CT7,4e-7,1.2e-6,3.0,Requests
2023-11-04T23:00:00.000+0000,2023-11-05T00:00:00.000+0000,Recurring,"First 1,000,000 Amazon SQS Requests per month are free",Usage,2023-11-01T00:00:00.000+0000,2023-12-01T00:00:00.000+0000,AWS,"Amazon Web Services Canada, Inc.","Amazon Web Services Canada, Inc.",123412340534,0.0,USD,0.0,us-west-2,Integration,AWSQueueService,123412340534,,,,,,,,3.0,Requests,,G95FSxxxxxx3JSRX,G95FST5FTYV3Jxxx.xxxxxxxxxx.xxx6EN2CT7,4e-7,1.2e-6,3.0,Requests
2023-11-04T23:00:00.000+0000,2023-11-05T00:00:00.000+0000,Recurring,"First 1,000,000 Amazon SQS Requests per month are free",Usage,2023-11-01T00:00:00.000+0000,2023-12-01T00:00:00.000+0000,AWS,"Amazon Web Services Canada, Inc.","Amazon Web Services Canada, Inc.",123412340534,0.0,USD,0.0,us-west-2,Integration,AWSQueueService,123412340534,,,,,,,,1.0,Requests,,G95FSxxxxxx3JSRX,G95FST5FTYV3Jxxx.xxxxxxxxxx.xxx6EN2CT7,4e-7,4e-7,1.0,Requests
2023-11-04T23:00:00.000+0000,2023-11-05T00:00:00.000+0000,Recurring,"First 1,000,000 Amazon SQS Requests per month are free",Usage,2023-11-01T00:00:00.000+0000,2023-12-01T00:00:00.000+0000,AWS,"Amazon Web Services Canada, Inc.","Amazon Web Services Canada, Inc.",123412340534,0.0,USD,0.0,us-west-2,Integration,AWSQueueService,123412340534,,,,,,,,108.0,Requests,,G95FSxxxxxx3JSRX,G95FST5FTYV3Jxxx.xxxxxxxxxx.xxx6EN2CT7,4e-7,0.0000432,108.0,Requests
2023-11-04T00:00:00.000+0000,2023-11-05T00:00:00.000+0000,Recurring,"First 1,000,000 Amazon SQS Requests per month are free",Usage,2023-11-01T00:00:00.000+0000,2023-12-01T00:00:00.000+0000,AWS,"Amazon Web Services Canada, Inc.","Amazon Web Services Canada, Inc.",123412340534,0.0,USD,0.0,us-west-2,Integration,AWSQueueService,123412340534,,,,,,,,3534.0,Requests,,G95FSxxxxxx3JSRX,G95FST5FTYV3Jxxx.xxxxxxxxxx.xxx6EN2CT7,4e-7,0.0014135999999999999,3534.0,Requests
2023-11-05T18:00:00.000+0000,2023-11-05T19:00:00.000+0000,Recurring,"First 1,000,000 Amazon SQS Requests per month are free",Usage,2023-11-01T00:00:00.000+0000,2023-12-01T00:00:00.000+0000,AWS,"Amazon Web Services Canada, Inc.","Amazon Web Services Canada, Inc.",123412340534,0.0,USD,0.0,us-west-2,Integration,AWSQueueService,123412340534,,,,,,,,3.0,Requests,,G95FSxxxxxx3JSRX,G95FST5FTYV3Jxxx.xxxxxxxxxx.xxx6EN2CT7,4e-7,1.2e-6,3.0,Requests
2023-11-05T18:00:00.000+0000,2023-11-05T19:00:00.000+0000,Recurring,"First 1,000,000 Amazon SQS Requests per month are free",Usage,2023-11-01T00:00:00.000+0000,2023-12-01T00:00:00.000+0000,AWS,"Amazon Web Services Canada, Inc.","Amazon Web Services Canada, Inc.",123412340534,0.0,USD,0.0,us-west-2,Integration,AWSQueueService,123412340534,,,,,,,,7.0,Requests,,G95FSxxxxxx3JSRX,G95FST5FTYV3Jxxx.xxxxxxxxxx.xxx6EN2CT7,4e-7,2.8e-6,7.0,Requests
2023-11-05T00:00:00.000+0000,2023-11-05T19:00:00.000+0000,Recurring,"First 1,000,000 Amazon SQS Requests per month are free",Usage,2023-11-01T00:00:00.000+0000,2023-12-01T00:00:00.000+0000,AWS,"Amazon Web Services Canada, Inc.","Amazon Web Services Canada, Inc.",123412340534,0.0,USD,0.0,us-west-2,Integration,AWSQueueService,123412340534,,,,,,,,6.0,Requests,,G95FSxxxxxx3JSRX,G95FST5FTYV3Jxxx.xxxxxxxxxx.xxx6EN2CT7,4e-7,2.4e-6,6.0,Requests
2023-11-05T18:00:00.000+0000,2023-11-05T19:00:00.000+0000,Recurring,"First 1,000,000 Amazon SQS Requests per month are free",Usage,2023-11-01T00:00:00.000+0000,2023-12-01T00:00:00.000+0000,AWS,"Amazon Web Services Canada, Inc.","Amazon Web Services Canada, Inc.",123412340534,0.0,USD,0.0,us-west-2,Integration,AWSQueueService,123412340534,,,,,,,,3.0,Requests,,G95FSxxxxxx3JSRX,G95FST5FTYV3Jxxx.xxxxxxxxxx.xxx6EN2CT7,4e-7,1.2e-6,3.0,Requests
2023-11-05T18:00:00.000+0000,2023-11-05T19:00:00.000+0000,Recurring,"First 1,000,000 Amazon SQS Requests per month are free",Usage,2023-11-01T00:00:00.000+0000,2023-12-01T00:00:00.000+0000,AWS,"Amazon Web Services Canada, Inc.","Amazon Web Services Canada, Inc.",123412340534,0.0,USD,0.0,us-west-2,Integration,AWSQueueService,123412340534,,,,,,,,1.0,Requests,,G95FSxxxxxx3JSRX,G95FST5FTYV3Jxxx.xxxxxxxxxx.xxx6EN2CT7,4e-7,4e-7,1.0,Requests
2023-11-05T18:00:00.000+0000,2023-11-05T19:00:00.000+0000,Recurring,"First 1,000,000 Amazon SQS Requests per month are free",Usage,2023-11-01T00:00:00.000+0000,2023-12-01T00:00:00.000+0000,AWS,"Amazon Web Services Canada, Inc.","Amazon Web Services Canada, Inc.",123412340534,0.0,USD,0.0,us-west-2,Integration,AWSQueueService,123412340534,,,,,,,,3.0,Requests,,G95FSxxxxxx3JSRX,G95FST5FTYV3Jxxx.xxxxxxxxxx.xxx6EN2CT7,4e-7,1.2e-6,3.0,Requests
2023-11-05T00:00:00.000+0000,2023-11-06T00:00:00.000+0000,Recurring,"First 1,000,000 Amazon SQS Requests per month are free",Usage,2023-11-01T00:00:00.000+0000,2023-12-01T00:00:00.000+0000,AWS,"Amazon Web Services Canada, Inc.","Amazon Web Services Canada, Inc.",123412340534,0.0,USD,0.0,us-west-2,Integration,AWSQueueService,123412340534,,,,,,,,2966.0,Requests,,G95FSxxxxxx3JSRX,G95FST5FTYV3Jxxx.xxxxxxxxxx.xxx6EN2CT7,4e-7,0.0011864,2966.0,Requests
2023-11-06T00:00:00.000+0000,2023-11-07T00:00:00.000+0000,Recurring,"First 1,000,000 Amazon SQS Requests per month are free",Usage,2023-11-01T00:00:00.000+0000,2023-12-01T00:00:00.000+0000,AWS,"Amazon Web Services Canada, Inc.","Amazon Web Services Canada, Inc.",123412340534,0.0,USD,0.0,us-west-2,Integration,AWSQueueService,123412340534,,,,,,,,3937.0,Requests,,G95FSxxxxxx3JSRX,G95FST5FTYV3Jxxx.xxxxxxxxxx.xxx6EN2CT7,4e-7,0.0015748,3937.0,Requests
2023-11-07T00:00:00.000+0000,2023-11-08T00:00:00.000+0000,Recurring,"First 1,000,000 Amazon SQS Requests per month are free",Usage,2023-11-01T00:00:00.000+0000,2023-12-01T00:00:00.000+0000,AWS,"Amazon Web Services Canada, Inc.","Amazon Web Services Canada, Inc.",123412340534,0.0,USD,0.0,us-west-2,Integration,AWSQueueService,123412340534,,,,,,,,3811.0,Requests,,G95FSxxxxxx3JSRX,G95FST5FTYV3Jxxx.xxxxxxxxxx.xxx6EN2CT7,4e-7,0.0015244,3811.0,Requests
2023-11-08T00:00:00.000+0000,2023-11-09T00:00:00.000+0000,Recurring,"First 1,000,000 Amazon SQS Requests per month are free",Usage,2023-11-01T00:00:00.000+0000,2023-12-01T00:00:00.000+0000,AWS,"Amazon Web Services Canada, Inc.","Amazon Web Services Canada, Inc.",123412340534,0.0,USD,0.0,us-west-2,Integration,AWSQueueService,123412340534,,,,,,,,3379.0,Requests,,G95FSxxxxxx3JSRX,G95FST5FTYV3Jxxx.xxxxxxxxxx.xxx6EN2CT7,4e-7,0.0013516,3379.0,Requests
2023-11-09T00:00:00.000+0000,2023-11-10T00:00:00.000+0000,Recurring,"First 1,000,000 Amazon SQS Requests per month are free",Usage,2023-11-01T00:00:00.000+0000,2023-12-01T00:00:00.000+0000,AWS,"Amazon Web Services Canada, Inc.","Amazon Web Services Canada, Inc.",123412340534,0.0,USD,0.0,us-west-2,Integration,AWSQueueService,123412340534,,,,,,,,3595.0,Requests,,G95FSxxxxxx3JSRX,G95FST5FTYV3Jxxx.xxxxxxxxxx.xxx6EN2CT7,4e-7,0.001438,3595.0,Requests
2023-11-10T00:00:00.000+0000,2023-11-10T01:00:00.000+0000,Recurring,"First 1,000,000 Amazon SQS Requests per month are free",Usage,2023-11-01T00:00:00.000+0000,2023-12-01T00:00:00.000+0000,AWS,"Amazon Web Services Canada, Inc.","Amazon Web Services Canada, Inc.",123412340534,0.0,USD,0.0,us-west-2,Integration,AWSQueueService,123412340534,,,,,,,,1.0,Requests,,G95FSxxxxxx3JSRX,G95FST5FTYV3Jxxx.xxxxxxxxxx.xxx6EN2CT7,4e-7,4e-7,1.0,Requests
2023-11-10T00:00:00.000+0000,2023-11-11T00:00:00.000+0000,Recurring,"First 1,000,000 Amazon SQS Requests per month are free",Usage,2023-11-01T00:00:00.000+0000,2023-12-01T00:00:00.000+0000,AWS,"Amazon Web Services Canada, Inc.","Amazon Web Services Canada, Inc.",123412340534,0.0,USD,0.0,us-west-2,Integration,AWSQueueService,123412340534,,,,,,,,3563.0,Requests,,G95FSxxxxxx3JSRX,G95FST5FTYV3Jxxx.xxxxxxxxxx.xxx6EN2CT7,4e-7,0.0014252,3563.0,Requests
2023-11-11T00:00:00.000+0000,2023-11-12T00:00:00.000+0000,Recurring,"First 1,000,000 Amazon SQS Requests per month are free",Usage,2023-11-01T00:00:00.000+0000,2023-12-01T00:00:00.000+0000,AWS,"Amazon Web Services Canada, Inc.","Amazon Web Services Canada, Inc.",123412340534,0.0,USD,0.0,us-west-2,Integration,AWSQueueService,123412340534,,,,,,,,4384.0,Requests,,G95FSxxxxxx3JSRX,G95FST5FTYV3Jxxx.xxxxxxxxxx.xxx6EN2CT7,4e-7,0.0017536,4384.0,Requests
2023-11-12T00:00:00.000+0000,2023-11-13T00:00:00.000+0000,Recurring,"First 1,000,000 Amazon SQS Requests per month are free",Usage,2023-11-01T00:00:00.000+0000,2023-12-01T00:00:00.000+0000,AWS,"Amazon Web Services Canada, Inc.","Amazon Web Services Canada, Inc.",123412340534,0.0,USD,0.0,us-west-2,Integration,AWSQueueService,123412340534,,,,,,,,4432.0,Requests,,G95FSxxxxxx3JSRX,G95FST5FTYV3Jxxx.xxxxxxxxxx.xxx6EN2CT7,4e-7,0.0017728,4432.0,Requests
2023-11-13T00:00:00.000+0000,2023-11-14T00:00:00.000+0000,Recurring,"First 1,000,000 Amazon SQS Requests per month are free",Usage,2023-11-01T00:00:00.000+0000,2023-12-01T00:00:00.000+0000,AWS,"Amazon Web Services Canada, Inc.","Amazon Web Services Canada, Inc.",123412340534,0.0,USD,0.0,us-west-2,Integration,AWSQueueService,123412340534,,,,,,,,4524.0,Requests,,G95FSxxxxxx3JSRX,G95FST5FTYV3Jxxx.xxxxxxxxxx.xxx6EN2CT7,4e-7,0.0018096,4524.0,Requests
2023-11-14T00:00:00.000+0000,2023-11-14T04:00:00.000+0000,Recurring,"First 1,000,000 Amazon SQS Requests per month are free",Usage,2023-11-01T00:00:00.000+0000,2023-12-01T00:00:00.000+0000,AWS,"Amazon Web Services Canada, Inc.","Amazon Web Services Canada, Inc.",123412340534,0.0,USD,0.0,us-west-2,Integration,AWSQueueService,123412340534,,,,,,,,974.0,Requests,,G95FSxxxxxx3JSRX,G95FST5FTYV3Jxxx.xxxxxxxxxx.xxx6EN2CT7,4e-7,0.0003896,974.0,Requests
2023-11-04T23:00:00.000+0000,2023-11-05T00:00:00.000+0000,Recurring,$0.01 per GB - US East (Northern Virginia) data transfer to US East (Ohio),Usage,2023-11-01T00:00:00.000+0000,2023-12-01T00:00:00.000+0000,AWS,"Amazon Web Services Canada, Inc.","Amazon Web Services Canada, Inc.",123412340534,9.1e-9,USD,9.1e-9,us-east-1,Storage,AmazonS3,123412340534,,,,,,,,9.052e-7,GB,,GBSWCxxxxxxG4PVY,GBSWCG32FV9G4xxx.xxxxxxxxxx.xxx6EN2CT7,0.01,9.052e-9,9.052e-7,GB
2023-11-04T23:00:00.000+0000,2023-11-05T00:00:00.000+0000,Recurring,$0.01 per GB - US East (Northern Virginia) data transfer to US East (Ohio),Usage,2023-11-01T00:00:00.000+0000,2023-12-01T00:00:00.000+0000,AWS,"Amazon Web Services Canada, Inc.","Amazon Web Services Canada, Inc.",123412340534,7e-10,USD,7e-10,us-east-1,Storage,AmazonS3,123412340534,,,,,,,,6.71e-8,GB,,GBSWCxxxxxxG4PVY,GBSWCG32FV9G4xxx.xxxxxxxxxx.xxx6EN2CT7,0.01,6.71e-10,6.71e-8,GB
2023-11-04T23:00:00.000+0000,2023-11-05T00:00:00.000+0000,Recurring,$0.01 per GB - US East (Northern Virginia) data transfer to US East (Ohio),Usage,2023-11-01T00:00:00.000+0000,2023-12-01T00:00:00.000+0000,AWS,"Amazon Web Services Canada, Inc.","Amazon Web Services Canada, Inc.",123412340534,4.2e-9,USD,4.2e-9,us-east-1,Storage,AmazonS3,123412340534,,,,,,,,4.21e-7,GB,,GBSWCxxxxxxG4PVY,GBSWCG32FV9G4xxx.xxxxxxxxxx.xxx6EN2CT7,0.01,4.21e-9,4.21e-7,GB
2023-11-04T23:00:00.000+0000,2023-11-05T00:00:00.000+0000,Recurring,$0.01 per GB - US East (Northern Virginia) data transfer to US East (Ohio),Usage,2023-11-01T00:00:00.000+0000,2023-12-01T00:00:00.000+0000,AWS,"Amazon Web Services Canada, Inc.","Amazon Web Services Canada, Inc.",123412340534,9e-10,USD,9e-10,us-east-1,Storage,AmazonS3,123412340534,,,,,,,,8.85e-8,GB,,GBSWCxxxxxxG4PVY,GBSWCG32FV9G4xxx.xxxxxxxxxx.xxx6EN2CT7,0.01,8.85e-10,8.85e-8,GB
2023-11-06T04:00:00.000+0000,2023-11-06T05:00:00.000+0000,Recurring,$0.01 per GB - US East (Northern Virginia) data transfer to US East (Ohio),Usage,2023-11-01T00:00:00.000+0000,2023-12-01T00:00:00.000+0000,AWS,"Amazon Web Services Canada, Inc.","Amazon Web Services Canada, Inc.",123412340534,1.35e-8,USD,1.35e-8,us-east-1,Storage,AmazonS3,123412340534,,,,,,,,1.343e-6,GB,,GBSWCxxxxxxG4PVY,GBSWCG32FV9G4xxx.xxxxxxxxxx.xxx6EN2CT7,0.01,1.3430000000000002e-8,1.343e-6,GB
2023-11-06T04:00:00.000+0000,2023-11-06T05:00:00.000+0000,Recurring,$0.01 per GB - US East (Northern Virginia) data transfer to US East (Ohio),Usage,2023-11-01T00:00:00.000+0000,2023-12-01T00:00:00.000+0000,AWS,"Amazon Web Services Canada, Inc.","Amazon Web Services Canada, Inc.",123412340534,5.1e-9,USD,5.1e-9,us-east-1,Storage,AmazonS3,123412340534,,,,,,,,5.122e-7,GB,,GBSWCxxxxxxG4PVY,GBSWCG32FV9G4xxx.xxxxxxxxxx.xxx6EN2CT7,0.01,5.122e-9,5.122e-7,GB
2023-11-10T01:00:00.000+0000,2023-11-10T02:00:00.000+0000,Recurring,$0.01 per GB - US East (Northern Virginia) data transfer to US East (Ohio),Usage,2023-11-01T00:00:00.000+0000,2023-12-01T00:00:00.000+0000,AWS,"Amazon Web Services Canada, Inc.","Amazon Web Services Canada, Inc.",123412340534,7e-10,USD,7e-10,us-east-1,Storage,AmazonS3,123412340534,,,,,,,,6.71e-8,GB,,GBSWCxxxxxxG4PVY,GBSWCG32FV9G4xxx.xxxxxxxxxx.xxx6EN2CT7,0.01,6.71e-10,6.71e-8,GB
2023-11-11T04:00:00.000+0000,2023-11-11T05:00:00.000+0000,Recurring,$0.01 per GB - US East (Northern Virginia) data transfer to US East (Ohio),Usage,2023-11-01T00:00:00.000+0000,2023-12-01T00:00:00.000+0000,AWS,"Amazon Web Services Canada, Inc.","Amazon Web Services Canada, Inc.",123412340534,2.31e-8,USD,2.31e-8,us-east-1,Storage,AmazonS3,123412340534,,,,,,,,2.293e-6,GB,,GBSWCxxxxxxG4PVY,GBSWCG32FV9G4xxx.xxxxxxxxxx.xxx6EN2CT7,0.01,2.293e-8,2.293e-6,GB
2023-11-11T04:00:00.000+0000,2023-11-11T05:00:00.000+0000,Recurring,$0.01 per GB - US East (Northern Virginia) data transfer to US East (Ohio),Usage,2023-11-01T00:00:00.000+0000,2023-12-01T00:00:00.000+0000,AWS,"Amazon Web Services Canada, Inc.","Amazon Web Services Canada, Inc.",123412340534,7.3e-9,USD,7.3e-9,us-east-1,Storage,AmazonS3,123412340534,,,,,,,,7.32e-7,GB,,GBSWCxxxxxxG4PVY,GBSWCG32FV9G4xxx.xxxxxxxxxx.xxx6EN2CT7,0.01,7.32e-9,7.32e-7,GB
2023-11-11T01:00:00.000+0000,2023-11-11T02:00:00.000+0000,Recurring,$0.01 per GB - US East (Northern Virginia) data transfer to US East (Ohio),Usage,2023-11-01T00:00:00.000+0000,2023-12-01T00:00:00.000+0000,AWS,"Amazon Web Services Canada, Inc.","Amazon Web Services Canada, Inc.",123412340534,9e-10,USD,9e-10,us-east-1,Storage,AmazonS3,123412340534,,,,,,,,8.85e-8,GB,,GBSWCxxxxxxG4PVY,GBSWCG32FV9G4xxx.xxxxxxxxxx.xxx6EN2CT7,0.01,8.85e-10,8.85e-8,GB
2023-11-04T23:00:00.000+0000,2023-11-05T00:00:00.000+0000,Recurring,$0 for AWS Glue Data Catalog requests under the free tier,Usage,2023-11-01T00:00:00.000+0000,2023-12-01T00:00:00.000+0000,AWS,"Amazon Web Services Canada, Inc.","Amazon Web Services Canada, Inc.",123412340534,0.0,USD,0.0,us-west-1,Analytics,AWSGlue,123412340534,,,,,,,,2.0,Request,,GMD9CxxxxxxKB242,GMD9CWNK6FKKBxxx.xxxxxxxxxx.xxx6EN2CT7,1e-6,2e-6,2.0,Request
2023-11-06T08:00:00.000+0000,2023-11-06T09:00:00.000+0000,Recurring,$0 for AWS Glue Data Catalog requests under the free tier,Usage,2023-11-01T00:00:00.000+0000,2023-12-01T00:00:00.000+0000,AWS,"Amazon Web Services Canada, Inc.","Amazon Web Services Canada, Inc.",123412340534,0.0,USD,0.0,us-west-1,Analytics,AWSGlue,123412340534,,,,,,,,1.0,Request,,GMD9CxxxxxxKB242,GMD9CWNK6FKKBxxx.xxxxxxxxxx.xxx6EN2CT7,1e-6,1e-6,1.0,Request
2023-11-07T04:00:00.000+0000,2023-11-07T05:00:00.000+0000,Recurring,$0 for AWS Glue Data Catalog requests under the free tier,Usage,2023-11-01T00:00:00.000+0000,2023-12-01T00:00:00.000+0000,AWS,"Amazon Web Services Canada, Inc.","Amazon Web Services Canada, Inc.",123412340534,0.0,USD,0.0,us-west-1,Analytics,AWSGlue,123412340534,,,,,,,,1.0,Request,,GMD9CxxxxxxKB242,GMD9CWNK6FKKBxxx.xxxxxxxxxx.xxx6EN2CT7,1e-6,1e-6,1.0,Request
2023-11-11T08:00:00.000+0000,2023-11-11T09:00:00.000+0000,Recurring,$0 for AWS Glue Data Catalog requests under the free tier,Usage,2023-11-01T00:00:00.000+0000,2023-12-01T00:00:00.000+0000,AWS,"Amazon Web Services Canada, Inc.","Amazon Web Services Canada, Inc.",123412340534,0.0,USD,0.0,us-west-1,Analytics,AWSGlue,123412340534,,,,,,,,1.0,Request,,GMD9CxxxxxxKB242,GMD9CWNK6FKKBxxx.xxxxxxxxxx.xxx6EN2CT7,1e-6,1e-6,1.0,Request
2023-11-12T04:00:00.000+0000,2023-11-12T05:00:00.000+0000,Recurring,$0 for AWS Glue Data Catalog requests under the free tier,Usage,2023-11-01T00:00:00.000+0000,2023-12-01T00:00:00.000+0000,AWS,"Amazon Web Services Canada, Inc.","Amazon Web Services Canada, Inc.",123412340534,0.0,USD,0.0,us-west-1,Analytics,AWSGlue,123412340534,,,,,,,,1.0,Request,,GMD9CxxxxxxKB242,GMD9CWNK6FKKBxxx.xxxxxxxxxx.xxx6EN2CT7,1e-6,1e-6,1.0,Request
2023-11-04T23:00:00.000+0000,2023-11-05T00:00:00.000+0000,Recurring,$0 for AWS Glue Data Catalog requests under the free tier,Usage,2023-11-01T00:00:00.000+0000,2023-12-01T00:00:00.000+0000,AWS,"Amazon Web Services Canada, Inc.","Amazon Web Services Canada, Inc.",123412340534,0.0,USD,0.0,eu-west-1,Analytics,AWSGlue,123412340534,,,,,,,,2.0,Request,,GQRMBxxxxxxMNCFH,GQRMB5HN28MMNxxx.xxxxxxxxxx.xxx6EN2CT7,1e-6,2e-6,2.0,Request
2023-11-06T18:00:00.000+0000,2023-11-06T19:00:00.000+0000,Recurring,$0 for AWS Glue Data Catalog requests under the free tier,Usage,2023-11-01T00:00:00.000+0000,2023-12-01T00:00:00.000+0000,AWS,"Amazon Web Services Canada, Inc.","Amazon Web Services Canada, Inc.",123412340534,0.0,USD,0.0,eu-west-1,Analytics,AWSGlue,123412340534,,,,,,,,1.0,Request,,GQRMBxxxxxxMNCFH,GQRMB5HN28MMNxxx.xxxxxxxxxx.xxx6EN2CT7,1e-6,1e-6,1.0,Request
2023-11-07T09:00:00.000+0000,2023-11-07T10:00:00.000+0000,Recurring,$0 for AWS Glue Data Catalog requests under the free tier,Usage,2023-11-01T00:00:00.000+0000,2023-12-01T00:00:00.000+0000,AWS,"Amazon Web Services Canada, Inc.","Amazon Web Services Canada, Inc.",123412340534,0.0,USD,0.0,eu-west-1,Analytics,AWSGlue,123412340534,,,,,,,,1.0,Request,,GQRMBxxxxxxMNCFH,GQRMB5HN28MMNxxx.xxxxxxxxxx.xxx6EN2CT7,1e-6,1e-6,1.0,Request
2023-11-11T18:00:00.000+0000,2023-11-11T19:00:00.000+0000,Recurring,$0 for AWS Glue Data Catalog requests under the free tier,Usage,2023-11-01T00:00:00.000+0000,2023-12-01T00:00:00.000+0000,AWS,"Amazon Web Services Canada, Inc.","Amazon Web Services Canada, Inc.",123412340534,0.0,USD,0.0,eu-west-1,Analytics,AWSGlue,123412340534,,,,,,,,1.0,Request,,GQRMBxxxxxxMNCFH,GQRMB5HN28MMNxxx.xxxxxxxxxx.xxx6EN2CT7,1e-6,1e-6,1.0,Request
2023-11-12T09:00:00.000+0000,2023-11-12T10:00:00.000+0000,Recurring,$0 for AWS Glue Data Catalog requests under the free tier,Usage,2023-11-01T00:00:00.000+0000,2023-12-01T00:00:00.000+0000,AWS,"Amazon Web Services Canada, Inc.","Amazon Web Services Canada, Inc.",123412340534,0.0,USD,0.0,eu-west-1,Analytics,AWSGlue,123412340534,,,,,,,,1.0,Request,,GQRMBxxxxxxMNCFH,GQRMB5HN28MMNxxx.xxxxxxxxxx.xxx6EN2CT7,1e-6,1e-6,1.0,Request
2023-11-04T23:00:00.000+0000,2023-11-05T00:00:00.000+0000,Recurring,$0 for AWS Glue Data Catalog requests under the free tier,Usage,2023-11-01T00:00:00.000+0000,2023-12-01T00:00:00.000+0000,AWS,"Amazon Web Services Canada, Inc.","Amazon Web Services Canada, Inc.",123412340534,0.0,USD,0.0,us-west-2,Analytics,AWSGlue,123412340534,,,,,,,,3.0,Request,,GY37TxxxxxxPAY4S,GY37T8BDHF4PAxxx.xxxxxxxxxx.xxx6EN2CT7,1e-6,3e-6,3.0,Request
2023-11-07T19:00:00.000+0000,2023-11-07T20:00:00.000+0000,Recurring,$0 for AWS Glue Data Catalog requests under the free tier,Usage,2023-11-01T00:00:00.000+0000,2023-12-01T00:00:00.000+0000,AWS,"Amazon Web Services Canada, Inc.","Amazon Web Services Canada, Inc.",123412340534,0.0,USD,0.0,us-west-2,Analytics,AWSGlue,123412340534,,,,,,,,2.0,Request,,GY37TxxxxxxPAY4S,GY37T8BDHF4PAxxx.xxxxxxxxxx.xxx6EN2CT7,1e-6,2e-6,2.0,Request
2023-11-09T03:00:00.000+0000,2023-11-09T04:00:00.000+0000,Recurring,$0 for AWS Glue Data Catalog requests under the free tier,Usage,2023-11-01T00:00:00.000+0000,2023-12-01T00:00:00.000+0000,AWS,"Amazon Web Services Canada, Inc.","Amazon Web Services Canada, Inc.",123412340534,0.0,USD,0.0,us-west-2,Analytics,AWSGlue,123412340534,,,,,,,,1.0,Request,,GY37TxxxxxxPAY4S,GY37T8BDHF4PAxxx.xxxxxxxxxx.xxx6EN2CT7,1e-6,1e-6,1.0,Request
2023-11-12T19:00:00.000+0000,2023-11-12T20:00:00.000+0000,Recurring,$0 for AWS Glue Data Catalog requests under the free tier,Usage,2023-11-01T00:00:00.000+0000,2023-12-01T00:00:00.000+0000,AWS,"Amazon Web Services Canada, Inc.","Amazon Web Services Canada, Inc.",123412340534,0.0,USD,0.0,us-west-2,Analytics,AWSGlue,123412340534,,,,,,,,2.0,Request,,GY37TxxxxxxPAY4S,GY37T8BDHF4PAxxx.xxxxxxxxxx.xxx6EN2CT7,1e-6,2e-6,2.0,Request
2023-11-14T03:00:00.000+0000,2023-11-14T04:00:00.000+0000,Recurring,$0 for AWS Glue Data Catalog requests under the free tier,Usage,2023-11-01T00:00:00.000+0000,2023-12-01T00:00:00.000+0000,AWS,"Amazon Web Services Canada, Inc.","Amazon Web Services Canada, Inc.",123412340534,0.0,USD,0.0,us-west-2,Analytics,AWSGlue,123412340534,,,,,,,,1.0,Request,,GY37TxxxxxxPAY4S,GY37T8BDHF4PAxxx.xxxxxxxxxx.xxx6EN2CT7,1e-6,1e-6,1.0,Request
2023-11-04T23:00:00.000+0000,2023-11-05T00:00:00.000+0000,Recurring,"First 1,000,000 Amazon SQS Requests per month are free",Usage,2023-11-01T00:00:00.000+0000,2023-12-01T00:00:00.000+0000,AWS,"Amazon Web Services Canada, Inc.","Amazon Web Services Canada, Inc.",123412340534,0.0,USD,0.0,ap-southeast-2,Integration,AWSQueueService,123412340534,,,,,,,,1.0,Requests,,GZ4K2xxxxxxA2NTU,GZ4K2VVYZYCA2xxx.xxxxxxxxxx.xxx6EN2CT7,4e-7,4e-7,1.0,Requests
2023-11-07T07:00:00.000+0000,2023-11-07T08:00:00.000+0000,Recurring,"First 1,000,000 Amazon SQS Requests per month are free",Usage,2023-11-01T00:00:00.000+0000,2023-12-01T00:00:00.000+0000,AWS,"Amazon Web Services Canada, Inc.","Amazon Web Services Canada, Inc.",123412340534,0.0,USD,0.0,ap-southeast-2,Integration,AWSQueueService,123412340534,,,,,,,,1.0,Requests,,GZ4K2xxxxxxA2NTU,GZ4K2VVYZYCA2xxx.xxxxxxxxxx.xxx6EN2CT7,4e-7,4e-7,1.0,Requests
2023-11-12T07:00:00.000+0000,2023-11-12T08:00:00.000+0000,Recurring,"First 1,000,000 Amazon SQS Requests per month are free",Usage,2023-11-01T00:00:00.000+0000,2023-12-01T00:00:00.000+0000,AWS,"Amazon Web Services Canada, Inc.","Amazon Web Services Canada, Inc.",123412340534,0.0,USD,0.0,ap-southeast-2,Integration,AWSQueueService,123412340534,,,,,,,,1.0,Requests,,GZ4K2xxxxxxA2NTU,GZ4K2VVYZYCA2xxx.xxxxxxxxxx.xxx6EN2CT7,4e-7,4e-7,1.0,Requests
2023-11-04T23:00:00.000+0000,2023-11-05T00:00:00.000+0000,Recurring,$0.02 per GB - US West (Oregon) data transfer to EU (Germany),Usage,2023-11-01T00:00:00.000+0000,2023-12-01T00:00:00.000+0000,AWS,"Amazon Web Services Canada, Inc.","Amazon Web Services Canada, Inc.",123412340534,5.2e-9,USD,5.2e-9,us-west-2,Storage,AmazonS3,123412340534,,,,,,,,2.552e-7,GB,,HFXZVxxxxxx66CA3,HFXZVSS4PED66xxx.xxxxxxxxxx.xxx6EN2CT7,0.02,5.1040000000000006e-9,2.552e-7,GB
2023-11-11T03:00:00.000+0000,2023-11-11T04:00:00.000+0000,Recurring,$0.02 per GB - US West (Oregon) data transfer to EU (Germany),Usage,2023-11-01T00:00:00.000+0000,2023-12-01T00:00:00.000+0000,AWS,"Amazon Web Services Canada, Inc.","Amazon Web Services Canada, Inc.",123412340534,5.2e-9,USD,5.2e-9,us-west-2,Storage,AmazonS3,123412340534,,,,,,,,2.552e-7,GB,,HFXZVxxxxxx66CA3,HFXZVSS4PED66xxx.xxxxxxxxxx.xxx6EN2CT7,0.02,5.1040000000000006e-9,2.552e-7,GB
2023-11-07T07:00:00.000+0000,2023-11-07T08:00:00.000+0000,Recurring,$0.02 per GB - Canada (Central) data transfer to EU (London),Usage,2023-11-01T00:00:00.000+0000,2023-12-01T00:00:00.000+0000,AWS,"Amazon Web Services Canada, Inc.","Amazon Web Services Canada, Inc.",123412340534,7.8e-9,USD,7.8e-9,ca-central-1,Storage,AmazonS3,123412340534,,,,,,,,3.912e-7,GB,,HJQANxxxxxxJGCXR,HJQANUJZH3UJGxxx.xxxxxxxxxx.xxx6EN2CT7,0.02,7.824000000000001e-9,3.912e-7,GB
2023-11-12T07:00:00.000+0000,2023-11-12T08:00:00.000+0000,Recurring,$0.02 per GB - Canada (Central) data transfer to EU (London),Usage,2023-11-01T00:00:00.000+0000,2023-12-01T00:00:00.000+0000,AWS,"Amazon Web Services Canada, Inc.","Amazon Web Services Canada, Inc.",123412340534,7.8e-9,USD,7.8e-9,ca-central-1,Storage,AmazonS3,123412340534,,,,,,,,3.912e-7,GB,,HJQANxxxxxxJGCXR,HJQANUJZH3UJGxxx.xxxxxxxxxx.xxx6EN2CT7,0.02,7.824000000000001e-9,3.912e-7,GB
2023-11-07T05:00:00.000+0000,2023-11-07T06:00:00.000+0000,Recurring,0.0 per free event recorded in EU (Dublin) region,Usage,2023-11-01T00:00:00.000+0000,2023-12-01T00:00:00.000+0000,AWS,"Amazon Web Services Canada, Inc.","Amazon Web Services Canada, Inc.",123412340534,0.0,USD,0.0,eu-west-1,Management and Governance,AWSCloudTrail,123412340534,,,,,,,,2.0,Events,,HN3F9xxxxxxVA3NK,HN3F9GNMYBHVAxxx.xxxxxxxxxx.xxx6EN2CT7,0.0,0.0,2.0,Events
2023-11-04T23:00:00.000+0000,2023-11-05T00:00:00.000+0000,Recurring,$0.000 per GB - data transfer out under the monthly global free tier,Usage,2023-11-01T00:00:00.000+0000,2023-12-01T00:00:00.000+0000,AWS,"Amazon Web Services Canada, Inc.","Amazon Web Services Canada, Inc.",123412340534,0.0,USD,0.0,us-east-1,Storage,AmazonS3,123412340534,,,,,,,,8.997e-7,GB,,HQEH3xxxxxx6JHRG,HQEH3ZWJVT46Jxxx.xxxxxxxxxx.xxx6EN2CT7,0.09,8.0973e-8,8.997e-7,GB
2023-11-05T04:00:00.000+0000,2023-11-05T05:00:00.000+0000,Recurring,$0.000 per GB - data transfer out under the monthly global free tier,Usage,2023-11-01T00:00:00.000+0000,2023-12-01T00:00:00.000+0000,AWS,"Amazon Web Services Canada, Inc.","Amazon Web Services Canada, Inc.",123412340534,0.0,USD,0.0,us-east-1,,AWSCloudShell,123412340534,,,,,,,,5.7332e-6,GB,,HQEH3xxxxxx6JHRG,HQEH3ZWJVT46Jxxx.xxxxxxxxxx.xxx6EN2CT7,0.09,5.159879999999999e-7,5.7332e-6,GB
2023-11-05T00:00:00.000+0000,2023-11-05T01:00:00.000+0000,Recurring,$0.000 per GB - data transfer out under the monthly global free tier,Usage,2023-11-01T00:00:00.000+0000,2023-12-01T00:00:00.000+0000,AWS,"Amazon Web Services Canada, Inc.","Amazon Web Services Canada, Inc.",123412340534,0.0,USD,0.0,us-east-1,Storage,AmazonS3,123412340534,,,,,,,,2.7055e-6,GB,,HQEH3xxxxxx6JHRG,HQEH3ZWJVT46Jxxx.xxxxxxxxxx.xxx6EN2CT7,0.09,2.43495e-7,2.7055e-6,GB
2023-11-04T23:00:00.000+0000,2023-11-05T00:00:00.000+0000,Recurring,"First 1,000,000 Amazon SQS Requests per month are free",Usage,2023-11-01T00:00:00.000+0000,2023-12-01T00:00:00.000+0000,AWS,"Amazon Web Services Canada, Inc.","Amazon Web Services Canada, Inc.",123412340534,0.0,USD,0.0,eu-west-3,Integration,AWSQueueService,123412340534,,,,,,,,1.0,Requests,,HSP76xxxxxxFQXBC,HSP76GSZN55FQxxx.xxxxxxxxxx.xxx6EN2CT7,4e-7,4e-7,1.0,Requests
2023-11-07T15:00:00.000+0000,2023-11-07T16:00:00.000+0000,Recurring,"First 1,000,000 Amazon SQS Requests per month are free",Usage,2023-11-01T00:00:00.000+0000,2023-12-01T00:00:00.000+0000,AWS,"Amazon Web Services Canada, Inc.","Amazon Web Services Canada, Inc.",123412340534,0.0,USD,0.0,eu-west-3,Integration,AWSQueueService,123412340534,,,,,,,,1.0,Requests,,HSP76xxxxxxFQXBC,HSP76GSZN55FQxxx.xxxxxxxxxx.xxx6EN2CT7,4e-7,4e-7,1.0,Requests
2023-11-12T15:00:00.000+0000,2023-11-12T16:00:00.000+0000,Recurring,"First 1,000,000 Amazon SQS Requests per month are free",Usage,2023-11-01T00:00:00.000+0000,2023-12-01T00:00:00.000+0000,AWS,"Amazon Web Services Canada, Inc.","Amazon Web Services Canada, Inc.",123412340534,0.0,USD,0.0,eu-west-3,Integration,AWSQueueService,123412340534,,,,,,,,1.0,Requests,,HSP76xxxxxxFQXBC,HSP76GSZN55FQxxx.xxxxxxxxxx.xxx6EN2CT7,4e-7,4e-7,1.0,Requests
2023-11-02T01:00:00.000+0000,2023-11-03T00:00:00.000+0000,Recurring,$0.000 per GB - data transfer in per month,Usage,2023-11-01T00:00:00.000+0000,2023-12-01T00:00:00.000+0000,AWS,"Amazon Web Services Canada, Inc.","Amazon Web Services Canada, Inc.",123412340534,0.0,USD,0.0,us-west-2,Storage,AmazonS3,123412340534,,,,,,,,1.8979466816,GB,,HSRFWxxxxxxVZ2EK,HSRFWQ3TJGWVZxxx.xxxxxxxxxx.xxx6EN2CT7,0.0,0.0,1.8979466816,GB
2023-11-03T00:00:00.000+0000,2023-11-04T00:00:00.000+0000,Recurring,$0.000 per GB - data transfer in per month,Usage,2023-11-01T00:00:00.000+0000,2023-12-01T00:00:00.000+0000,AWS,"Amazon Web Services Canada, Inc.","Amazon Web Services Canada, Inc.",123412340534,0.0,USD,0.0,us-west-2,Storage,AmazonS3,123412340534,,,,,,,,1.7961642724,GB,,HSRFWxxxxxxVZ2EK,HSRFWQ3TJGWVZxxx.xxxxxxxxxx.xxx6EN2CT7,0.0,0.0,1.7961642724,GB
2023-11-04T22:00:00.000+0000,2023-11-05T00:00:00.000+0000,Recurring,$0.000 per GB - data transfer in per month,Usage,2023-11-01T00:00:00.000+0000,2023-12-01T00:00:00.000+0000,AWS,"Amazon Web Services Canada, Inc.","Amazon Web Services Canada, Inc.",123412340534,0.0,USD,0.0,us-west-2,,AWSCloudShell,123412340534,,,,,,,,7.9274e-6,GB,,HSRFWxxxxxxVZ2EK,HSRFWQ3TJGWVZxxx.xxxxxxxxxx.xxx6EN2CT7,0.0,0.0,7.9274e-6,GB
2023-11-04T23:00:00.000+0000,2023-11-05T00:00:00.000+0000,Recurring,$0.000 per GB - data transfer in per month,Usage,2023-11-01T00:00:00.000+0000,2023-12-01T00:00:00.000+0000,AWS,"Amazon Web Services Canada, Inc.","Amazon Web Services Canada, Inc.",123412340534,0.0,USD,0.0,us-west-2,Integration,AmazonStates,123412340534,,,,,,,,7.059e-7,GB,,HSRFWxxxxxxVZ2EK,HSRFWQ3TJGWVZxxx.xxxxxxxxxx.xxx6EN2CT7,0.0,0.0,7.059e-7,GB
2023-11-04T00:00:00.000+0000,2023-11-05T00:00:00.000+0000,Recurring,$0.000 per GB - data transfer in per month,Usage,2023-11-01T00:00:00.000+0000,2023-12-01T00:00:00.000+0000,AWS,"Amazon Web Services Canada, Inc.","Amazon Web Services Canada, Inc.",123412340534,0.0,USD,0.0,us-west-2,Storage,AmazonS3,123412340534,,,,,,,,1.8266857536,GB,,HSRFWxxxxxxVZ2EK,HSRFWQ3TJGWVZxxx.xxxxxxxxxx.xxx6EN2CT7,0.0,0.0,1.8266857536,GB
2023-11-05T00:00:00.000+0000,2023-11-05T01:00:00.000+0000,Recurring,$0.000 per GB - data transfer in per month,Usage,2023-11-01T00:00:00.000+0000,2023-12-01T00:00:00.000+0000,AWS,"Amazon Web Services Canada, Inc.","Amazon Web Services Canada, Inc.",123412340534,0.0,USD,0.0,us-west-2,,AWSCloudShell,123412340534,,,,,,,,2.831e-7,GB,,HSRFWxxxxxxVZ2EK,HSRFWQ3TJGWVZxxx.xxxxxxxxxx.xxx6EN2CT7,0.0,0.0,2.831e-7,GB
2023-11-05T00:00:00.000+0000,2023-11-06T00:00:00.000+0000,Recurring,$0.000 per GB - data transfer in per month,Usage,2023-11-01T00:00:00.000+0000,2023-12-01T00:00:00.000+0000,AWS,"Amazon Web Services Canada, Inc.","Amazon Web Services Canada, Inc.",123412340534,0.0,USD,0.0,us-west-2,Storage,AmazonS3,123412340534,,,,,,,,1.4890278336,GB,,HSRFWxxxxxxVZ2EK,HSRFWQ3TJGWVZxxx.xxxxxxxxxx.xxx6EN2CT7,0.0,0.0,1.4890278336,GB
2023-11-06T00:00:00.000+0000,2023-11-07T00:00:00.000+0000,Recurring,$0.000 per GB - data transfer in per month,Usage,2023-11-01T00:00:00.000+0000,2023-12-01T00:00:00.000+0000,AWS,"Amazon Web Services Canada, Inc.","Amazon Web Services Canada, Inc.",123412340534,0.0,USD,0.0,us-west-2,Storage,AmazonS3,123412340534,,,,,,,,2.0877165514,GB,,HSRFWxxxxxxVZ2EK,HSRFWQ3TJGWVZxxx.xxxxxxxxxx.xxx6EN2CT7,0.0,0.0,2.0877165514,GB
2023-11-07T00:00:00.000+0000,2023-11-08T00:00:00.000+0000,Recurring,$0.000 per GB - data transfer in per month,Usage,2023-11-01T00:00:00.000+0000,2023-12-01T00:00:00.000+0000,AWS,"Amazon Web Services Canada, Inc.","Amazon Web Services Canada, Inc.",123412340534,0.0,USD,0.0,us-west-2,Storage,AmazonS3,123412340534,,,,,,,,2.0486199427,GB,,HSRFWxxxxxxVZ2EK,HSRFWQ3TJGWVZxxx.xxxxxxxxxx.xxx6EN2CT7,0.0,0.0,2.0486199427,GB
2023-11-08T00:00:00.000+0000,2023-11-09T00:00:00.000+0000,Recurring,$0.000 per GB - data transfer in per month,Usage,2023-11-01T00:00:00.000+0000,2023-12-01T00:00:00.000+0000,AWS,"Amazon Web Services Canada, Inc.","Amazon Web Services Canada, Inc.",123412340534,0.0,USD,0.0,us-west-2,Storage,AmazonS3,123412340534,,,,,,,,1.879315176,GB,,HSRFWxxxxxxVZ2EK,HSRFWQ3TJGWVZxxx.xxxxxxxxxx.xxx6EN2CT7,0.0,0.0,1.879315176,GB
2023-11-09T00:00:00.000+0000,2023-11-10T00:00:00.000+0000,Recurring,$0.000 per GB - data transfer in per month,Usage,2023-11-01T00:00:00.000+0000,2023-12-01T00:00:00.000+0000,AWS,"Amazon Web Services Canada, Inc.","Amazon Web Services Canada, Inc.",123412340534,0.0,USD,0.0,us-west-2,Storage,AmazonS3,123412340534,,,,,,,,2.0261321208,GB,,HSRFWxxxxxxVZ2EK,HSRFWQ3TJGWVZxxx.xxxxxxxxxx.xxx6EN2CT7,0.0,0.0,2.0261321208,GB
2023-11-10T00:00:00.000+0000,2023-11-11T00:00:00.000+0000,Recurring,$0.000 per GB - data transfer in per month,Usage,2023-11-01T00:00:00.000+0000,2023-12-01T00:00:00.000+0000,AWS,"Amazon Web Services Canada, Inc.","Amazon Web Services Canada, Inc.",123412340534,0.0,USD,0.0,us-west-2,Storage,AmazonS3,123412340534,,,,,,,,1.9885448498,GB,,HSRFWxxxxxxVZ2EK,HSRFWQ3TJGWVZxxx.xxxxxxxxxx.xxx6EN2CT7,0.0,0.0,1.9885448498,GB
2023-11-11T00:00:00.000+0000,2023-11-12T00:00:00.000+0000,Recurring,$0.000 per GB - data transfer in per month,Usage,2023-11-01T00:00:00.000+0000,2023-12-01T00:00:00.000+0000,AWS,"Amazon Web Services Canada, Inc.","Amazon Web Services Canada, Inc.",123412340534,0.0,USD,0.0,us-west-2,Storage,AmazonS3,123412340534,,,,,,,,2.239935074,GB,,HSRFWxxxxxxVZ2EK,HSRFWQ3TJGWVZxxx.xxxxxxxxxx.xxx6EN2CT7,0.0,0.0,2.239935074,GB
2023-11-12T00:00:00.000+0000,2023-11-13T00:00:00.000+0000,Recurring,$0.000 per GB - data transfer in per month,Usage,2023-11-01T00:00:00.000+0000,2023-12-01T00:00:00.000+0000,AWS,"Amazon Web Services Canada, Inc.","Amazon Web Services Canada, Inc.",123412340534,0.0,USD,0.0,us-west-2,Storage,AmazonS3,123412340534,,,,,,,,2.3277697032,GB,,HSRFWxxxxxxVZ2EK,HSRFWQ3TJGWVZxxx.xxxxxxxxxx.xxx6EN2CT7,0.0,0.0,2.3277697032,GB
2023-11-13T00:00:00.000+0000,2023-11-14T00:00:00.000+0000,Recurring,$0.000 per GB - data transfer in per month,Usage,2023-11-01T00:00:00.000+0000,2023-12-01T00:00:00.000+0000,AWS,"Amazon Web Services Canada, Inc.","Amazon Web Services Canada, Inc.",123412340534,0.0,USD,0.0,us-west-2,Storage,AmazonS3,123412340534,,,,,,,,2.2708766134,GB,,HSRFWxxxxxxVZ2EK,HSRFWQ3TJGWVZxxx.xxxxxxxxxx.xxx6EN2CT7,0.0,0.0,2.2708766134,GB
2023-11-14T00:00:00.000+0000,2023-11-14T03:00:00.000+0000,Recurring,$0.000 per GB - data transfer in per month,Usage,2023-11-01T00:00:00.000+0000,2023-12-01T00:00:00.000+0000,AWS,"Amazon Web Services Canada, Inc.","Amazon Web Services Canada, Inc.",123412340534,0.0,USD,0.0,us-west-2,Storage,AmazonS3,123412340534,,,,,,,,0.4001213638,GB,,HSRFWxxxxxxVZ2EK,HSRFWQ3TJGWVZxxx.xxxxxxxxxx.xxx6EN2CT7,0.0,0.0,0.4001213638,GB
2023-11-04T23:00:00.000+0000,2023-11-05T00:00:00.000+0000,Recurring,$0.02 per GB - US East (Northern Virginia) data transfer to EU (London),Usage,2023-11-01T00:00:00.000+0000,2023-12-01T00:00:00.000+0000,AWS,"Amazon Web Services Canada, Inc.","Amazon Web Services Canada, Inc.",123412340534,1.79e-8,USD,1.79e-8,us-east-1,Storage,AmazonS3,123412340534,,,,,,,,8.941e-7,GB,,JNYSBxxxxxx32DFN,JNYSB2CFFU532xxx.xxxxxxxxxx.xxx6EN2CT7,0.02,1.7882e-8,8.941e-7,GB
2023-11-04T23:00:00.000+0000,2023-11-05T00:00:00.000+0000,Recurring,$0.02 per GB - US East (Northern Virginia) data transfer to EU (London),Usage,2023-11-01T00:00:00.000+0000,2023-12-01T00:00:00.000+0000,AWS,"Amazon Web Services Canada, Inc.","Amazon Web Services Canada, Inc.",123412340534,1.3e-9,USD,1.3e-9,us-east-1,Storage,AmazonS3,123412340534,,,,,,,,6.71e-8,GB,,JNYSBxxxxxx32DFN,JNYSB2CFFU532xxx.xxxxxxxxxx.xxx6EN2CT7,0.02,1.342e-9,6.71e-8,GB
2023-11-04T23:00:00.000+0000,2023-11-05T00:00:00.000+0000,Recurring,$0.02 per GB - US East (Northern Virginia) data transfer to EU (London),Usage,2023-11-01T00:00:00.000+0000,2023-12-01T00:00:00.000+0000,AWS,"Amazon Web Services Canada, Inc.","Amazon Web Services Canada, Inc.",123412340534,8.4e-9,USD,8.4e-9,us-east-1,Storage,AmazonS3,123412340534,,,,,,,,4.21e-7,GB,,JNYSBxxxxxx32DFN,JNYSB2CFFU532xxx.xxxxxxxxxx.xxx6EN2CT7,0.02,8.42e-9,4.21e-7,GB
2023-11-04T22:00:00.000+0000,2023-11-04T23:00:00.000+0000,Recurring,$0.02 per GB - US East (Northern Virginia) data transfer to EU (London),Usage,2023-11-01T00:00:00.000+0000,2023-12-01T00:00:00.000+0000,AWS,"Amazon Web Services Canada, Inc.","Amazon Web Services Canada, Inc.",123412340534,1.8e-9,USD,1.8e-9,us-east-1,Storage,AmazonS3,123412340534,,,,,,,,8.85e-8,GB,,JNYSBxxxxxx32DFN,JNYSB2CFFU532xxx.xxxxxxxxxx.xxx6EN2CT7,0.02,1.77e-9,8.85e-8,GB
2023-11-07T07:00:00.000+0000,2023-11-07T08:00:00.000+0000,Recurring,$0.02 per GB - US East (Northern Virginia) data transfer to EU (London),Usage,2023-11-01T00:00:00.000+0000,2023-12-01T00:00:00.000+0000,AWS,"Amazon Web Services Canada, Inc.","Amazon Web Services Canada, Inc.",123412340534,4.61e-8,USD,4.61e-8,us-east-1,Storage,AmazonS3,123412340534,,,,,,,,2.3041e-6,GB,,JNYSBxxxxxx32DFN,JNYSB2CFFU532xxx.xxxxxxxxxx.xxx6EN2CT7,0.02,4.6082e-8,2.3041e-6,GB
2023-11-07T22:00:00.000+0000,2023-11-07T23:00:00.000+0000,Recurring,$0.02 per GB - US East (Northern Virginia) data transfer to EU (London),Usage,2023-11-01T00:00:00.000+0000,2023-12-01T00:00:00.000+0000,AWS,"Amazon Web Services Canada, Inc.","Amazon Web Services Canada, Inc.",123412340534,1.3e-9,USD,1.3e-9,us-east-1,Storage,AmazonS3,123412340534,,,,,,,,6.71e-8,GB,,JNYSBxxxxxx32DFN,JNYSB2CFFU532xxx.xxxxxxxxxx.xxx6EN2CT7,0.02,1.342e-9,6.71e-8,GB
2023-11-07T07:00:00.000+0000,2023-11-07T08:00:00.000+0000,Recurring,$0.02 per GB - US East (Northern Virginia) data transfer to EU (London),Usage,2023-11-01T00:00:00.000+0000,2023-12-01T00:00:00.000+0000,AWS,"Amazon Web Services Canada, Inc.","Amazon Web Services Canada, Inc.",123412340534,1.46e-8,USD,1.46e-8,us-east-1,Storage,AmazonS3,123412340534,,,,,,,,7.32e-7,GB,,JNYSBxxxxxx32DFN,JNYSB2CFFU532xxx.xxxxxxxxxx.xxx6EN2CT7,0.02,1.464e-8,7.32e-7,GB
2023-11-08T04:00:00.000+0000,2023-11-08T05:00:00.000+0000,Recurring,$0.02 per GB - US East (Northern Virginia) data transfer to EU (London),Usage,2023-11-01T00:00:00.000+0000,2023-12-01T00:00:00.000+0000,AWS,"Amazon Web Services Canada, Inc.","Amazon Web Services Canada, Inc.",123412340534,1.8e-9,USD,1.8e-9,us-east-1,Storage,AmazonS3,123412340534,,,,,,,,8.85e-8,GB,,JNYSBxxxxxx32DFN,JNYSB2CFFU532xxx.xxxxxxxxxx.xxx6EN2CT7,0.02,1.77e-9,8.85e-8,GB
2023-11-12T07:00:00.000+0000,2023-11-12T08:00:00.000+0000,Recurring,$0.02 per GB - US East (Northern Virginia) data transfer to EU (London),Usage,2023-11-01T00:00:00.000+0000,2023-12-01T00:00:00.000+0000,AWS,"Amazon Web Services Canada, Inc.","Amazon Web Services Canada, Inc.",123412340534,4.61e-8,USD,4.61e-8,us-east-1,Storage,AmazonS3,123412340534,,,,,,,,2.3042e-6,GB,,JNYSBxxxxxx32DFN,JNYSB2CFFU532xxx.xxxxxxxxxx.xxx6EN2CT7,0.02,4.6084e-8,2.3042e-6,GB
2023-11-12T22:00:00.000+0000,2023-11-12T23:00:00.000+0000,Recurring,$0.02 per GB - US East (Northern Virginia) data transfer to EU (London),Usage,2023-11-01T00:00:00.000+0000,2023-12-01T00:00:00.000+0000,AWS,"Amazon Web Services Canada, Inc.","Amazon Web Services Canada, Inc.",123412340534,1.3e-9,USD,1.3e-9,us-east-1,Storage,AmazonS3,123412340534,,,,,,,,6.71e-8,GB,,JNYSBxxxxxx32DFN,JNYSB2CFFU532xxx.xxxxxxxxxx.xxx6EN2CT7,0.02,1.342e-9,6.71e-8,GB
2023-11-12T07:00:00.000+0000,2023-11-12T08:00:00.000+0000,Recurring,$0.02 per GB - US East (Northern Virginia) data transfer to EU (London),Usage,2023-11-01T00:00:00.000+0000,2023-12-01T00:00:00.000+0000,AWS,"Amazon Web Services Canada, Inc.","Amazon Web Services Canada, Inc.",123412340534,1.46e-8,USD,1.46e-8,us-east-1,Storage,AmazonS3,123412340534,,,,,,,,7.32e-7,GB,,JNYSBxxxxxx32DFN,JNYSB2CFFU532xxx.xxxxxxxxxx.xxx6EN2CT7,0.02,1.464e-8,7.32e-7,GB
2023-11-13T04:00:00.000+0000,2023-11-13T05:00:00.000+0000,Recurring,$0.02 per GB - US East (Northern Virginia) data transfer to EU (London),Usage,2023-11-01T00:00:00.000+0000,2023-12-01T00:00:00.000+0000,AWS,"Amazon Web Services Canada, Inc.","Amazon Web Services Canada, Inc.",123412340534,1.8e-9,USD,1.8e-9,us-east-1,Storage,AmazonS3,123412340534,,,,,,,,8.85e-8,GB,,JNYSBxxxxxx32DFN,JNYSB2CFFU532xxx.xxxxxxxxxx.xxx6EN2CT7,0.02,1.77e-9,8.85e-8,GB
2023-11-05T04:00:00.000+0000,2023-11-05T06:00:00.000+0000,Recurring,$0.00 per GB - regional data transfer - in/out/between EC2 Azs or using elastic IPs or ELB,Usage,2023-11-01T00:00:00.000+0000,2023-12-01T00:00:00.000+0000,AWS,"Amazon Web Services Canada, Inc.","Amazon Web Services Canada, Inc.",123412340534,0.0,USD,0.0,ca-central-1,,AWSCloudShell,123412340534,,,,,,,,0.0014118477,GB,,JV94QxxxxxxFSGGD,JV94QSQHVQEFSxxx.xxxxxxxxxx.xxx6EN2CT7,0.0,0.0,0.0014118477,GB
2023-11-04T23:00:00.000+0000,2023-11-05T00:00:00.000+0000,Recurring,$0.02 per GB - US West (Oregon) data transfer to EU (Ireland),Usage,2023-11-01T00:00:00.000+0000,2023-12-01T00:00:00.000+0000,AWS,"Amazon Web Services Canada, Inc.","Amazon Web Services Canada, Inc.",123412340534,5.2e-9,USD,5.2e-9,us-west-2,Storage,AmazonS3,123412340534,,,,,,,,2.552e-7,GB,,JYNB7xxxxxxJ4U24,JYNB73DBWCEJ4xxx.xxxxxxxxxx.xxx6EN2CT7,0.02,5.1040000000000006e-9,2.552e-7,GB
2023-11-09T20:00:00.000+0000,2023-11-09T21:00:00.000+0000,Recurring,$0.02 per GB - US West (Oregon) data transfer to EU (Ireland),Usage,2023-11-01T00:00:00.000+0000,2023-12-01T00:00:00.000+0000,AWS,"Amazon Web Services Canada, Inc.","Amazon Web Services Canada, Inc.",123412340534,5.2e-9,USD,5.2e-9,us-west-2,Storage,AmazonS3,123412340534,,,,,,,,2.552e-7,GB,,JYNB7xxxxxxJ4U24,JYNB73DBWCEJ4xxx.xxxxxxxxxx.xxx6EN2CT7,0.02,5.1040000000000006e-9,2.552e-7,GB
2023-11-07T05:00:00.000+0000,2023-11-07T07:00:00.000+0000,Recurring,$0.00 per GB - Canada (Central) data transfer from US West (Northern California),Usage,2023-11-01T00:00:00.000+0000,2023-12-01T00:00:00.000+0000,AWS,"Amazon Web Services Canada, Inc.","Amazon Web Services Canada, Inc.",123412340534,0.0,USD,0.0,ca-central-1,Storage,AmazonS3,123412340534,,,,,,,,1.0003e-6,GB,,JZHDWxxxxxxAYFQG,JZHDWHKBHYNAYxxx.xxxxxxxxxx.xxx6EN2CT7,0.0,0.0,1.0003e-6,GB
2023-11-07T05:00:00.000+0000,2023-11-07T06:00:00.000+0000,Recurring,$0.00 per GB - Canada (Central) data transfer from Asia Pacific (Melbourne),Usage,2023-11-01T00:00:00.000+0000,2023-12-01T00:00:00.000+0000,AWS,"Amazon Web Services Canada, Inc.","Amazon Web Services Canada, Inc.",123412340534,0.0,USD,0.0,ca-central-1,Storage,AmazonS3,123412340534,,,,,,,,1.0151e-6,GB,,KAVDCxxxxxxTYURT,KAVDCDAU3TRTYxxx.xxxxxxxxxx.xxx6EN2CT7,0.0,0.0,1.0151e-6,GB
2023-11-04T23:00:00.000+0000,2023-11-05T00:00:00.000+0000,Recurring,$0.02 per GB - US West (Oregon) data transfer to Asia Pacific (Tokyo),Usage,2023-11-01T00:00:00.000+0000,2023-12-01T00:00:00.000+0000,AWS,"Amazon Web Services Canada, Inc.","Amazon Web Services Canada, Inc.",123412340534,5.2e-9,USD,5.2e-9,us-west-2,Storage,AmazonS3,123412340534,,,,,,,,2.552e-7,GB,,KKYH8xxxxxxNVQCC,KKYH8QKF8CSNVxxx.xxxxxxxxxx.xxx6EN2CT7,0.02,5.1040000000000006e-9,2.552e-7,GB
2023-11-07T03:00:00.000+0000,2023-11-07T04:00:00.000+0000,Recurring,$0.02 per GB - US West (Oregon) data transfer to Asia Pacific (Tokyo),Usage,2023-11-01T00:00:00.000+0000,2023-12-01T00:00:00.000+0000,AWS,"Amazon Web Services Canada, Inc.","Amazon Web Services Canada, Inc.",123412340534,5.2e-9,USD,5.2e-9,us-west-2,Storage,AmazonS3,123412340534,,,,,,,,2.552e-7,GB,,KKYH8xxxxxxNVQCC,KKYH8QKF8CSNVxxx.xxxxxxxxxx.xxx6EN2CT7,0.02,5.1040000000000006e-9,2.552e-7,GB
2023-11-12T03:00:00.000+0000,2023-11-12T04:00:00.000+0000,Recurring,$0.02 per GB - US West (Oregon) data transfer to Asia Pacific (Tokyo),Usage,2023-11-01T00:00:00.000+0000,2023-12-01T00:00:00.000+0000,AWS,"Amazon Web Services Canada, Inc.","Amazon Web Services Canada, Inc.",123412340534,5.2e-9,USD,5.2e-9,us-west-2,Storage,AmazonS3,123412340534,,,,,,,,2.552e-7,GB,,KKYH8xxxxxxNVQCC,KKYH8QKF8CSNVxxx.xxxxxxxxxx.xxx6EN2CT7,0.02,5.1040000000000006e-9,2.552e-7,GB
2023-11-07T05:00:00.000+0000,2023-11-07T07:00:00.000+0000,Recurring,$0.00 per GB - Canada (Central) data transfer from Asia Pacific (Tokyo),Usage,2023-11-01T00:00:00.000+0000,2023-12-01T00:00:00.000+0000,AWS,"Amazon Web Services Canada, Inc.","Amazon Web Services Canada, Inc.",123412340534,0.0,USD,0.0,ca-central-1,Storage,AmazonS3,123412340534,,,,,,,,1.0086e-6,GB,,M7KE2xxxxxxZR566,M7KE2CY9F88ZRxxx.xxxxxxxxxx.xxx6EN2CT7,0.0,0.0,1.0086e-6,GB
2023-11-01T17:00:00.000+0000,2023-11-01T18:00:00.000+0000,Recurring,"First 1,000,000 Amazon SNS API Requests per month are free",Usage,2023-11-01T00:00:00.000+0000,2023-12-01T00:00:00.000+0000,AWS,"Amazon Web Services Canada, Inc.","Amazon Web Services Canada, Inc.",123412340534,0.0,USD,0.0,ca-central-1,Integration,AmazonSNS,123412340534,,,,,,,,1.0,Requests,,NAKA9xxxxxxJQZ6S,NAKA9J748CPJQxxx.xxxxxxxxxx.xxxVSFF4TP,5e-7,5e-7,1.0,Requests
2023-11-02T17:00:00.000+0000,2023-11-02T18:00:00.000+0000,Recurring,"First 1,000,000 Amazon SNS API Requests per month are free",Usage,2023-11-01T00:00:00.000+0000,2023-12-01T00:00:00.000+0000,AWS,"Amazon Web Services Canada, Inc.","Amazon Web Services Canada, Inc.",123412340534,0.0,USD,0.0,ca-central-1,Integration,AmazonSNS,123412340534,,,,,,,,1.0,Requests,,NAKA9xxxxxxJQZ6S,NAKA9J748CPJQxxx.xxxxxxxxxx.xxxVSFF4TP,5e-7,5e-7,1.0,Requests
2023-11-03T17:00:00.000+0000,2023-11-03T18:00:00.000+0000,Recurring,"First 1,000,000 Amazon SNS API Requests per month are free",Usage,2023-11-01T00:00:00.000+0000,2023-12-01T00:00:00.000+0000,AWS,"Amazon Web Services Canada, Inc.","Amazon Web Services Canada, Inc.",123412340534,0.0,USD,0.0,ca-central-1,Integration,AmazonSNS,123412340534,,,,,,,,1.0,Requests,,NAKA9xxxxxxJQZ6S,NAKA9J748CPJQxxx.xxxxxxxxxx.xxxVSFF4TP,5e-7,5e-7,1.0,Requests
2023-11-04T17:00:00.000+0000,2023-11-05T00:00:00.000+0000,Recurring,"First 1,000,000 Amazon SNS API Requests per month are free",Usage,2023-11-01T00:00:00.000+0000,2023-12-01T00:00:00.000+0000,AWS,"Amazon Web Services Canada, Inc.","Amazon Web Services Canada, Inc.",123412340534,0.0,USD,0.0,ca-central-1,Integration,AmazonSNS,123412340534,,,,,,,,2.0,Requests,,NAKA9xxxxxxJQZ6S,NAKA9J748CPJQxxx.xxxxxxxxxx.xxxVSFF4TP,5e-7,1e-6,2.0,Requests
2023-11-05T17:00:00.000+0000,2023-11-05T18:00:00.000+0000,Recurring,"First 1,000,000 Amazon SNS API Requests per month are free",Usage,2023-11-01T00:00:00.000+0000,2023-12-01T00:00:00.000+0000,AWS,"Amazon Web Services Canada, Inc.","Amazon Web Services Canada, Inc.",123412340534,0.0,USD,0.0,ca-central-1,Integration,AmazonSNS,123412340534,,,,,,,,1.0,Requests,,NAKA9xxxxxxJQZ6S,NAKA9J748CPJQxxx.xxxxxxxxxx.xxxVSFF4TP,5e-7,5e-7,1.0,Requests
2023-11-06T17:00:00.000+0000,2023-11-06T18:00:00.000+0000,Recurring,"First 1,000,000 Amazon SNS API Requests per month are free",Usage,2023-11-01T00:00:00.000+0000,2023-12-01T00:00:00.000+0000,AWS,"Amazon Web Services Canada, Inc.","Amazon Web Services Canada, Inc.",123412340534,0.0,USD,0.0,ca-central-1,Integration,AmazonSNS,123412340534,,,,,,,,1.0,Requests,,NAKA9xxxxxxJQZ6S,NAKA9J748CPJQxxx.xxxxxxxxxx.xxxVSFF4TP,5e-7,5e-7,1.0,Requests
2023-11-07T17:00:00.000+0000,2023-11-07T18:00:00.000+0000,Recurring,"First 1,000,000 Amazon SNS API Requests per month are free",Usage,2023-11-01T00:00:00.000+0000,2023-12-01T00:00:00.000+0000,AWS,"Amazon Web Services Canada, Inc.","Amazon Web Services Canada, Inc.",123412340534,0.0,USD,0.0,ca-central-1,Integration,AmazonSNS,123412340534,,,,,,,,1.0,Requests,,NAKA9xxxxxxJQZ6S,NAKA9J748CPJQxxx.xxxxxxxxxx.xxxVSFF4TP,5e-7,5e-7,1.0,Requests
2023-11-08T17:00:00.000+0000,2023-11-08T18:00:00.000+0000,Recurring,"First 1,000,000 Amazon SNS API Requests per month are free",Usage,2023-11-01T00:00:00.000+0000,2023-12-01T00:00:00.000+0000,AWS,"Amazon Web Services Canada, Inc.","Amazon Web Services Canada, Inc.",123412340534,0.0,USD,0.0,ca-central-1,Integration,AmazonSNS,123412340534,,,,,,,,1.0,Requests,,NAKA9xxxxxxJQZ6S,NAKA9J748CPJQxxx.xxxxxxxxxx.xxxVSFF4TP,5e-7,5e-7,1.0,Requests
2023-11-09T00:00:00.000+0000,2023-11-09T18:00:00.000+0000,Recurring,"First 1,000,000 Amazon SNS API Requests per month are free",Usage,2023-11-01T00:00:00.000+0000,2023-12-01T00:00:00.000+0000,AWS,"Amazon Web Services Canada, Inc.","Amazon Web Services Canada, Inc.",123412340534,0.0,USD,0.0,ca-central-1,Integration,AmazonSNS,123412340534,,,,,,,,2.0,Requests,,NAKA9xxxxxxJQZ6S,NAKA9J748CPJQxxx.xxxxxxxxxx.xxxVSFF4TP,5e-7,1e-6,2.0,Requests
2023-11-10T17:00:00.000+0000,2023-11-10T18:00:00.000+0000,Recurring,"First 1,000,000 Amazon SNS API Requests per month are free",Usage,2023-11-01T00:00:00.000+0000,2023-12-01T00:00:00.000+0000,AWS,"Amazon Web Services Canada, Inc.","Amazon Web Services Canada, Inc.",123412340534,0.0,USD,0.0,ca-central-1,Integration,AmazonSNS,123412340534,,,,,,,,1.0,Requests,,NAKA9xxxxxxJQZ6S,NAKA9J748CPJQxxx.xxxxxxxxxx.xxxVSFF4TP,5e-7,5e-7,1.0,Requests
2023-11-11T17:00:00.000+0000,2023-11-11T18:00:00.000+0000,Recurring,"First 1,000,000 Amazon SNS API Requests per month are free",Usage,2023-11-01T00:00:00.000+0000,2023-12-01T00:00:00.000+0000,AWS,"Amazon Web Services Canada, Inc.","Amazon Web Services Canada, Inc.",123412340534,0.0,USD,0.0,ca-central-1,Integration,AmazonSNS,123412340534,,,,,,,,1.0,Requests,,NAKA9xxxxxxJQZ6S,NAKA9J748CPJQxxx.xxxxxxxxxx.xxxVSFF4TP,5e-7,5e-7,1.0,Requests
2023-11-12T17:00:00.000+0000,2023-11-12T18:00:00.000+0000,Recurring,"First 1,000,000 Amazon SNS API Requests per month are free",Usage,2023-11-01T00:00:00.000+0000,2023-12-01T00:00:00.000+0000,AWS,"Amazon Web Services Canada, Inc.","Amazon Web Services Canada, Inc.",123412340534,0.0,USD,0.0,ca-central-1,Integration,AmazonSNS,123412340534,,,,,,,,1.0,Requests,,NAKA9xxxxxxJQZ6S,NAKA9J748CPJQxxx.xxxxxxxxxx.xxxVSFF4TP,5e-7,5e-7,1.0,Requests
2023-11-13T18:00:00.000+0000,2023-11-13T19:00:00.000+0000,Recurring,"First 1,000,000 Amazon SNS API Requests per month are free",Usage,2023-11-01T00:00:00.000+0000,2023-12-01T00:00:00.000+0000,AWS,"Amazon Web Services Canada, Inc.","Amazon Web Services Canada, Inc.",123412340534,0.0,USD,0.0,ca-central-1,Integration,AmazonSNS,123412340534,,,,,,,,1.0,Requests,,NAKA9xxxxxxJQZ6S,NAKA9J748CPJQxxx.xxxxxxxxxx.xxxVSFF4TP,5e-7,5e-7,1.0,Requests
2023-11-14T00:00:00.000+0000,2023-11-14T01:00:00.000+0000,Recurring,"First 1,000,000 Amazon SNS API Requests per month are free",Usage,2023-11-01T00:00:00.000+0000,2023-12-01T00:00:00.000+0000,AWS,"Amazon Web Services Canada, Inc.","Amazon Web Services Canada, Inc.",123412340534,0.0,USD,0.0,ca-central-1,Integration,AmazonSNS,123412340534,,,,,,,,1.0,Requests,,NAKA9xxxxxxJQZ6S,NAKA9J748CPJQxxx.xxxxxxxxxx.xxxVSFF4TP,5e-7,5e-7,1.0,Requests
2023-11-01T00:00:00.000+0000,2023-11-02T00:00:00.000+0000,Recurring,$0 for AWS Glue Data Catalog storage under the free tier,Usage,2023-11-01T00:00:00.000+0000,2023-12-01T00:00:00.000+0000,AWS,"Amazon Web Services Canada, Inc.","Amazon Web Services Canada, Inc.",123412340534,0.0,USD,0.0,ca-central-1,Analytics,AWSGlue,123412340534,,,,,,,,0.4333333344,Obj-Month,,NDA4DxxxxxxFPHW7,NDA4DXYR7JSFPxxx.xxxxxxxxxx.xxx6EN2CT7,0.00001,4.333333344e-6,0.4333333344,Obj-Month
2023-11-02T00:00:00.000+0000,2023-11-03T00:00:00.000+0000,Recurring,$0 for AWS Glue Data Catalog storage under the free tier,Usage,2023-11-01T00:00:00.000+0000,2023-12-01T00:00:00.000+0000,AWS,"Amazon Web Services Canada, Inc.","Amazon Web Services Canada, Inc.",123412340534,0.0,USD,0.0,ca-central-1,Analytics,AWSGlue,123412340534,,,,,,,,0.4333333344,Obj-Month,,NDA4DxxxxxxFPHW7,NDA4DXYR7JSFPxxx.xxxxxxxxxx.xxx6EN2CT7,0.00001,4.333333344e-6,0.4333333344,Obj-Month
2023-11-03T00:00:00.000+0000,2023-11-04T00:00:00.000+0000,Recurring,$0 for AWS Glue Data Catalog storage under the free tier,Usage,2023-11-01T00:00:00.000+0000,2023-12-01T00:00:00.000+0000,AWS,"Amazon Web Services Canada, Inc.","Amazon Web Services Canada, Inc.",123412340534,0.0,USD,0.0,ca-central-1,Analytics,AWSGlue,123412340534,,,,,,,,0.4333333344,Obj-Month,,NDA4DxxxxxxFPHW7,NDA4DXYR7JSFPxxx.xxxxxxxxxx.xxx6EN2CT7,0.00001,4.333333344e-6,0.4333333344,Obj-Month
2023-11-04T00:00:00.000+0000,2023-11-05T00:00:00.000+0000,Recurring,$0 for AWS Glue Data Catalog storage under the free tier,Usage,2023-11-01T00:00:00.000+0000,2023-12-01T00:00:00.000+0000,AWS,"Amazon Web Services Canada, Inc.","Amazon Web Services Canada, Inc.",123412340534,0.0,USD,0.0,ca-central-1,Analytics,AWSGlue,123412340534,,,,,,,,0.4333333344,Obj-Month,,NDA4DxxxxxxFPHW7,NDA4DXYR7JSFPxxx.xxxxxxxxxx.xxx6EN2CT7,0.00001,4.333333344e-6,0.4333333344,Obj-Month
2023-11-05T00:00:00.000+0000,2023-11-06T00:00:00.000+0000,Recurring,$0 for AWS Glue Data Catalog storage under the free tier,Usage,2023-11-01T00:00:00.000+0000,2023-12-01T00:00:00.000+0000,AWS,"Amazon Web Services Canada, Inc.","Amazon Web Services Canada, Inc.",123412340534,0.0,USD,0.0,ca-central-1,Analytics,AWSGlue,123412340534,,,,,,,,0.4333333344,Obj-Month,,NDA4DxxxxxxFPHW7,NDA4DXYR7JSFPxxx.xxxxxxxxxx.xxx6EN2CT7,0.00001,4.333333344e-6,0.4333333344,Obj-Month
2023-11-06T00:00:00.000+0000,2023-11-07T00:00:00.000+0000,Recurring,$0 for AWS Glue Data Catalog storage under the free tier,Usage,2023-11-01T00:00:00.000+0000,2023-12-01T00:00:00.000+0000,AWS,"Amazon Web Services Canada, Inc.","Amazon Web Services Canada, Inc.",123412340534,0.0,USD,0.0,ca-central-1,Analytics,AWSGlue,123412340534,,,,,,,,0.4333333344,Obj-Month,,NDA4DxxxxxxFPHW7,NDA4DXYR7JSFPxxx.xxxxxxxxxx.xxx6EN2CT7,0.00001,4.333333344e-6,0.4333333344,Obj-Month
2023-11-07T00:00:00.000+0000,2023-11-08T00:00:00.000+0000,Recurring,$0 for AWS Glue Data Catalog storage under the free tier,Usage,2023-11-01T00:00:00.000+0000,2023-12-01T00:00:00.000+0000,AWS,"Amazon Web Services Canada, Inc.","Amazon Web Services Canada, Inc.",123412340534,0.0,USD,0.0,ca-central-1,Analytics,AWSGlue,123412340534,,,,,,,,0.4333333344,Obj-Month,,NDA4DxxxxxxFPHW7,NDA4DXYR7JSFPxxx.xxxxxxxxxx.xxx6EN2CT7,0.00001,4.333333344e-6,0.4333333344,Obj-Month
2023-11-08T00:00:00.000+0000,2023-11-09T00:00:00.000+0000,Recurring,$0 for AWS Glue Data Catalog storage under the free tier,Usage,2023-11-01T00:00:00.000+0000,2023-12-01T00:00:00.000+0000,AWS,"Amazon Web Services Canada, Inc.","Amazon Web Services Canada, Inc.",123412340534,0.0,USD,0.0,ca-central-1,Analytics,AWSGlue,123412340534,,,,,,,,0.4333333344,Obj-Month,,NDA4DxxxxxxFPHW7,NDA4DXYR7JSFPxxx.xxxxxxxxxx.xxx6EN2CT7,0.00001,4.333333344e-6,0.4333333344,Obj-Month
2023-11-09T00:00:00.000+0000,2023-11-10T00:00:00.000+0000,Recurring,$0 for AWS Glue Data Catalog storage under the free tier,Usage,2023-11-01T00:00:00.000+0000,2023-12-01T00:00:00.000+0000,AWS,"Amazon Web Services Canada, Inc.","Amazon Web Services Canada, Inc.",123412340534,0.0,USD,0.0,ca-central-1,Analytics,AWSGlue,123412340534,,,,,,,,0.4333333344,Obj-Month,,NDA4DxxxxxxFPHW7,NDA4DXYR7JSFPxxx.xxxxxxxxxx.xxx6EN2CT7,0.00001,4.333333344e-6,0.4333333344,Obj-Month
2023-11-10T00:00:00.000+0000,2023-11-11T00:00:00.000+0000,Recurring,$0 for AWS Glue Data Catalog storage under the free tier,Usage,2023-11-01T00:00:00.000+0000,2023-12-01T00:00:00.000+0000,AWS,"Amazon Web Services Canada, Inc.","Amazon Web Services Canada, Inc.",123412340534,0.0,USD,0.0,ca-central-1,Analytics,AWSGlue,123412340534,,,,,,,,0.4333333344,Obj-Month,,NDA4DxxxxxxFPHW7,NDA4DXYR7JSFPxxx.xxxxxxxxxx.xxx6EN2CT7,0.00001,4.333333344e-6,0.4333333344,Obj-Month
2023-11-11T00:00:00.000+0000,2023-11-12T00:00:00.000+0000,Recurring,$0 for AWS Glue Data Catalog storage under the free tier,Usage,2023-11-01T00:00:00.000+0000,2023-12-01T00:00:00.000+0000,AWS,"Amazon Web Services Canada, Inc.","Amazon Web Services Canada, Inc.",123412340534,0.0,USD,0.0,ca-central-1,Analytics,AWSGlue,123412340534,,,,,,,,0.4333333344,Obj-Month,,NDA4DxxxxxxFPHW7,NDA4DXYR7JSFPxxx.xxxxxxxxxx.xxx6EN2CT7,0.00001,4.333333344e-6,0.4333333344,Obj-Month
2023-11-12T00:00:00.000+0000,2023-11-13T00:00:00.000+0000,Recurring,$0 for AWS Glue Data Catalog storage under the free tier,Usage,2023-11-01T00:00:00.000+0000,2023-12-01T00:00:00.000+0000,AWS,"Amazon Web Services Canada, Inc.","Amazon Web Services Canada, Inc.",123412340534,0.0,USD,0.0,ca-central-1,Analytics,AWSGlue,123412340534,,,,,,,,0.4333333344,Obj-Month,,NDA4DxxxxxxFPHW7,NDA4DXYR7JSFPxxx.xxxxxxxxxx.xxx6EN2CT7,0.00001,4.333333344e-6,0.4333333344,Obj-Month
2023-11-13T00:00:00.000+0000,2023-11-14T00:00:00.000+0000,Recurring,$0 for AWS Glue Data Catalog storage under the free tier,Usage,2023-11-01T00:00:00.000+0000,2023-12-01T00:00:00.000+0000,AWS,"Amazon Web Services Canada, Inc.","Amazon Web Services Canada, Inc.",123412340534,0.0,USD,0.0,ca-central-1,Analytics,AWSGlue,123412340534,,,,,,,,0.4333333344,Obj-Month,,NDA4DxxxxxxFPHW7,NDA4DXYR7JSFPxxx.xxxxxxxxxx.xxx6EN2CT7,0.00001,4.333333344e-6,0.4333333344,Obj-Month
2023-11-14T00:00:00.000+0000,2023-11-14T03:00:00.000+0000,Recurring,$0 for AWS Glue Data Catalog storage under the free tier,Usage,2023-11-01T00:00:00.000+0000,2023-12-01T00:00:00.000+0000,AWS,"Amazon Web Services Canada, Inc.","Amazon Web Services Canada, Inc.",123412340534,0.0,USD,0.0,ca-central-1,Analytics,AWSGlue,123412340534,,,,,,,,0.0541666668,Obj-Month,,NDA4DxxxxxxFPHW7,NDA4DXYR7JSFPxxx.xxxxxxxxxx.xxx6EN2CT7,0.00001,5.41666668e-7,0.0541666668,Obj-Month
2023-11-01T00:00:00.000+0000,2023-11-02T00:00:00.000+0000,Recurring,$0 for AWS Glue Data Catalog storage under the free tier,Usage,2023-11-01T00:00:00.000+0000,2023-12-01T00:00:00.000+0000,AWS,"Amazon Web Services Canada, Inc.","Amazon Web Services Canada, Inc.",123412340534,0.0,USD,0.0,us-west-2,Analytics,AWSGlue,123412340534,,,,,,,,0.0666666672,Obj-Month,,NGYFRxxxxxx7G5JT,NGYFRQX8ZA97Gxxx.xxxxxxxxxx.xxx6EN2CT7,0.00001,6.66666672e-7,0.0666666672,Obj-Month
2023-11-02T00:00:00.000+0000,2023-11-03T00:00:00.000+0000,Recurring,$0 for AWS Glue Data Catalog storage under the free tier,Usage,2023-11-01T00:00:00.000+0000,2023-12-01T00:00:00.000+0000,AWS,"Amazon Web Services Canada, Inc.","Amazon Web Services Canada, Inc.",123412340534,0.0,USD,0.0,us-west-2,Analytics,AWSGlue,123412340534,,,,,,,,0.0666666672,Obj-Month,,NGYFRxxxxxx7G5JT,NGYFRQX8ZA97Gxxx.xxxxxxxxxx.xxx6EN2CT7,0.00001,6.66666672e-7,0.0666666672,Obj-Month
2023-11-03T00:00:00.000+0000,2023-11-04T00:00:00.000+0000,Recurring,$0 for AWS Glue Data Catalog storage under the free tier,Usage,2023-11-01T00:00:00.000+0000,2023-12-01T00:00:00.000+0000,AWS,"Amazon Web Services Canada, Inc.","Amazon Web Services Canada, Inc.",123412340534,0.0,USD,0.0,us-west-2,Analytics,AWSGlue,123412340534,,,,,,,,0.0666666672,Obj-Month,,NGYFRxxxxxx7G5JT,NGYFRQX8ZA97Gxxx.xxxxxxxxxx.xxx6EN2CT7,0.00001,6.66666672e-7,0.0666666672,Obj-Month
2023-11-04T00:00:00.000+0000,2023-11-05T00:00:00.000+0000,Recurring,$0 for AWS Glue Data Catalog storage under the free tier,Usage,2023-11-01T00:00:00.000+0000,2023-12-01T00:00:00.000+0000,AWS,"Amazon Web Services Canada, Inc.","Amazon Web Services Canada, Inc.",123412340534,0.0,USD,0.0,us-west-2,Analytics,AWSGlue,123412340534,,,,,,,,0.0666666672,Obj-Month,,NGYFRxxxxxx7G5JT,NGYFRQX8ZA97Gxxx.xxxxxxxxxx.xxx6EN2CT7,0.00001,6.66666672e-7,0.0666666672,Obj-Month
2023-11-05T00:00:00.000+0000,2023-11-06T00:00:00.000+0000,Recurring,$0 for AWS Glue Data Catalog storage under the free tier,Usage,2023-11-01T00:00:00.000+0000,2023-12-01T00:00:00.000+0000,AWS,"Amazon Web Services Canada, Inc.","Amazon Web Services Canada, Inc.",123412340534,0.0,USD,0.0,us-west-2,Analytics,AWSGlue,123412340534,,,,,,,,0.0666666672,Obj-Month,,NGYFRxxxxxx7G5JT,NGYFRQX8ZA97Gxxx.xxxxxxxxxx.xxx6EN2CT7,0.00001,6.66666672e-7,0.0666666672,Obj-Month
2023-11-06T00:00:00.000+0000,2023-11-07T00:00:00.000+0000,Recurring,$0 for AWS Glue Data Catalog storage under the free tier,Usage,2023-11-01T00:00:00.000+0000,2023-12-01T00:00:00.000+0000,AWS,"Amazon Web Services Canada, Inc.","Amazon Web Services Canada, Inc.",123412340534,0.0,USD,0.0,us-west-2,Analytics,AWSGlue,123412340534,,,,,,,,0.0666666672,Obj-Month,,NGYFRxxxxxx7G5JT,NGYFRQX8ZA97Gxxx.xxxxxxxxxx.xxx6EN2CT7,0.00001,6.66666672e-7,0.0666666672,Obj-Month
2023-11-07T00:00:00.000+0000,2023-11-08T00:00:00.000+0000,Recurring,$0 for AWS Glue Data Catalog storage under the free tier,Usage,2023-11-01T00:00:00.000+0000,2023-12-01T00:00:00.000+0000,AWS,"Amazon Web Services Canada, Inc.","Amazon Web Services Canada, Inc.",123412340534,0.0,USD,0.0,us-west-2,Analytics,AWSGlue,123412340534,,,,,,,,0.0666666672,Obj-Month,,NGYFRxxxxxx7G5JT,NGYFRQX8ZA97Gxxx.xxxxxxxxxx.xxx6EN2CT7,0.00001,6.66666672e-7,0.0666666672,Obj-Month
2023-11-08T00:00:00.000+0000,2023-11-09T00:00:00.000+0000,Recurring,$0 for AWS Glue Data Catalog storage under the free tier,Usage,2023-11-01T00:00:00.000+0000,2023-12-01T00:00:00.000+0000,AWS,"Amazon Web Services Canada, Inc.","Amazon Web Services Canada, Inc.",123412340534,0.0,USD,0.0,us-west-2,Analytics,AWSGlue,123412340534,,,,,,,,0.0666666672,Obj-Month,,NGYFRxxxxxx7G5JT,NGYFRQX8ZA97Gxxx.xxxxxxxxxx.xxx6EN2CT7,0.00001,6.66666672e-7,0.0666666672,Obj-Month
2023-11-09T00:00:00.000+0000,2023-11-10T00:00:00.000+0000,Recurring,$0 for AWS Glue Data Catalog storage under the free tier,Usage,2023-11-01T00:00:00.000+0000,2023-12-01T00:00:00.000+0000,AWS,"Amazon Web Services Canada, Inc.","Amazon Web Services Canada, Inc.",123412340534,0.0,USD,0.0,us-west-2,Analytics,AWSGlue,123412340534,,,,,,,,0.0666666672,Obj-Month,,NGYFRxxxxxx7G5JT,NGYFRQX8ZA97Gxxx.xxxxxxxxxx.xxx6EN2CT7,0.00001,6.66666672e-7,0.0666666672,Obj-Month
2023-11-10T00:00:00.000+0000,2023-11-11T00:00:00.000+0000,Recurring,$0 for AWS Glue Data Catalog storage under the free tier,Usage,2023-11-01T00:00:00.000+0000,2023-12-01T00:00:00.000+0000,AWS,"Amazon Web Services Canada, Inc.","Amazon Web Services Canada, Inc.",123412340534,0.0,USD,0.0,us-west-2,Analytics,AWSGlue,123412340534,,,,,,,,0.0666666672,Obj-Month,,NGYFRxxxxxx7G5JT,NGYFRQX8ZA97Gxxx.xxxxxxxxxx.xxx6EN2CT7,0.00001,6.66666672e-7,0.0666666672,Obj-Month
2023-11-11T00:00:00.000+0000,2023-11-12T00:00:00.000+0000,Recurring,$0 for AWS Glue Data Catalog storage under the free tier,Usage,2023-11-01T00:00:00.000+0000,2023-12-01T00:00:00.000+0000,AWS,"Amazon Web Services Canada, Inc.","Amazon Web Services Canada, Inc.",123412340534,0.0,USD,0.0,us-west-2,Analytics,AWSGlue,123412340534,,,,,,,,0.0666666672,Obj-Month,,NGYFRxxxxxx7G5JT,NGYFRQX8ZA97Gxxx.xxxxxxxxxx.xxx6EN2CT7,0.00001,6.66666672e-7,0.0666666672,Obj-Month
2023-11-12T00:00:00.000+0000,2023-11-13T00:00:00.000+0000,Recurring,$0 for AWS Glue Data Catalog storage under the free tier,Usage,2023-11-01T00:00:00.000+0000,2023-12-01T00:00:00.000+0000,AWS,"Amazon Web Services Canada, Inc.","Amazon Web Services Canada, Inc.",123412340534,0.0,USD,0.0,us-west-2,Analytics,AWSGlue,123412340534,,,,,,,,0.0666666672,Obj-Month,,NGYFRxxxxxx7G5JT,NGYFRQX8ZA97Gxxx.xxxxxxxxxx.xxx6EN2CT7,0.00001,6.66666672e-7,0.0666666672,Obj-Month
2023-11-13T00:00:00.000+0000,2023-11-14T00:00:00.000+0000,Recurring,$0 for AWS Glue Data Catalog storage under the free tier,Usage,2023-11-01T00:00:00.000+0000,2023-12-01T00:00:00.000+0000,AWS,"Amazon Web Services Canada, Inc.","Amazon Web Services Canada, Inc.",123412340534,0.0,USD,0.0,us-west-2,Analytics,AWSGlue,123412340534,,,,,,,,0.0666666672,Obj-Month,,NGYFRxxxxxx7G5JT,NGYFRQX8ZA97Gxxx.xxxxxxxxxx.xxx6EN2CT7,0.00001,6.66666672e-7,0.0666666672,Obj-Month
2023-11-14T00:00:00.000+0000,2023-11-14T04:00:00.000+0000,Recurring,$0 for AWS Glue Data Catalog storage under the free tier,Usage,2023-11-01T00:00:00.000+0000,2023-12-01T00:00:00.000+0000,AWS,"Amazon Web Services Canada, Inc.","Amazon Web Services Canada, Inc.",123412340534,0.0,USD,0.0,us-west-2,Analytics,AWSGlue,123412340534,,,,,,,,0.0111111112,Obj-Month,,NGYFRxxxxxx7G5JT,NGYFRQX8ZA97Gxxx.xxxxxxxxxx.xxx6EN2CT7,0.00001,1.1111111200000002e-7,0.0111111112,Obj-Month
2023-11-08T10:00:00.000+0000,2023-11-08T11:00:00.000+0000,Recurring,$0.02 per GB - Canada (Central) data transfer to Asia Pacific (Osaka),Usage,2023-11-01T00:00:00.000+0000,2023-12-01T00:00:00.000+0000,AWS,"Amazon Web Services Canada, Inc.","Amazon Web Services Canada, Inc.",123412340534,7.8e-9,USD,7.8e-9,ca-central-1,Storage,AmazonS3,123412340534,,,,,,,,3.912e-7,GB,,NJNVRxxxxxxS9XQ4,NJNVRH2WM3DS9xxx.xxxxxxxxxx.xxx6EN2CT7,0.02,7.824000000000001e-9,3.912e-7,GB
2023-11-13T10:00:00.000+0000,2023-11-13T11:00:00.000+0000,Recurring,$0.02 per GB - Canada (Central) data transfer to Asia Pacific (Osaka),Usage,2023-11-01T00:00:00.000+0000,2023-12-01T00:00:00.000+0000,AWS,"Amazon Web Services Canada, Inc.","Amazon Web Services Canada, Inc.",123412340534,7.8e-9,USD,7.8e-9,ca-central-1,Storage,AmazonS3,123412340534,,,,,,,,3.912e-7,GB,,NJNVRxxxxxxS9XQ4,NJNVRH2WM3DS9xxx.xxxxxxxxxx.xxx6EN2CT7,0.02,7.824000000000001e-9,3.912e-7,GB
2023-11-04T23:00:00.000+0000,2023-11-05T00:00:00.000+0000,Recurring,$0.02 per GB - US East (Northern Virginia) data transfer to EU (Ireland),Usage,2023-11-01T00:00:00.000+0000,2023-12-01T00:00:00.000+0000,AWS,"Amazon Web Services Canada, Inc.","Amazon Web Services Canada, Inc.",123412340534,1.81e-8,USD,1.81e-8,us-east-1,Storage,AmazonS3,123412340534,,,,,,,,9.052e-7,GB,,NW4B7xxxxxx6HZ7R,NW4B786HNAH6Hxxx.xxxxxxxxxx.xxx6EN2CT7,0.02,1.8104e-8,9.052e-7,GB
2023-11-04T23:00:00.000+0000,2023-11-05T00:00:00.000+0000,Recurring,$0.02 per GB - US East (Northern Virginia) data transfer to EU (Ireland),Usage,2023-11-01T00:00:00.000+0000,2023-12-01T00:00:00.000+0000,AWS,"Amazon Web Services Canada, Inc.","Amazon Web Services Canada, Inc.",123412340534,1.3e-9,USD,1.3e-9,us-east-1,Storage,AmazonS3,123412340534,,,,,,,,6.71e-8,GB,,NW4B7xxxxxx6HZ7R,NW4B786HNAH6Hxxx.xxxxxxxxxx.xxx6EN2CT7,0.02,1.342e-9,6.71e-8,GB
2023-11-04T23:00:00.000+0000,2023-11-05T00:00:00.000+0000,Recurring,$0.02 per GB - US East (Northern Virginia) data transfer to EU (Ireland),Usage,2023-11-01T00:00:00.000+0000,2023-12-01T00:00:00.000+0000,AWS,"Amazon Web Services Canada, Inc.","Amazon Web Services Canada, Inc.",123412340534,9e-9,USD,9e-9,us-east-1,Storage,AmazonS3,123412340534,,,,,,,,4.498e-7,GB,,NW4B7xxxxxx6HZ7R,NW4B786HNAH6Hxxx.xxxxxxxxxx.xxx6EN2CT7,0.02,8.996e-9,4.498e-7,GB
2023-11-04T23:00:00.000+0000,2023-11-05T00:00:00.000+0000,Recurring,$0.02 per GB - US East (Northern Virginia) data transfer to EU (Ireland),Usage,2023-11-01T00:00:00.000+0000,2023-12-01T00:00:00.000+0000,AWS,"Amazon Web Services Canada, Inc.","Amazon Web Services Canada, Inc.",123412340534,1.8e-9,USD,1.8e-9,us-east-1,Storage,AmazonS3,123412340534,,,,,,,,8.85e-8,GB,,NW4B7xxxxxx6HZ7R,NW4B786HNAH6Hxxx.xxxxxxxxxx.xxx6EN2CT7,0.02,1.77e-9,8.85e-8,GB
2023-11-07T06:00:00.000+0000,2023-11-07T07:00:00.000+0000,Recurring,$0.02 per GB - US East (Northern Virginia) data transfer to EU (Ireland),Usage,2023-11-01T00:00:00.000+0000,2023-12-01T00:00:00.000+0000,AWS,"Amazon Web Services Canada, Inc.","Amazon Web Services Canada, Inc.",123412340534,1.8e-9,USD,1.8e-9,us-east-1,Storage,AmazonS3,123412340534,,,,,,,,8.85e-8,GB,,NW4B7xxxxxx6HZ7R,NW4B786HNAH6Hxxx.xxxxxxxxxx.xxx6EN2CT7,0.02,1.77e-9,8.85e-8,GB
2023-11-09T20:00:00.000+0000,2023-11-09T21:00:00.000+0000,Recurring,$0.02 per GB - US East (Northern Virginia) data transfer to EU (Ireland),Usage,2023-11-01T00:00:00.000+0000,2023-12-01T00:00:00.000+0000,AWS,"Amazon Web Services Canada, Inc.","Amazon Web Services Canada, Inc.",123412340534,4.59e-8,USD,4.59e-8,us-east-1,Storage,AmazonS3,123412340534,,,,,,,,2.293e-6,GB,,NW4B7xxxxxx6HZ7R,NW4B786HNAH6Hxxx.xxxxxxxxxx.xxx6EN2CT7,0.02,4.586e-8,2.293e-6,GB
2023-11-09T07:00:00.000+0000,2023-11-09T08:00:00.000+0000,Recurring,$0.02 per GB - US East (Northern Virginia) data transfer to EU (Ireland),Usage,2023-11-01T00:00:00.000+0000,2023-12-01T00:00:00.000+0000,AWS,"Amazon Web Services Canada, Inc.","Amazon Web Services Canada, Inc.",123412340534,1.3e-9,USD,1.3e-9,us-east-1,Storage,AmazonS3,123412340534,,,,,,,,6.71e-8,GB,,NW4B7xxxxxx6HZ7R,NW4B786HNAH6Hxxx.xxxxxxxxxx.xxx6EN2CT7,0.02,1.342e-9,6.71e-8,GB
2023-11-09T20:00:00.000+0000,2023-11-09T21:00:00.000+0000,Recurring,$0.02 per GB - US East (Northern Virginia) data transfer to EU (Ireland),Usage,2023-11-01T00:00:00.000+0000,2023-12-01T00:00:00.000+0000,AWS,"Amazon Web Services Canada, Inc.","Amazon Web Services Canada, Inc.",123412340534,1.52e-8,USD,1.52e-8,us-east-1,Storage,AmazonS3,123412340534,,,,,,,,7.609e-7,GB,,NW4B7xxxxxx6HZ7R,NW4B786HNAH6Hxxx.xxxxxxxxxx.xxx6EN2CT7,0.02,1.5218e-8,7.609e-7,GB
2023-11-12T06:00:00.000+0000,2023-11-12T07:00:00.000+0000,Recurring,$0.02 per GB - US East (Northern Virginia) data transfer to EU (Ireland),Usage,2023-11-01T00:00:00.000+0000,2023-12-01T00:00:00.000+0000,AWS,"Amazon Web Services Canada, Inc.","Amazon Web Services Canada, Inc.",123412340534,1.8e-9,USD,1.8e-9,us-east-1,Storage,AmazonS3,123412340534,,,,,,,,8.85e-8,GB,,NW4B7xxxxxx6HZ7R,NW4B786HNAH6Hxxx.xxxxxxxxxx.xxx6EN2CT7,0.02,1.77e-9,8.85e-8,GB
2023-11-04T23:00:00.000+0000,2023-11-05T00:00:00.000+0000,Recurring,"First 1,000,000 Amazon SNS API Requests per month are free",Usage,2023-11-01T00:00:00.000+0000,2023-12-01T00:00:00.000+0000,AWS,"Amazon Web Services Canada, Inc.","Amazon Web Services Canada, Inc.",123412340534,0.0,USD,0.0,eu-west-2,Integration,AmazonSNS,123412340534,,,,,,,,1.0,Requests,,P727SxxxxxxGG46A,P727SHX3Q2TGGxxx.xxxxxxxxxx.xxxVSFF4TP,5e-7,5e-7,1.0,Requests
2023-11-06T20:00:00.000+0000,2023-11-06T21:00:00.000+0000,Recurring,"First 1,000,000 Amazon SNS API Requests per month are free",Usage,2023-11-01T00:00:00.000+0000,2023-12-01T00:00:00.000+0000,AWS,"Amazon Web Services Canada, Inc.","Amazon Web Services Canada, Inc.",123412340534,0.0,USD,0.0,eu-west-2,Integration,AmazonSNS,123412340534,,,,,,,,1.0,Requests,,P727SxxxxxxGG46A,P727SHX3Q2TGGxxx.xxxxxxxxxx.xxxVSFF4TP,5e-7,5e-7,1.0,Requests
2023-11-11T20:00:00.000+0000,2023-11-11T21:00:00.000+0000,Recurring,"First 1,000,000 Amazon SNS API Requests per month are free",Usage,2023-11-01T00:00:00.000+0000,2023-12-01T00:00:00.000+0000,AWS,"Amazon Web Services Canada, Inc.","Amazon Web Services Canada, Inc.",123412340534,0.0,USD,0.0,eu-west-2,Integration,AmazonSNS,123412340534,,,,,,,,1.0,Requests,,P727SxxxxxxGG46A,P727SHX3Q2TGGxxx.xxxxxxxxxx.xxxVSFF4TP,5e-7,5e-7,1.0,Requests
2023-11-04T23:00:00.000+0000,2023-11-05T00:00:00.000+0000,Recurring,"First 1,000,000 Amazon SQS Requests per month are free",Usage,2023-11-01T00:00:00.000+0000,2023-12-01T00:00:00.000+0000,AWS,"Amazon Web Services Canada, Inc.","Amazon Web Services Canada, Inc.",123412340534,0.0,USD,0.0,sa-east-1,Integration,AWSQueueService,123412340534,,,,,,,,1.0,Requests,,PAHYVxxxxxxB4C9Q,PAHYVTQK8UZB4xxx.xxxxxxxxxx.xxx6EN2CT7,4e-7,4e-7,1.0,Requests
2023-11-05T12:00:00.000+0000,2023-11-05T13:00:00.000+0000,Recurring,"First 1,000,000 Amazon SQS Requests per month are free",Usage,2023-11-01T00:00:00.000+0000,2023-12-01T00:00:00.000+0000,AWS,"Amazon Web Services Canada, Inc.","Amazon Web Services Canada, Inc.",123412340534,0.0,USD,0.0,sa-east-1,Integration,AWSQueueService,123412340534,,,,,,,,1.0,Requests,,PAHYVxxxxxxB4C9Q,PAHYVTQK8UZB4xxx.xxxxxxxxxx.xxx6EN2CT7,4e-7,4e-7,1.0,Requests
2023-11-10T12:00:00.000+0000,2023-11-10T13:00:00.000+0000,Recurring,"First 1,000,000 Amazon SQS Requests per month are free",Usage,2023-11-01T00:00:00.000+0000,2023-12-01T00:00:00.000+0000,AWS,"Amazon Web Services Canada, Inc.","Amazon Web Services Canada, Inc.",123412340534,0.0,USD,0.0,sa-east-1,Integration,AWSQueueService,123412340534,,,,,,,,1.0,Requests,,PAHYVxxxxxxB4C9Q,PAHYVTQK8UZB4xxx.xxxxxxxxxx.xxx6EN2CT7,4e-7,4e-7,1.0,Requests
2023-11-05T04:00:00.000+0000,2023-11-05T05:00:00.000+0000,Recurring,$0.000 per GB - regional data transfer under the monthly global free tier,Usage,2023-11-01T00:00:00.000+0000,2023-12-01T00:00:00.000+0000,AWS,"Amazon Web Services Canada, Inc.","Amazon Web Services Canada, Inc.",123412340534,0.0,USD,0.0,us-east-1,,AWSCloudShell,123412340534,,,,,,,,0.000087685,GB,,PNUBVxxxxxxXA46W,PNUBVW4CPC8XAxxx.xxxxxxxxxx.xxx6EN2CT7,0.01,8.7685e-7,0.000087685,GB
2023-11-04T22:00:00.000+0000,2023-11-04T23:00:00.000+0000,Recurring,$0.02 per GB - US West (Oregon) data transfer to Asia Pacific (Singapore),Usage,2023-11-01T00:00:00.000+0000,2023-12-01T00:00:00.000+0000,AWS,"Amazon Web Services Canada, Inc.","Amazon Web Services Canada, Inc.",123412340534,5.2e-9,USD,5.2e-9,us-west-2,Storage,AmazonS3,123412340534,,,,,,,,2.552e-7,GB,,PQJGBxxxxxxTQH72,PQJGBSU7YWWTQxxx.xxxxxxxxxx.xxx6EN2CT7,0.02,5.1040000000000006e-9,2.552e-7,GB
2023-11-10T00:00:00.000+0000,2023-11-10T01:00:00.000+0000,Recurring,$0.02 per GB - US West (Oregon) data transfer to Asia Pacific (Singapore),Usage,2023-11-01T00:00:00.000+0000,2023-12-01T00:00:00.000+0000,AWS,"Amazon Web Services Canada, Inc.","Amazon Web Services Canada, Inc.",123412340534,5.2e-9,USD,5.2e-9,us-west-2,Storage,AmazonS3,123412340534,,,,,,,,2.552e-7,GB,,PQJGBxxxxxxTQH72,PQJGBSU7YWWTQxxx.xxxxxxxxxx.xxx6EN2CT7,0.02,5.1040000000000006e-9,2.552e-7,GB
2023-11-04T23:00:00.000+0000,2023-11-05T00:00:00.000+0000,Recurring,"First 1,000,000 Amazon SQS Requests per month are free",Usage,2023-11-01T00:00:00.000+0000,2023-12-01T00:00:00.000+0000,AWS,"Amazon Web Services Canada, Inc.","Amazon Web Services Canada, Inc.",123412340534,0.0,USD,0.0,ap-southeast-1,Integration,AWSQueueService,123412340534,,,,,,,,1.0,Requests,,PVF7MxxxxxxV9S5H,PVF7MDBNRK7V9xxx.xxxxxxxxxx.xxx6EN2CT7,4e-7,4e-7,1.0,Requests
2023-11-07T15:00:00.000+0000,2023-11-07T16:00:00.000+0000,Recurring,"First 1,000,000 Amazon SQS Requests per month are free",Usage,2023-11-01T00:00:00.000+0000,2023-12-01T00:00:00.000+0000,AWS,"Amazon Web Services Canada, Inc.","Amazon Web Services Canada, Inc.",123412340534,0.0,USD,0.0,ap-southeast-1,Integration,AWSQueueService,123412340534,,,,,,,,1.0,Requests,,PVF7MxxxxxxV9S5H,PVF7MDBNRK7V9xxx.xxxxxxxxxx.xxx6EN2CT7,4e-7,4e-7,1.0,Requests
2023-11-12T15:00:00.000+0000,2023-11-12T16:00:00.000+0000,Recurring,"First 1,000,000 Amazon SQS Requests per month are free",Usage,2023-11-01T00:00:00.000+0000,2023-12-01T00:00:00.000+0000,AWS,"Amazon Web Services Canada, Inc.","Amazon Web Services Canada, Inc.",123412340534,0.0,USD,0.0,ap-southeast-1,Integration,AWSQueueService,123412340534,,,,,,,,1.0,Requests,,PVF7MxxxxxxV9S5H,PVF7MDBNRK7V9xxx.xxxxxxxxxx.xxx6EN2CT7,4e-7,4e-7,1.0,Requests
2023-11-07T05:00:00.000+0000,2023-11-07T07:00:00.000+0000,Recurring,$0.00 per GB - Canada (Central) data transfer from EU (London),Usage,2023-11-01T00:00:00.000+0000,2023-12-01T00:00:00.000+0000,AWS,"Amazon Web Services Canada, Inc.","Amazon Web Services Canada, Inc.",123412340534,0.0,USD,0.0,ca-central-1,Storage,AmazonS3,123412340534,,,,,,,,1.0068e-6,GB,,PZ3ENxxxxxxNXYJ2,PZ3ENBVWSHMNXxxx.xxxxxxxxxx.xxx6EN2CT7,0.0,0.0,1.0068e-6,GB
2023-11-04T23:00:00.000+0000,2023-11-05T00:00:00.000+0000,Recurring,"First 1,000,000 Amazon SNS API Requests per month are free",Usage,2023-11-01T00:00:00.000+0000,2023-12-01T00:00:00.000+0000,AWS,"Amazon Web Services Canada, Inc.","Amazon Web Services Canada, Inc.",123412340534,0.0,USD,0.0,us-east-1,Integration,AmazonSNS,123412340534,,,,,,,,1.0,Requests,,QDX8GxxxxxxPXXPG,QDX8G2WMY9NPXxxx.xxxxxxxxxx.xxxVSFF4TP,5e-7,5e-7,1.0,Requests
2023-11-10T05:00:00.000+0000,2023-11-10T06:00:00.000+0000,Recurring,"First 1,000,000 Amazon SNS API Requests per month are free",Usage,2023-11-01T00:00:00.000+0000,2023-12-01T00:00:00.000+0000,AWS,"Amazon Web Services Canada, Inc.","Amazon Web Services Canada, Inc.",123412340534,0.0,USD,0.0,us-east-1,Integration,AmazonSNS,123412340534,,,,,,,,1.0,Requests,,QDX8GxxxxxxPXXPG,QDX8G2WMY9NPXxxx.xxxxxxxxxx.xxxVSFF4TP,5e-7,5e-7,1.0,Requests
2023-11-07T05:00:00.000+0000,2023-11-07T07:00:00.000+0000,Recurring,$0.00 per GB - Canada (Central) data transfer from Asia Pacific (Seoul),Usage,2023-11-01T00:00:00.000+0000,2023-12-01T00:00:00.000+0000,AWS,"Amazon Web Services Canada, Inc.","Amazon Web Services Canada, Inc.",123412340534,0.0,USD,0.0,ca-central-1,Storage,AmazonS3,123412340534,,,,,,,,1.0161e-6,GB,,QMDQTxxxxxxAETCA,QMDQTF4PKPZAExxx.xxxxxxxxxx.xxx6EN2CT7,0.0,0.0,1.0161e-6,GB
2023-11-01T00:00:00.000+0000,2023-11-02T00:00:00.000+0000,Recurring,USD $0.30 per GB-Mo for Standard storage (USE2),Usage,2023-11-01T00:00:00.000+0000,2023-12-01T00:00:00.000+0000,AWS,"Amazon Web Services Canada, Inc.","Amazon Web Services Canada, Inc.",123412340534,0.0000720216,USD,0.0000720216,us-east-2,Storage,AmazonEFS,123412340534,,,,,,,,0.000240072,GB-Mo,,R3JWPxxxxxx8WBDE,R3JWPWRUN558Wxxx.xxxxxxxxxx.xxx6EN2CT7,0.3,0.0000720216,0.000240072,GB-Mo
2023-11-02T00:00:00.000+0000,2023-11-03T00:00:00.000+0000,Recurring,USD $0.30 per GB-Mo for Standard storage (USE2),Usage,2023-11-01T00:00:00.000+0000,2023-12-01T00:00:00.000+0000,AWS,"Amazon Web Services Canada, Inc.","Amazon Web Services Canada, Inc.",123412340534,0.0000720216,USD,0.0000720216,us-east-2,Storage,AmazonEFS,123412340534,,,,,,,,0.000240072,GB-Mo,,R3JWPxxxxxx8WBDE,R3JWPWRUN558Wxxx.xxxxxxxxxx.xxx6EN2CT7,0.3,0.0000720216,0.000240072,GB-Mo
2023-11-03T00:00:00.000+0000,2023-11-04T00:00:00.000+0000,Recurring,USD $0.30 per GB-Mo for Standard storage (USE2),Usage,2023-11-01T00:00:00.000+0000,2023-12-01T00:00:00.000+0000,AWS,"Amazon Web Services Canada, Inc.","Amazon Web Services Canada, Inc.",123412340534,0.0000720216,USD,0.0000720216,us-east-2,Storage,AmazonEFS,123412340534,,,,,,,,0.000240072,GB-Mo,,R3JWPxxxxxx8WBDE,R3JWPWRUN558Wxxx.xxxxxxxxxx.xxx6EN2CT7,0.3,0.0000720216,0.000240072,GB-Mo
2023-11-04T00:00:00.000+0000,2023-11-05T00:00:00.000+0000,Recurring,USD $0.30 per GB-Mo for Standard storage (USE2),Usage,2023-11-01T00:00:00.000+0000,2023-12-01T00:00:00.000+0000,AWS,"Amazon Web Services Canada, Inc.","Amazon Web Services Canada, Inc.",123412340534,0.0000720216,USD,0.0000720216,us-east-2,Storage,AmazonEFS,123412340534,,,,,,,,0.000240072,GB-Mo,,R3JWPxxxxxx8WBDE,R3JWPWRUN558Wxxx.xxxxxxxxxx.xxx6EN2CT7,0.3,0.0000720216,0.000240072,GB-Mo
2023-11-05T00:00:00.000+0000,2023-11-06T00:00:00.000+0000,Recurring,USD $0.30 per GB-Mo for Standard storage (USE2),Usage,2023-11-01T00:00:00.000+0000,2023-12-01T00:00:00.000+0000,AWS,"Amazon Web Services Canada, Inc.","Amazon Web Services Canada, Inc.",123412340534,0.0000720216,USD,0.0000720216,us-east-2,Storage,AmazonEFS,123412340534,,,,,,,,0.000240072,GB-Mo,,R3JWPxxxxxx8WBDE,R3JWPWRUN558Wxxx.xxxxxxxxxx.xxx6EN2CT7,0.3,0.0000720216,0.000240072,GB-Mo
2023-11-06T00:00:00.000+0000,2023-11-07T00:00:00.000+0000,Recurring,USD $0.30 per GB-Mo for Standard storage (USE2),Usage,2023-11-01T00:00:00.000+0000,2023-12-01T00:00:00.000+0000,AWS,"Amazon Web Services Canada, Inc.","Amazon Web Services Canada, Inc.",123412340534,0.0000720216,USD,0.0000720216,us-east-2,Storage,AmazonEFS,123412340534,,,,,,,,0.000240072,GB-Mo,,R3JWPxxxxxx8WBDE,R3JWPWRUN558Wxxx.xxxxxxxxxx.xxx6EN2CT7,0.3,0.0000720216,0.000240072,GB-Mo
2023-11-07T00:00:00.000+0000,2023-11-08T00:00:00.000+0000,Recurring,USD $0.30 per GB-Mo for Standard storage (USE2),Usage,2023-11-01T00:00:00.000+0000,2023-12-01T00:00:00.000+0000,AWS,"Amazon Web Services Canada, Inc.","Amazon Web Services Canada, Inc.",123412340534,0.0000720216,USD,0.0000720216,us-east-2,Storage,AmazonEFS,123412340534,,,,,,,,0.000240072,GB-Mo,,R3JWPxxxxxx8WBDE,R3JWPWRUN558Wxxx.xxxxxxxxxx.xxx6EN2CT7,0.3,0.0000720216,0.000240072,GB-Mo
2023-11-08T00:00:00.000+0000,2023-11-09T00:00:00.000+0000,Recurring,USD $0.30 per GB-Mo for Standard storage (USE2),Usage,2023-11-01T00:00:00.000+0000,2023-12-01T00:00:00.000+0000,AWS,"Amazon Web Services Canada, Inc.","Amazon Web Services Canada, Inc.",123412340534,0.0000720216,USD,0.0000720216,us-east-2,Storage,AmazonEFS,123412340534,,,,,,,,0.000240072,GB-Mo,,R3JWPxxxxxx8WBDE,R3JWPWRUN558Wxxx.xxxxxxxxxx.xxx6EN2CT7,0.3,0.0000720216,0.000240072,GB-Mo
2023-11-09T00:00:00.000+0000,2023-11-10T00:00:00.000+0000,Recurring,USD $0.30 per GB-Mo for Standard storage (USE2),Usage,2023-11-01T00:00:00.000+0000,2023-12-01T00:00:00.000+0000,AWS,"Amazon Web Services Canada, Inc.","Amazon Web Services Canada, Inc.",123412340534,0.0000720216,USD,0.0000720216,us-east-2,Storage,AmazonEFS,123412340534,,,,,,,,0.000240072,GB-Mo,,R3JWPxxxxxx8WBDE,R3JWPWRUN558Wxxx.xxxxxxxxxx.xxx6EN2CT7,0.3,0.0000720216,0.000240072,GB-Mo
2023-11-10T00:00:00.000+0000,2023-11-11T00:00:00.000+0000,Recurring,USD $0.30 per GB-Mo for Standard storage (USE2),Usage,2023-11-01T00:00:00.000+0000,2023-12-01T00:00:00.000+0000,AWS,"Amazon Web Services Canada, Inc.","Amazon Web Services Canada, Inc.",123412340534,0.0000720216,USD,0.0000720216,us-east-2,Storage,AmazonEFS,123412340534,,,,,,,,0.000240072,GB-Mo,,R3JWPxxxxxx8WBDE,R3JWPWRUN558Wxxx.xxxxxxxxxx.xxx6EN2CT7,0.3,0.0000720216,0.000240072,GB-Mo
2023-11-11T00:00:00.000+0000,2023-11-12T00:00:00.000+0000,Recurring,USD $0.30 per GB-Mo for Standard storage (USE2),Usage,2023-11-01T00:00:00.000+0000,2023-12-01T00:00:00.000+0000,AWS,"Amazon Web Services Canada, Inc.","Amazon Web Services Canada, Inc.",123412340534,0.0000720216,USD,0.0000720216,us-east-2,Storage,AmazonEFS,123412340534,,,,,,,,0.000240072,GB-Mo,,R3JWPxxxxxx8WBDE,R3JWPWRUN558Wxxx.xxxxxxxxxx.xxx6EN2CT7,0.3,0.0000720216,0.000240072,GB-Mo
2023-11-12T00:00:00.000+0000,2023-11-13T00:00:00.000+0000,Recurring,USD $0.30 per GB-Mo for Standard storage (USE2),Usage,2023-11-01T00:00:00.000+0000,2023-12-01T00:00:00.000+0000,AWS,"Amazon Web Services Canada, Inc.","Amazon Web Services Canada, Inc.",123412340534,0.0000720216,USD,0.0000720216,us-east-2,Storage,AmazonEFS,123412340534,,,,,,,,0.000240072,GB-Mo,,R3JWPxxxxxx8WBDE,R3JWPWRUN558Wxxx.xxxxxxxxxx.xxx6EN2CT7,0.3,0.0000720216,0.000240072,GB-Mo
2023-11-13T00:00:00.000+0000,2023-11-14T00:00:00.000+0000,Recurring,USD $0.30 per GB-Mo for Standard storage (USE2),Usage,2023-11-01T00:00:00.000+0000,2023-12-01T00:00:00.000+0000,AWS,"Amazon Web Services Canada, Inc.","Amazon Web Services Canada, Inc.",123412340534,0.0000720216,USD,0.0000720216,us-east-2,Storage,AmazonEFS,123412340534,,,,,,,,0.000240072,GB-Mo,,R3JWPxxxxxx8WBDE,R3JWPWRUN558Wxxx.xxxxxxxxxx.xxx6EN2CT7,0.3,0.0000720216,0.000240072,GB-Mo
2023-11-14T00:00:00.000+0000,2023-11-14T03:00:00.000+0000,Recurring,USD $0.30 per GB-Mo for Standard storage (USE2),Usage,2023-11-01T00:00:00.000+0000,2023-12-01T00:00:00.000+0000,AWS,"Amazon Web Services Canada, Inc.","Amazon Web Services Canada, Inc.",123412340534,9.0027e-6,USD,9.0027e-6,us-east-2,Storage,AmazonEFS,123412340534,,,,,,,,0.000030009,GB-Mo,,R3JWPxxxxxx8WBDE,R3JWPWRUN558Wxxx.xxxxxxxxxx.xxx6EN2CT7,0.3,9.0027e-6,0.000030009,GB-Mo
2023-11-01T17:00:00.000+0000,2023-11-01T18:00:00.000+0000,Recurring,$0 per 10000 API Requests,Usage,2023-11-01T00:00:00.000+0000,2023-12-01T00:00:00.000+0000,AWS,"Amazon Web Services Canada, Inc.","Amazon Web Services Canada, Inc.",123412340534,0.0,USD,0.0,ca-central-1,Security,AWSSecretsManager,123412340534,,,,,,,,1.0,API Requests,,R4NCWxxxxxxK2GVS,R4NCW9PH3QNK2xxx.xxxxxxxxxx.xxx6EN2CT7,5e-6,5e-6,1.0,API Requests
2023-11-02T17:00:00.000+0000,2023-11-02T18:00:00.000+0000,Recurring,$0 per 10000 API Requests,Usage,2023-11-01T00:00:00.000+0000,2023-12-01T00:00:00.000+0000,AWS,"Amazon Web Services Canada, Inc.","Amazon Web Services Canada, Inc.",123412340534,0.0,USD,0.0,ca-central-1,Security,AWSSecretsManager,123412340534,,,,,,,,1.0,API Requests,,R4NCWxxxxxxK2GVS,R4NCW9PH3QNK2xxx.xxxxxxxxxx.xxx6EN2CT7,5e-6,5e-6,1.0,API Requests
2023-11-03T17:00:00.000+0000,2023-11-03T18:00:00.000+0000,Recurring,$0 per 10000 API Requests,Usage,2023-11-01T00:00:00.000+0000,2023-12-01T00:00:00.000+0000,AWS,"Amazon Web Services Canada, Inc.","Amazon Web Services Canada, Inc.",123412340534,0.0,USD,0.0,ca-central-1,Security,AWSSecretsManager,123412340534,,,,,,,,1.0,API Requests,,R4NCWxxxxxxK2GVS,R4NCW9PH3QNK2xxx.xxxxxxxxxx.xxx6EN2CT7,5e-6,5e-6,1.0,API Requests
2023-11-04T17:00:00.000+0000,2023-11-04T18:00:00.000+0000,Recurring,$0 per 10000 API Requests,Usage,2023-11-01T00:00:00.000+0000,2023-12-01T00:00:00.000+0000,AWS,"Amazon Web Services Canada, Inc.","Amazon Web Services Canada, Inc.",123412340534,0.0,USD,0.0,ca-central-1,Security,AWSSecretsManager,123412340534,,,,,,,,1.0,API Requests,,R4NCWxxxxxxK2GVS,R4NCW9PH3QNK2xxx.xxxxxxxxxx.xxx6EN2CT7,5e-6,5e-6,1.0,API Requests
2023-11-05T17:00:00.000+0000,2023-11-05T18:00:00.000+0000,Recurring,$0 per 10000 API Requests,Usage,2023-11-01T00:00:00.000+0000,2023-12-01T00:00:00.000+0000,AWS,"Amazon Web Services Canada, Inc.","Amazon Web Services Canada, Inc.",123412340534,0.0,USD,0.0,ca-central-1,Security,AWSSecretsManager,123412340534,,,,,,,,1.0,API Requests,,R4NCWxxxxxxK2GVS,R4NCW9PH3QNK2xxx.xxxxxxxxxx.xxx6EN2CT7,5e-6,5e-6,1.0,API Requests
2023-11-06T17:00:00.000+0000,2023-11-06T18:00:00.000+0000,Recurring,$0 per 10000 API Requests,Usage,2023-11-01T00:00:00.000+0000,2023-12-01T00:00:00.000+0000,AWS,"Amazon Web Services Canada, Inc.","Amazon Web Services Canada, Inc.",123412340534,0.0,USD,0.0,ca-central-1,Security,AWSSecretsManager,123412340534,,,,,,,,1.0,API Requests,,R4NCWxxxxxxK2GVS,R4NCW9PH3QNK2xxx.xxxxxxxxxx.xxx6EN2CT7,5e-6,5e-6,1.0,API Requests
2023-11-07T17:00:00.000+0000,2023-11-07T18:00:00.000+0000,Recurring,$0 per 10000 API Requests,Usage,2023-11-01T00:00:00.000+0000,2023-12-01T00:00:00.000+0000,AWS,"Amazon Web Services Canada, Inc.","Amazon Web Services Canada, Inc.",123412340534,0.0,USD,0.0,ca-central-1,Security,AWSSecretsManager,123412340534,,,,,,,,1.0,API Requests,,R4NCWxxxxxxK2GVS,R4NCW9PH3QNK2xxx.xxxxxxxxxx.xxx6EN2CT7,5e-6,5e-6,1.0,API Requests
2023-11-08T17:00:00.000+0000,2023-11-08T18:00:00.000+0000,Recurring,$0 per 10000 API Requests,Usage,2023-11-01T00:00:00.000+0000,2023-12-01T00:00:00.000+0000,AWS,"Amazon Web Services Canada, Inc.","Amazon Web Services Canada, Inc.",123412340534,0.0,USD,0.0,ca-central-1,Security,AWSSecretsManager,123412340534,,,,,,,,1.0,API Requests,,R4NCWxxxxxxK2GVS,R4NCW9PH3QNK2xxx.xxxxxxxxxx.xxx6EN2CT7,5e-6,5e-6,1.0,API Requests
2023-11-09T17:00:00.000+0000,2023-11-09T18:00:00.000+0000,Recurring,$0 per 10000 API Requests,Usage,2023-11-01T00:00:00.000+0000,2023-12-01T00:00:00.000+0000,AWS,"Amazon Web Services Canada, Inc.","Amazon Web Services Canada, Inc.",123412340534,0.0,USD,0.0,ca-central-1,Security,AWSSecretsManager,123412340534,,,,,,,,1.0,API Requests,,R4NCWxxxxxxK2GVS,R4NCW9PH3QNK2xxx.xxxxxxxxxx.xxx6EN2CT7,5e-6,5e-6,1.0,API Requests
2023-11-10T17:00:00.000+0000,2023-11-10T18:00:00.000+0000,Recurring,$0 per 10000 API Requests,Usage,2023-11-01T00:00:00.000+0000,2023-12-01T00:00:00.000+0000,AWS,"Amazon Web Services Canada, Inc.","Amazon Web Services Canada, Inc.",123412340534,0.0,USD,0.0,ca-central-1,Security,AWSSecretsManager,123412340534,,,,,,,,1.0,API Requests,,R4NCWxxxxxxK2GVS,R4NCW9PH3QNK2xxx.xxxxxxxxxx.xxx6EN2CT7,5e-6,5e-6,1.0,API Requests
2023-11-11T17:00:00.000+0000,2023-11-11T18:00:00.000+0000,Recurring,$0 per 10000 API Requests,Usage,2023-11-01T00:00:00.000+0000,2023-12-01T00:00:00.000+0000,AWS,"Amazon Web Services Canada, Inc.","Amazon Web Services Canada, Inc.",123412340534,0.0,USD,0.0,ca-central-1,Security,AWSSecretsManager,123412340534,,,,,,,,1.0,API Requests,,R4NCWxxxxxxK2GVS,R4NCW9PH3QNK2xxx.xxxxxxxxxx.xxx6EN2CT7,5e-6,5e-6,1.0,API Requests
2023-11-12T17:00:00.000+0000,2023-11-12T18:00:00.000+0000,Recurring,$0 per 10000 API Requests,Usage,2023-11-01T00:00:00.000+0000,2023-12-01T00:00:00.000+0000,AWS,"Amazon Web Services Canada, Inc.","Amazon Web Services Canada, Inc.",123412340534,0.0,USD,0.0,ca-central-1,Security,AWSSecretsManager,123412340534,,,,,,,,1.0,API Requests,,R4NCWxxxxxxK2GVS,R4NCW9PH3QNK2xxx.xxxxxxxxxx.xxx6EN2CT7,5e-6,5e-6,1.0,API Requests
2023-11-13T18:00:00.000+0000,2023-11-13T19:00:00.000+0000,Recurring,$0 per 10000 API Requests,Usage,2023-11-01T00:00:00.000+0000,2023-12-01T00:00:00.000+0000,AWS,"Amazon Web Services Canada, Inc.","Amazon Web Services Canada, Inc.",123412340534,0.0,USD,0.0,ca-central-1,Security,AWSSecretsManager,123412340534,,,,,,,,1.0,API Requests,,R4NCWxxxxxxK2GVS,R4NCW9PH3QNK2xxx.xxxxxxxxxx.xxx6EN2CT7,5e-6,5e-6,1.0,API Requests
2023-11-07T05:00:00.000+0000,2023-11-07T07:00:00.000+0000,Recurring,$0.00 per GB - Canada (Central) data transfer from South America (Sao Paulo),Usage,2023-11-01T00:00:00.000+0000,2023-12-01T00:00:00.000+0000,AWS,"Amazon Web Services Canada, Inc.","Amazon Web Services Canada, Inc.",123412340534,0.0,USD,0.0,ca-central-1,Storage,AmazonS3,123412340534,,,,,,,,2.5788e-6,GB,,R72G3xxxxxxH25NY,R72G3UQQ3FCH2xxx.xxxxxxxxxx.xxx6EN2CT7,0.0,0.0,2.5788e-6,GB
2023-11-07T05:00:00.000+0000,2023-11-07T06:00:00.000+0000,Recurring,$0.00 per GB - Canada (Central) data transfer from Asia Pacific (Singapore),Usage,2023-11-01T00:00:00.000+0000,2023-12-01T00:00:00.000+0000,AWS,"Amazon Web Services Canada, Inc.","Amazon Web Services Canada, Inc.",123412340534,0.0,USD,0.0,ca-central-1,Storage,AmazonS3,123412340534,,,,,,,,1.0105e-6,GB,,R7FHZxxxxxxCJFHQ,R7FHZQ77NTPCJxxx.xxxxxxxxxx.xxx6EN2CT7,0.0,0.0,1.0105e-6,GB
2023-11-04T23:00:00.000+0000,2023-11-05T00:00:00.000+0000,Recurring,USD 0.02 per GB for EUN1-AWS-Out-Bytes in EU (Stockholm),Usage,2023-11-01T00:00:00.000+0000,2023-12-01T00:00:00.000+0000,AWS,"Amazon Web Services Canada, Inc.","Amazon Web Services Canada, Inc.",123412340534,1.79e-8,USD,1.79e-8,us-east-1,Storage,AmazonS3,123412340534,,,,,,,,8.941e-7,GB,,RCJZ7xxxxxxVM8R8,RCJZ7PSFBQHVMxxx.xxxxxxxxxx.xxx6EN2CT7,0.02,1.7882e-8,8.941e-7,GB
2023-11-04T23:00:00.000+0000,2023-11-05T00:00:00.000+0000,Recurring,USD 0.02 per GB for EUN1-AWS-Out-Bytes in EU (Stockholm),Usage,2023-11-01T00:00:00.000+0000,2023-12-01T00:00:00.000+0000,AWS,"Amazon Web Services Canada, Inc.","Amazon Web Services Canada, Inc.",123412340534,1.3e-9,USD,1.3e-9,us-east-1,Storage,AmazonS3,123412340534,,,,,,,,6.71e-8,GB,,RCJZ7xxxxxxVM8R8,RCJZ7PSFBQHVMxxx.xxxxxxxxxx.xxx6EN2CT7,0.02,1.342e-9,6.71e-8,GB
2023-11-04T23:00:00.000+0000,2023-11-05T00:00:00.000+0000,Recurring,USD 0.02 per GB for EUN1-AWS-Out-Bytes in EU (Stockholm),Usage,2023-11-01T00:00:00.000+0000,2023-12-01T00:00:00.000+0000,AWS,"Amazon Web Services Canada, Inc.","Amazon Web Services Canada, Inc.",123412340534,8.4e-9,USD,8.4e-9,us-east-1,Storage,AmazonS3,123412340534,,,,,,,,4.21e-7,GB,,RCJZ7xxxxxxVM8R8,RCJZ7PSFBQHVMxxx.xxxxxxxxxx.xxx6EN2CT7,0.02,8.42e-9,4.21e-7,GB
2023-11-04T23:00:00.000+0000,2023-11-05T00:00:00.000+0000,Recurring,USD 0.02 per GB for EUN1-AWS-Out-Bytes in EU (Stockholm),Usage,2023-11-01T00:00:00.000+0000,2023-12-01T00:00:00.000+0000,AWS,"Amazon Web Services Canada, Inc.","Amazon Web Services Canada, Inc.",123412340534,1.8e-9,USD,1.8e-9,us-east-1,Storage,AmazonS3,123412340534,,,,,,,,8.85e-8,GB,,RCJZ7xxxxxxVM8R8,RCJZ7PSFBQHVMxxx.xxxxxxxxxx.xxx6EN2CT7,0.02,1.77e-9,8.85e-8,GB
2023-11-07T01:00:00.000+0000,2023-11-07T02:00:00.000+0000,Recurring,USD 0.02 per GB for EUN1-AWS-Out-Bytes in EU (Stockholm),Usage,2023-11-01T00:00:00.000+0000,2023-12-01T00:00:00.000+0000,AWS,"Amazon Web Services Canada, Inc.","Amazon Web Services Canada, Inc.",123412340534,1.3e-9,USD,1.3e-9,us-east-1,Storage,AmazonS3,123412340534,,,,,,,,6.71e-8,GB,,RCJZ7xxxxxxVM8R8,RCJZ7PSFBQHVMxxx.xxxxxxxxxx.xxx6EN2CT7,0.02,1.342e-9,6.71e-8,GB
2023-11-10T09:00:00.000+0000,2023-11-10T10:00:00.000+0000,Recurring,USD 0.02 per GB for EUN1-AWS-Out-Bytes in EU (Stockholm),Usage,2023-11-01T00:00:00.000+0000,2023-12-01T00:00:00.000+0000,AWS,"Amazon Web Services Canada, Inc.","Amazon Web Services Canada, Inc.",123412340534,1.8e-9,USD,1.8e-9,us-east-1,Storage,AmazonS3,123412340534,,,,,,,,8.85e-8,GB,,RCJZ7xxxxxxVM8R8,RCJZ7PSFBQHVMxxx.xxxxxxxxxx.xxx6EN2CT7,0.02,1.77e-9,8.85e-8,GB
2023-11-11T02:00:00.000+0000,2023-11-11T03:00:00.000+0000,Recurring,USD 0.02 per GB for EUN1-AWS-Out-Bytes in EU (Stockholm),Usage,2023-11-01T00:00:00.000+0000,2023-12-01T00:00:00.000+0000,AWS,"Amazon Web Services Canada, Inc.","Amazon Web Services Canada, Inc.",123412340534,4.57e-8,USD,4.57e-8,us-east-1,Storage,AmazonS3,123412340534,,,,,,,,2.2818e-6,GB,,RCJZ7xxxxxxVM8R8,RCJZ7PSFBQHVMxxx.xxxxxxxxxx.xxx6EN2CT7,0.02,4.5636e-8,2.2818e-6,GB
2023-11-11T02:00:00.000+0000,2023-11-11T03:00:00.000+0000,Recurring,USD 0.02 per GB for EUN1-AWS-Out-Bytes in EU (Stockholm),Usage,2023-11-01T00:00:00.000+0000,2023-12-01T00:00:00.000+0000,AWS,"Amazon Web Services Canada, Inc.","Amazon Web Services Canada, Inc.",123412340534,1.46e-8,USD,1.46e-8,us-east-1,Storage,AmazonS3,123412340534,,,,,,,,7.32e-7,GB,,RCJZ7xxxxxxVM8R8,RCJZ7PSFBQHVMxxx.xxxxxxxxxx.xxx6EN2CT7,0.02,1.464e-8,7.32e-7,GB
2023-11-12T01:00:00.000+0000,2023-11-12T02:00:00.000+0000,Recurring,USD 0.02 per GB for EUN1-AWS-Out-Bytes in EU (Stockholm),Usage,2023-11-01T00:00:00.000+0000,2023-12-01T00:00:00.000+0000,AWS,"Amazon Web Services Canada, Inc.","Amazon Web Services Canada, Inc.",123412340534,1.3e-9,USD,1.3e-9,us-east-1,Storage,AmazonS3,123412340534,,,,,,,,6.71e-8,GB,,RCJZ7xxxxxxVM8R8,RCJZ7PSFBQHVMxxx.xxxxxxxxxx.xxx6EN2CT7,0.02,1.342e-9,6.71e-8,GB
2023-11-07T05:00:00.000+0000,2023-11-07T06:00:00.000+0000,Recurring,0.000001 per data event recorded in US West (Oregon) region,Usage,2023-11-01T00:00:00.000+0000,2023-12-01T00:00:00.000+0000,AWS,"Amazon Web Services Canada, Inc.","Amazon Web Services Canada, Inc.",123412340534,0.000127,USD,0.000127,us-west-2,Management and Governance,AWSCloudTrail,123412340534,,,,,,,,127.0,Events,,RDWGMxxxxxxUVNWF,RDWGMK92MEBUVxxx.xxxxxxxxxx.xxx6EN2CT7,1e-6,0.000127,127.0,Events
2023-11-04T23:00:00.000+0000,2023-11-05T00:00:00.000+0000,Recurring,"First 1,000,000 Amazon SNS API Requests per month are free",Usage,2023-11-01T00:00:00.000+0000,2023-12-01T00:00:00.000+0000,AWS,"Amazon Web Services Canada, Inc.","Amazon Web Services Canada, Inc.",123412340534,0.0,USD,0.0,ap-northeast-1,Integration,AmazonSNS,123412340534,,,,,,,,1.0,Requests,,RFRANxxxxxxT5NFV,RFRANPTXHKXT5xxx.xxxxxxxxxx.xxxVSFF4TP,5e-7,5e-7,1.0,Requests
2023-11-07T19:00:00.000+0000,2023-11-07T20:00:00.000+0000,Recurring,"First 1,000,000 Amazon SNS API Requests per month are free",Usage,2023-11-01T00:00:00.000+0000,2023-12-01T00:00:00.000+0000,AWS,"Amazon Web Services Canada, Inc.","Amazon Web Services Canada, Inc.",123412340534,0.0,USD,0.0,ap-northeast-1,Integration,AmazonSNS,123412340534,,,,,,,,1.0,Requests,,RFRANxxxxxxT5NFV,RFRANPTXHKXT5xxx.xxxxxxxxxx.xxxVSFF4TP,5e-7,5e-7,1.0,Requests
2023-11-12T19:00:00.000+0000,2023-11-12T20:00:00.000+0000,Recurring,"First 1,000,000 Amazon SNS API Requests per month are free",Usage,2023-11-01T00:00:00.000+0000,2023-12-01T00:00:00.000+0000,AWS,"Amazon Web Services Canada, Inc.","Amazon Web Services Canada, Inc.",123412340534,0.0,USD,0.0,ap-northeast-1,Integration,AmazonSNS,123412340534,,,,,,,,1.0,Requests,,RFRANxxxxxxT5NFV,RFRANPTXHKXT5xxx.xxxxxxxxxx.xxxVSFF4TP,5e-7,5e-7,1.0,Requests
2023-11-07T05:00:00.000+0000,2023-11-07T07:00:00.000+0000,Recurring,USD 0.0 per GB for CAN1-AWS-In-Bytes in Africa (Cape Town),Usage,2023-11-01T00:00:00.000+0000,2023-12-01T00:00:00.000+0000,AWS,"Amazon Web Services Canada, Inc.","Amazon Web Services Canada, Inc.",123412340534,0.0,USD,0.0,ca-central-1,Storage,AmazonS3,123412340534,,,,,,,,1.0059e-6,GB,,RGUCCxxxxxxQXM9Q,RGUCCR7YCXBQXxxx.xxxxxxxxxx.xxx6EN2CT7,0.0,0.0,1.0059e-6,GB
2023-11-04T23:00:00.000+0000,2023-11-05T00:00:00.000+0000,Recurring,$0 for AWS Glue Data Catalog requests under the free tier,Usage,2023-11-01T00:00:00.000+0000,2023-12-01T00:00:00.000+0000,AWS,"Amazon Web Services Canada, Inc.","Amazon Web Services Canada, Inc.",123412340534,0.0,USD,0.0,sa-east-1,Analytics,AWSGlue,123412340534,,,,,,,,2.0,Request,,RKKPCxxxxxxUJWGR,RKKPCJ2KF7EUJxxx.xxxxxxxxxx.xxx6EN2CT7,1e-6,2e-6,2.0,Request
2023-11-09T18:00:00.000+0000,2023-11-09T19:00:00.000+0000,Recurring,$0 for AWS Glue Data Catalog requests under the free tier,Usage,2023-11-01T00:00:00.000+0000,2023-12-01T00:00:00.000+0000,AWS,"Amazon Web Services Canada, Inc.","Amazon Web Services Canada, Inc.",123412340534,0.0,USD,0.0,sa-east-1,Analytics,AWSGlue,123412340534,,,,,,,,1.0,Request,,RKKPCxxxxxxUJWGR,RKKPCJ2KF7EUJxxx.xxxxxxxxxx.xxx6EN2CT7,1e-6,1e-6,1.0,Request
2023-11-10T07:00:00.000+0000,2023-11-10T08:00:00.000+0000,Recurring,$0 for AWS Glue Data Catalog requests under the free tier,Usage,2023-11-01T00:00:00.000+0000,2023-12-01T00:00:00.000+0000,AWS,"Amazon Web Services Canada, Inc.","Amazon Web Services Canada, Inc.",123412340534,0.0,USD,0.0,sa-east-1,Analytics,AWSGlue,123412340534,,,,,,,,1.0,Request,,RKKPCxxxxxxUJWGR,RKKPCJ2KF7EUJxxx.xxxxxxxxxx.xxx6EN2CT7,1e-6,1e-6,1.0,Request
2023-11-07T05:00:00.000+0000,2023-11-07T07:00:00.000+0000,Recurring,USD0.0 per GB for  in Asia Pacific (Hong Kong),Usage,2023-11-01T00:00:00.000+0000,2023-12-01T00:00:00.000+0000,AWS,"Amazon Web Services Canada, Inc.","Amazon Web Services Canada, Inc.",123412340534,0.0,USD,0.0,ca-central-1,Storage,AmazonS3,123412340534,,,,,,,,1.0058e-6,GB,,RN344xxxxxx776RW,RN344BT53JQ77xxx.xxxxxxxxxx.xxx6EN2CT7,0.0,0.0,1.0058e-6,GB
2023-11-07T05:00:00.000+0000,2023-11-07T06:00:00.000+0000,Recurring,$0.02 per GB - Canada (Central) data transfer to Asia Pacific (Mumbai),Usage,2023-11-01T00:00:00.000+0000,2023-12-01T00:00:00.000+0000,AWS,"Amazon Web Services Canada, Inc.","Amazon Web Services Canada, Inc.",123412340534,8.9e-9,USD,8.9e-9,ca-central-1,Storage,AmazonS3,123412340534,,,,,,,,4.47e-7,GB,,S77ZHxxxxxxCQT5Q,S77ZHFUT6DRCQxxx.xxxxxxxxxx.xxx6EN2CT7,0.02,8.940000000000001e-9,4.47e-7,GB
2023-11-08T22:00:00.000+0000,2023-11-08T23:00:00.000+0000,Recurring,$0.02 per GB - Canada (Central) data transfer to Asia Pacific (Mumbai),Usage,2023-11-01T00:00:00.000+0000,2023-12-01T00:00:00.000+0000,AWS,"Amazon Web Services Canada, Inc.","Amazon Web Services Canada, Inc.",123412340534,7.8e-9,USD,7.8e-9,ca-central-1,Storage,AmazonS3,123412340534,,,,,,,,3.912e-7,GB,,S77ZHxxxxxxCQT5Q,S77ZHFUT6DRCQxxx.xxxxxxxxxx.xxx6EN2CT7,0.02,7.824000000000001e-9,3.912e-7,GB
2023-11-13T22:00:00.000+0000,2023-11-13T23:00:00.000+0000,Recurring,$0.02 per GB - Canada (Central) data transfer to Asia Pacific (Mumbai),Usage,2023-11-01T00:00:00.000+0000,2023-12-01T00:00:00.000+0000,AWS,"Amazon Web Services Canada, Inc.","Amazon Web Services Canada, Inc.",123412340534,7.8e-9,USD,7.8e-9,ca-central-1,Storage,AmazonS3,123412340534,,,,,,,,3.912e-7,GB,,S77ZHxxxxxxCQT5Q,S77ZHFUT6DRCQxxx.xxxxxxxxxx.xxx6EN2CT7,0.02,7.824000000000001e-9,3.912e-7,GB
2023-11-07T05:00:00.000+0000,2023-11-07T06:00:00.000+0000,Recurring,USD 0.0 per GB for EUN1-AWS-In-Bytes in EU (Stockholm),Usage,2023-11-01T00:00:00.000+0000,2023-12-01T00:00:00.000+0000,AWS,"Amazon Web Services Canada, Inc.","Amazon Web Services Canada, Inc.",123412340534,0.0,USD,0.0,ca-central-1,Storage,AmazonS3,123412340534,,,,,,,,5.085e-6,GB,,S8HRVxxxxxxG3S2E,S8HRV8CQ9HPG3xxx.xxxxxxxxxx.xxx6EN2CT7,0.0,0.0,5.085e-6,GB
2023-11-04T22:00:00.000+0000,2023-11-05T00:00:00.000+0000,Recurring,"First 1,000,000 Amazon SQS Requests per month are free",Usage,2023-11-01T00:00:00.000+0000,2023-12-01T00:00:00.000+0000,AWS,"Amazon Web Services Canada, Inc.","Amazon Web Services Canada, Inc.",123412340534,0.0,USD,0.0,ap-northeast-3,Integration,AWSQueueService,123412340534,,,,,,,,2.0,Requests,,SNCBHxxxxxx5FM7G,SNCBHWU9JQQ5Fxxx.xxxxxxxxxx.xxx6EN2CT7,4e-7,8e-7,2.0,Requests
2023-11-09T14:00:00.000+0000,2023-11-09T15:00:00.000+0000,Recurring,"First 1,000,000 Amazon SQS Requests per month are free",Usage,2023-11-01T00:00:00.000+0000,2023-12-01T00:00:00.000+0000,AWS,"Amazon Web Services Canada, Inc.","Amazon Web Services Canada, Inc.",123412340534,0.0,USD,0.0,ap-northeast-3,Integration,AWSQueueService,123412340534,,,,,,,,1.0,Requests,,SNCBHxxxxxx5FM7G,SNCBHWU9JQQ5Fxxx.xxxxxxxxxx.xxx6EN2CT7,4e-7,4e-7,1.0,Requests
2023-11-07T05:00:00.000+0000,2023-11-07T07:00:00.000+0000,Recurring,$0.00 per GB - Canada (Central) data transfer from Asia Pacific (Hyderabad),Usage,2023-11-01T00:00:00.000+0000,2023-12-01T00:00:00.000+0000,AWS,"Amazon Web Services Canada, Inc.","Amazon Web Services Canada, Inc.",123412340534,0.0,USD,0.0,ca-central-1,Storage,AmazonS3,123412340534,,,,,,,,1.0068e-6,GB,,SPYPJxxxxxx6K7T9,SPYPJDJZJ366Kxxx.xxxxxxxxxx.xxx6EN2CT7,0.0,0.0,1.0068e-6,GB
2023-11-04T23:00:00.000+0000,2023-11-05T00:00:00.000+0000,Recurring,"First 1,000,000 Amazon SQS Requests per month are free",Usage,2023-11-01T00:00:00.000+0000,2023-12-01T00:00:00.000+0000,AWS,"Amazon Web Services Canada, Inc.","Amazon Web Services Canada, Inc.",123412340534,0.0,USD,0.0,eu-west-1,Integration,AWSQueueService,123412340534,,,,,,,,1.0,Requests,,SSZJAxxxxxx544ES,SSZJAF3K6XY54xxx.xxxxxxxxxx.xxx6EN2CT7,4e-7,4e-7,1.0,Requests
2023-11-08T09:00:00.000+0000,2023-11-08T10:00:00.000+0000,Recurring,"First 1,000,000 Amazon SQS Requests per month are free",Usage,2023-11-01T00:00:00.000+0000,2023-12-01T00:00:00.000+0000,AWS,"Amazon Web Services Canada, Inc.","Amazon Web Services Canada, Inc.",123412340534,0.0,USD,0.0,eu-west-1,Integration,AWSQueueService,123412340534,,,,,,,,1.0,Requests,,SSZJAxxxxxx544ES,SSZJAF3K6XY54xxx.xxxxxxxxxx.xxx6EN2CT7,4e-7,4e-7,1.0,Requests
2023-11-13T09:00:00.000+0000,2023-11-13T10:00:00.000+0000,Recurring,"First 1,000,000 Amazon SQS Requests per month are free",Usage,2023-11-01T00:00:00.000+0000,2023-12-01T00:00:00.000+0000,AWS,"Amazon Web Services Canada, Inc.","Amazon Web Services Canada, Inc.",123412340534,0.0,USD,0.0,eu-west-1,Integration,AWSQueueService,123412340534,,,,,,,,1.0,Requests,,SSZJAxxxxxx544ES,SSZJAF3K6XY54xxx.xxxxxxxxxx.xxx6EN2CT7,4e-7,4e-7,1.0,Requests
2023-11-04T23:00:00.000+0000,2023-11-05T00:00:00.000+0000,Recurring,$0.02 per GB - US West (Oregon) data transfer to EU (London),Usage,2023-11-01T00:00:00.000+0000,2023-12-01T00:00:00.000+0000,AWS,"Amazon Web Services Canada, Inc.","Amazon Web Services Canada, Inc.",123412340534,5.2e-9,USD,5.2e-9,us-west-2,Storage,AmazonS3,123412340534,,,,,,,,2.552e-7,GB,,TF7WQxxxxxxMV8T3,TF7WQEG5R5FMVxxx.xxxxxxxxxx.xxx6EN2CT7,0.02,5.1040000000000006e-9,2.552e-7,GB
2023-11-07T07:00:00.000+0000,2023-11-07T08:00:00.000+0000,Recurring,$0.02 per GB - US West (Oregon) data transfer to EU (London),Usage,2023-11-01T00:00:00.000+0000,2023-12-01T00:00:00.000+0000,AWS,"Amazon Web Services Canada, Inc.","Amazon Web Services Canada, Inc.",123412340534,5.2e-9,USD,5.2e-9,us-west-2,Storage,AmazonS3,123412340534,,,,,,,,2.552e-7,GB,,TF7WQxxxxxxMV8T3,TF7WQEG5R5FMVxxx.xxxxxxxxxx.xxx6EN2CT7,0.02,5.1040000000000006e-9,2.552e-7,GB
2023-11-12T07:00:00.000+0000,2023-11-12T08:00:00.000+0000,Recurring,$0.02 per GB - US West (Oregon) data transfer to EU (London),Usage,2023-11-01T00:00:00.000+0000,2023-12-01T00:00:00.000+0000,AWS,"Amazon Web Services Canada, Inc.","Amazon Web Services Canada, Inc.",123412340534,5.2e-9,USD,5.2e-9,us-west-2,Storage,AmazonS3,123412340534,,,,,,,,2.552e-7,GB,,TF7WQxxxxxxMV8T3,TF7WQEG5R5FMVxxx.xxxxxxxxxx.xxx6EN2CT7,0.02,5.1040000000000006e-9,2.552e-7,GB
2023-11-01T00:00:00.000+0000,2023-11-01T01:00:00.000+0000,Recurring,$0.0036 per GB / month of storage used - Amazon Glacier,Usage,2023-11-01T00:00:00.000+0000,2023-12-01T00:00:00.000+0000,AWS,"Amazon Web Services Canada, Inc.","Amazon Web Services Canada, Inc.",123412340534,0.0001329199,USD,0.0001329199,us-west-2,Storage,AmazonS3,123412340534,,,,,,,,0.0369222005,GB-Mo,,TMJKZxxxxxxT79UF,TMJKZ9A4KGRT7xxx.xxxxxxxxxx.xxx6EN2CT7,0.0036,0.0001329199218,0.0369222005,GB-Mo
2023-11-01T00:00:00.000+0000,2023-11-01T01:00:00.000+0000,Recurring,$0.0036 per GB / month of storage used - Amazon Glacier,Usage,2023-11-01T00:00:00.000+0000,2023-12-01T00:00:00.000+0000,AWS,"Amazon Web Services Canada, Inc.","Amazon Web Services Canada, Inc.",123412340534,0.0025269733,USD,0.0025269733,us-west-2,Storage,AmazonS3,123412340534,,,,,,,,0.7019370217,GB-Mo,,TMJKZxxxxxxT79UF,TMJKZ9A4KGRT7xxx.xxxxxxxxxx.xxx6EN2CT7,0.0036,0.00252697327812,0.7019370217,GB-Mo
2023-11-02T00:00:00.000+0000,2023-11-02T01:00:00.000+0000,Recurring,$0.0036 per GB / month of storage used - Amazon Glacier,Usage,2023-11-01T00:00:00.000+0000,2023-12-01T00:00:00.000+0000,AWS,"Amazon Web Services Canada, Inc.","Amazon Web Services Canada, Inc.",123412340534,0.0001314478,USD,0.0001314478,us-west-2,Storage,AmazonS3,123412340534,,,,,,,,0.036513265,GB-Mo,,TMJKZxxxxxxT79UF,TMJKZ9A4KGRT7xxx.xxxxxxxxxx.xxx6EN2CT7,0.0036,0.000131447754,0.036513265,GB-Mo
2023-11-02T00:00:00.000+0000,2023-11-02T01:00:00.000+0000,Recurring,$0.0036 per GB / month of storage used - Amazon Glacier,Usage,2023-11-01T00:00:00.000+0000,2023-12-01T00:00:00.000+0000,AWS,"Amazon Web Services Canada, Inc.","Amazon Web Services Canada, Inc.",123412340534,0.0025012785,USD,0.0025012785,us-west-2,Storage,AmazonS3,123412340534,,,,,,,,0.694799587,GB-Mo,,TMJKZxxxxxxT79UF,TMJKZ9A4KGRT7xxx.xxxxxxxxxx.xxx6EN2CT7,0.0036,0.0025012785132,0.694799587,GB-Mo
2023-11-03T00:00:00.000+0000,2023-11-03T01:00:00.000+0000,Recurring,$0.0036 per GB / month of storage used - Amazon Glacier,Usage,2023-11-01T00:00:00.000+0000,2023-12-01T00:00:00.000+0000,AWS,"Amazon Web Services Canada, Inc.","Amazon Web Services Canada, Inc.",123412340534,0.0001304297,USD,0.0001304297,us-west-2,Storage,AmazonS3,123412340534,,,,,,,,0.0362304688,GB-Mo,,TMJKZxxxxxxT79UF,TMJKZ9A4KGRT7xxx.xxxxxxxxxx.xxx6EN2CT7,0.0036,0.00013042968768,0.0362304688,GB-Mo
2023-11-03T00:00:00.000+0000,2023-11-03T01:00:00.000+0000,Recurring,$0.0036 per GB / month of storage used - Amazon Glacier,Usage,2023-11-01T00:00:00.000+0000,2023-12-01T00:00:00.000+0000,AWS,"Amazon Web Services Canada, Inc.","Amazon Web Services Canada, Inc.",123412340534,0.0024832742,USD,0.0024832742,us-west-2,Storage,AmazonS3,123412340534,,,,,,,,0.689798385,GB-Mo,,TMJKZxxxxxxT79UF,TMJKZ9A4KGRT7xxx.xxxxxxxxxx.xxx6EN2CT7,0.0036,0.002483274186,0.689798385,GB-Mo
2023-11-04T00:00:00.000+0000,2023-11-04T01:00:00.000+0000,Recurring,$0.0036 per GB / month of storage used - Amazon Glacier,Usage,2023-11-01T00:00:00.000+0000,2023-12-01T00:00:00.000+0000,AWS,"Amazon Web Services Canada, Inc.","Amazon Web Services Canada, Inc.",123412340534,0.0001411304,USD,0.0001411304,us-west-2,Storage,AmazonS3,123412340534,,,,,,,,0.0392028809,GB-Mo,,TMJKZxxxxxxT79UF,TMJKZ9A4KGRT7xxx.xxxxxxxxxx.xxx6EN2CT7,0.0036,0.00014113037124,0.0392028809,GB-Mo
2023-11-04T00:00:00.000+0000,2023-11-04T01:00:00.000+0000,Recurring,$0.0036 per GB / month of storage used - Amazon Glacier,Usage,2023-11-01T00:00:00.000+0000,2023-12-01T00:00:00.000+0000,AWS,"Amazon Web Services Canada, Inc.","Amazon Web Services Canada, Inc.",123412340534,0.0026733811,USD,0.0026733811,us-west-2,Storage,AmazonS3,123412340534,,,,,,,,0.742605863,GB-Mo,,TMJKZxxxxxxT79UF,TMJKZ9A4KGRT7xxx.xxxxxxxxxx.xxx6EN2CT7,0.0036,0.0026733811067999997,0.742605863,GB-Mo
2023-11-05T00:00:00.000+0000,2023-11-05T01:00:00.000+0000,Recurring,$0.0036 per GB / month of storage used - Amazon Glacier,Usage,2023-11-01T00:00:00.000+0000,2023-12-01T00:00:00.000+0000,AWS,"Amazon Web Services Canada, Inc.","Amazon Web Services Canada, Inc.",123412340534,0.0001426392,USD,0.0001426392,us-west-2,Storage,AmazonS3,123412340534,,,,,,,,0.0396219889,GB-Mo,,TMJKZxxxxxxT79UF,TMJKZ9A4KGRT7xxx.xxxxxxxxxx.xxx6EN2CT7,0.0036,0.00014263916004,0.0396219889,GB-Mo
2023-11-05T00:00:00.000+0000,2023-11-05T01:00:00.000+0000,Recurring,$0.0036 per GB / month of storage used - Amazon Glacier,Usage,2023-11-01T00:00:00.000+0000,2023-12-01T00:00:00.000+0000,AWS,"Amazon Web Services Canada, Inc.","Amazon Web Services Canada, Inc.",123412340534,0.002706667,USD,0.002706667,us-west-2,Storage,AmazonS3,123412340534,,,,,,,,0.7518519459,GB-Mo,,TMJKZxxxxxxT79UF,TMJKZ9A4KGRT7xxx.xxxxxxxxxx.xxx6EN2CT7,0.0036,0.00270666700524,0.7518519459,GB-Mo
2023-11-06T00:00:00.000+0000,2023-11-06T01:00:00.000+0000,Recurring,$0.0036 per GB / month of storage used - Amazon Glacier,Usage,2023-11-01T00:00:00.000+0000,2023-12-01T00:00:00.000+0000,AWS,"Amazon Web Services Canada, Inc.","Amazon Web Services Canada, Inc.",123412340534,0.0001500146,USD,0.0001500146,us-west-2,Storage,AmazonS3,123412340534,,,,,,,,0.0416707357,GB-Mo,,TMJKZxxxxxxT79UF,TMJKZ9A4KGRT7xxx.xxxxxxxxxx.xxx6EN2CT7,0.0036,0.00015001464852,0.0416707357,GB-Mo
2023-11-06T00:00:00.000+0000,2023-11-06T01:00:00.000+0000,Recurring,$0.0036 per GB / month of storage used - Amazon Glacier,Usage,2023-11-01T00:00:00.000+0000,2023-12-01T00:00:00.000+0000,AWS,"Amazon Web Services Canada, Inc.","Amazon Web Services Canada, Inc.",123412340534,0.0028209417,USD,0.0028209417,us-west-2,Storage,AmazonS3,123412340534,,,,,,,,0.7835949063,GB-Mo,,TMJKZxxxxxxT79UF,TMJKZ9A4KGRT7xxx.xxxxxxxxxx.xxx6EN2CT7,0.0036,0.00282094166268,0.7835949063,GB-Mo
2023-11-07T00:00:00.000+0000,2023-11-07T01:00:00.000+0000,Recurring,$0.0036 per GB / month of storage used - Amazon Glacier,Usage,2023-11-01T00:00:00.000+0000,2023-12-01T00:00:00.000+0000,AWS,"Amazon Web Services Canada, Inc.","Amazon Web Services Canada, Inc.",123412340534,0.0001443347,USD,0.0001443347,us-west-2,Storage,AmazonS3,123412340534,,,,,,,,0.0400929769,GB-Mo,,TMJKZxxxxxxT79UF,TMJKZ9A4KGRT7xxx.xxxxxxxxxx.xxx6EN2CT7,0.0036,0.00014433471684,0.0400929769,GB-Mo
2023-11-07T00:00:00.000+0000,2023-11-07T01:00:00.000+0000,Recurring,$0.0036 per GB / month of storage used - Amazon Glacier,Usage,2023-11-01T00:00:00.000+0000,2023-12-01T00:00:00.000+0000,AWS,"Amazon Web Services Canada, Inc.","Amazon Web Services Canada, Inc.",123412340534,0.0027092522,USD,0.0027092522,us-west-2,Storage,AmazonS3,123412340534,,,,,,,,0.7525700491,GB-Mo,,TMJKZxxxxxxT79UF,TMJKZ9A4KGRT7xxx.xxxxxxxxxx.xxx6EN2CT7,0.0036,0.00270925217676,0.7525700491,GB-Mo
2023-11-08T00:00:00.000+0000,2023-11-08T01:00:00.000+0000,Recurring,$0.0036 per GB / month of storage used - Amazon Glacier,Usage,2023-11-01T00:00:00.000+0000,2023-12-01T00:00:00.000+0000,AWS,"Amazon Web Services Canada, Inc.","Amazon Web Services Canada, Inc.",123412340534,0.0001472571,USD,0.0001472571,us-west-2,Storage,AmazonS3,123412340534,,,,,,,,0.0409047445,GB-Mo,,TMJKZxxxxxxT79UF,TMJKZ9A4KGRT7xxx.xxxxxxxxxx.xxx6EN2CT7,0.0036,0.0001472570802,0.0409047445,GB-Mo
2023-11-08T00:00:00.000+0000,2023-11-08T01:00:00.000+0000,Recurring,$0.0036 per GB / month of storage used - Amazon Glacier,Usage,2023-11-01T00:00:00.000+0000,2023-12-01T00:00:00.000+0000,AWS,"Amazon Web Services Canada, Inc.","Amazon Web Services Canada, Inc.",123412340534,0.0027609644,USD,0.0027609644,us-west-2,Storage,AmazonS3,123412340534,,,,,,,,0.7669345677,GB-Mo,,TMJKZxxxxxxT79UF,TMJKZ9A4KGRT7xxx.xxxxxxxxxx.xxx6EN2CT7,0.0036,0.00276096444372,0.7669345677,GB-Mo
2023-11-09T00:00:00.000+0000,2023-11-09T01:00:00.000+0000,Recurring,$0.0036 per GB / month of storage used - Amazon Glacier,Usage,2023-11-01T00:00:00.000+0000,2023-12-01T00:00:00.000+0000,AWS,"Amazon Web Services Canada, Inc.","Amazon Web Services Canada, Inc.",123412340534,0.0001592358,USD,0.0001592358,us-west-2,Storage,AmazonS3,123412340534,,,,,,,,0.0442321777,GB-Mo,,TMJKZxxxxxxT79UF,TMJKZ9A4KGRT7xxx.xxxxxxxxxx.xxx6EN2CT7,0.0036,0.00015923583972,0.0442321777,GB-Mo
2023-11-09T00:00:00.000+0000,2023-11-09T01:00:00.000+0000,Recurring,$0.0036 per GB / month of storage used - Amazon Glacier,Usage,2023-11-01T00:00:00.000+0000,2023-12-01T00:00:00.000+0000,AWS,"Amazon Web Services Canada, Inc.","Amazon Web Services Canada, Inc.",123412340534,0.0029729825,USD,0.0029729825,us-west-2,Storage,AmazonS3,123412340534,,,,,,,,0.8258284816,GB-Mo,,TMJKZxxxxxxT79UF,TMJKZ9A4KGRT7xxx.xxxxxxxxxx.xxx6EN2CT7,0.0036,0.00297298253376,0.8258284816,GB-Mo
2023-11-10T00:00:00.000+0000,2023-11-10T01:00:00.000+0000,Recurring,$0.0036 per GB / month of storage used - Amazon Glacier,Usage,2023-11-01T00:00:00.000+0000,2023-12-01T00:00:00.000+0000,AWS,"Amazon Web Services Canada, Inc.","Amazon Web Services Canada, Inc.",123412340534,0.0001709216,USD,0.0001709216,us-west-2,Storage,AmazonS3,123412340534,,,,,,,,0.0474782308,GB-Mo,,TMJKZxxxxxxT79UF,TMJKZ9A4KGRT7xxx.xxxxxxxxxx.xxx6EN2CT7,0.0036,0.00017092163088,0.0474782308,GB-Mo
2023-11-10T00:00:00.000+0000,2023-11-10T01:00:00.000+0000,Recurring,$0.0036 per GB / month of storage used - Amazon Glacier,Usage,2023-11-01T00:00:00.000+0000,2023-12-01T00:00:00.000+0000,AWS,"Amazon Web Services Canada, Inc.","Amazon Web Services Canada, Inc.",123412340534,0.003186068,USD,0.003186068,us-west-2,Storage,AmazonS3,123412340534,,,,,,,,0.885018899,GB-Mo,,TMJKZxxxxxxT79UF,TMJKZ9A4KGRT7xxx.xxxxxxxxxx.xxx6EN2CT7,0.0036,0.0031860680364,0.885018899,GB-Mo
2023-11-11T00:00:00.000+0000,2023-11-11T01:00:00.000+0000,Recurring,$0.0036 per GB / month of storage used - Amazon Glacier,Usage,2023-11-01T00:00:00.000+0000,2023-12-01T00:00:00.000+0000,AWS,"Amazon Web Services Canada, Inc.","Amazon Web Services Canada, Inc.",123412340534,0.0001770227,USD,0.0001770227,us-west-2,Storage,AmazonS3,123412340534,,,,,,,,0.0491729736,GB-Mo,,TMJKZxxxxxxT79UF,TMJKZ9A4KGRT7xxx.xxxxxxxxxx.xxx6EN2CT7,0.0036,0.00017702270496,0.0491729736,GB-Mo
2023-11-11T00:00:00.000+0000,2023-11-11T01:00:00.000+0000,Recurring,$0.0036 per GB / month of storage used - Amazon Glacier,Usage,2023-11-01T00:00:00.000+0000,2023-12-01T00:00:00.000+0000,AWS,"Amazon Web Services Canada, Inc.","Amazon Web Services Canada, Inc.",123412340534,0.003298558,USD,0.003298558,us-west-2,Storage,AmazonS3,123412340534,,,,,,,,0.9162661169,GB-Mo,,TMJKZxxxxxxT79UF,TMJKZ9A4KGRT7xxx.xxxxxxxxxx.xxx6EN2CT7,0.0036,0.00329855802084,0.9162661169,GB-Mo
2023-11-12T00:00:00.000+0000,2023-11-12T01:00:00.000+0000,Recurring,$0.0036 per GB / month of storage used - Amazon Glacier,Usage,2023-11-01T00:00:00.000+0000,2023-12-01T00:00:00.000+0000,AWS,"Amazon Web Services Canada, Inc.","Amazon Web Services Canada, Inc.",123412340534,0.0001783704,USD,0.0001783704,us-west-2,Storage,AmazonS3,123412340534,,,,,,,,0.0495473226,GB-Mo,,TMJKZxxxxxxT79UF,TMJKZ9A4KGRT7xxx.xxxxxxxxxx.xxx6EN2CT7,0.0036,0.00017837036136,0.0495473226,GB-Mo
2023-11-12T00:00:00.000+0000,2023-11-12T01:00:00.000+0000,Recurring,$0.0036 per GB / month of storage used - Amazon Glacier,Usage,2023-11-01T00:00:00.000+0000,2023-12-01T00:00:00.000+0000,AWS,"Amazon Web Services Canada, Inc.","Amazon Web Services Canada, Inc.",123412340534,0.003314403,USD,0.003314403,us-west-2,Storage,AmazonS3,123412340534,,,,,,,,0.9206675018,GB-Mo,,TMJKZxxxxxxT79UF,TMJKZ9A4KGRT7xxx.xxxxxxxxxx.xxx6EN2CT7,0.0036,0.0033144030064799998,0.9206675018,GB-Mo
2023-11-13T00:00:00.000+0000,2023-11-13T01:00:00.000+0000,Recurring,$0.0036 per GB / month of storage used - Amazon Glacier,Usage,2023-11-01T00:00:00.000+0000,2023-12-01T00:00:00.000+0000,AWS,"Amazon Web Services Canada, Inc.","Amazon Web Services Canada, Inc.",123412340534,0.000182406,USD,0.000182406,us-west-2,Storage,AmazonS3,123412340534,,,,,,,,0.050668335,GB-Mo,,TMJKZxxxxxxT79UF,TMJKZ9A4KGRT7xxx.xxxxxxxxxx.xxx6EN2CT7,0.0036,0.000182406006,0.050668335,GB-Mo
2023-11-13T00:00:00.000+0000,2023-11-13T01:00:00.000+0000,Recurring,$0.0036 per GB / month of storage used - Amazon Glacier,Usage,2023-11-01T00:00:00.000+0000,2023-12-01T00:00:00.000+0000,AWS,"Amazon Web Services Canada, Inc.","Amazon Web Services Canada, Inc.",123412340534,0.003350896,USD,0.003350896,us-west-2,Storage,AmazonS3,123412340534,,,,,,,,0.9308044534,GB-Mo,,TMJKZxxxxxxT79UF,TMJKZ9A4KGRT7xxx.xxxxxxxxxx.xxx6EN2CT7,0.0036,0.0033508960322399996,0.9308044534,GB-Mo
2023-11-04T23:00:00.000+0000,2023-11-05T00:00:00.000+0000,Recurring,$0 for AWS Glue Data Catalog requests under the free tier,Usage,2023-11-01T00:00:00.000+0000,2023-12-01T00:00:00.000+0000,AWS,"Amazon Web Services Canada, Inc.","Amazon Web Services Canada, Inc.",123412340534,0.0,USD,0.0,eu-west-2,Analytics,AWSGlue,123412340534,,,,,,,,2.0,Request,,TMMJGxxxxxx6THDH,TMMJGWDNSK36Txxx.xxxxxxxxxx.xxx6EN2CT7,1e-6,2e-6,2.0,Request
2023-11-06T17:00:00.000+0000,2023-11-06T18:00:00.000+0000,Recurring,$0 for AWS Glue Data Catalog requests under the free tier,Usage,2023-11-01T00:00:00.000+0000,2023-12-01T00:00:00.000+0000,AWS,"Amazon Web Services Canada, Inc.","Amazon Web Services Canada, Inc.",123412340534,0.0,USD,0.0,eu-west-2,Analytics,AWSGlue,123412340534,,,,,,,,1.0,Request,,TMMJGxxxxxx6THDH,TMMJGWDNSK36Txxx.xxxxxxxxxx.xxx6EN2CT7,1e-6,1e-6,1.0,Request
2023-11-08T00:00:00.000+0000,2023-11-08T01:00:00.000+0000,Recurring,$0 for AWS Glue Data Catalog requests under the free tier,Usage,2023-11-01T00:00:00.000+0000,2023-12-01T00:00:00.000+0000,AWS,"Amazon Web Services Canada, Inc.","Amazon Web Services Canada, Inc.",123412340534,0.0,USD,0.0,eu-west-2,Analytics,AWSGlue,123412340534,,,,,,,,1.0,Request,,TMMJGxxxxxx6THDH,TMMJGWDNSK36Txxx.xxxxxxxxxx.xxx6EN2CT7,1e-6,1e-6,1.0,Request
2023-11-11T17:00:00.000+0000,2023-11-11T18:00:00.000+0000,Recurring,$0 for AWS Glue Data Catalog requests under the free tier,Usage,2023-11-01T00:00:00.000+0000,2023-12-01T00:00:00.000+0000,AWS,"Amazon Web Services Canada, Inc.","Amazon Web Services Canada, Inc.",123412340534,0.0,USD,0.0,eu-west-2,Analytics,AWSGlue,123412340534,,,,,,,,1.0,Request,,TMMJGxxxxxx6THDH,TMMJGWDNSK36Txxx.xxxxxxxxxx.xxx6EN2CT7,1e-6,1e-6,1.0,Request
2023-11-13T00:00:00.000+0000,2023-11-13T01:00:00.000+0000,Recurring,$0 for AWS Glue Data Catalog requests under the free tier,Usage,2023-11-01T00:00:00.000+0000,2023-12-01T00:00:00.000+0000,AWS,"Amazon Web Services Canada, Inc.","Amazon Web Services Canada, Inc.",123412340534,0.0,USD,0.0,eu-west-2,Analytics,AWSGlue,123412340534,,,,,,,,1.0,Request,,TMMJGxxxxxx6THDH,TMMJGWDNSK36Txxx.xxxxxxxxxx.xxx6EN2CT7,1e-6,1e-6,1.0,Request
2023-11-07T05:00:00.000+0000,2023-11-07T06:00:00.000+0000,Recurring,0.0 per free event recorded in South America(Sao Paulo) region,Usage,2023-11-01T00:00:00.000+0000,2023-12-01T00:00:00.000+0000,AWS,"Amazon Web Services Canada, Inc.","Amazon Web Services Canada, Inc.",123412340534,0.0,USD,0.0,sa-east-1,Management and Governance,AWSCloudTrail,123412340534,,,,,,,,2.0,Events,,TUZUQxxxxxx86QYU,TUZUQSEYYPC86xxx.xxxxxxxxxx.xxx6EN2CT7,0.0,0.0,2.0,Events
2023-11-07T05:00:00.000+0000,2023-11-07T07:00:00.000+0000,Recurring,$0.00 per GB - Canada (Central) data transfer from Asia Pacific (Mumbai),Usage,2023-11-01T00:00:00.000+0000,2023-12-01T00:00:00.000+0000,AWS,"Amazon Web Services Canada, Inc.","Amazon Web Services Canada, Inc.",123412340534,0.0,USD,0.0,ca-central-1,Storage,AmazonS3,123412340534,,,,,,,,2.5817e-6,GB,,TWJTMxxxxxx9262H,TWJTM9XJU2392xxx.xxxxxxxxxx.xxx6EN2CT7,0.0,0.0,2.5817e-6,GB
2023-11-02T02:00:00.000+0000,2023-11-02T03:00:00.000+0000,Recurring,"$0.03 per 1,000 Glacier requests",Usage,2023-11-01T00:00:00.000+0000,2023-12-01T00:00:00.000+0000,AWS,"Amazon Web Services Canada, Inc.","Amazon Web Services Canada, Inc.",123412340534,0.01389,USD,0.01389,us-west-2,Storage,AmazonS3,123412340534,,,,,,,,463.0,Requests,,U8V4XxxxxxxNRDCY,U8V4X58RU4DNRxxx.xxxxxxxxxx.xxx6EN2CT7,0.00003,0.01389,463.0,Requests
2023-11-04T19:00:00.000+0000,2023-11-04T20:00:00.000+0000,Recurring,"$0.03 per 1,000 Glacier requests",Usage,2023-11-01T00:00:00.000+0000,2023-12-01T00:00:00.000+0000,AWS,"Amazon Web Services Canada, Inc.","Amazon Web Services Canada, Inc.",123412340534,0.10098,USD,0.10098,us-west-2,Storage,AmazonS3,123412340534,,,,,,,,3366.0,Requests,,U8V4XxxxxxxNRDCY,U8V4X58RU4DNRxxx.xxxxxxxxxx.xxx6EN2CT7,0.00003,0.10098,3366.0,Requests
2023-11-06T00:00:00.000+0000,2023-11-06T16:00:00.000+0000,Recurring,"$0.03 per 1,000 Glacier requests",Usage,2023-11-01T00:00:00.000+0000,2023-12-01T00:00:00.000+0000,AWS,"Amazon Web Services Canada, Inc.","Amazon Web Services Canada, Inc.",123412340534,0.16641,USD,0.16641,us-west-2,Storage,AmazonS3,123412340534,,,,,,,,5547.0,Requests,,U8V4XxxxxxxNRDCY,U8V4X58RU4DNRxxx.xxxxxxxxxx.xxx6EN2CT7,0.00003,0.16641,5547.0,Requests
2023-11-07T14:00:00.000+0000,2023-11-07T15:00:00.000+0000,Recurring,"$0.03 per 1,000 Glacier requests",Usage,2023-11-01T00:00:00.000+0000,2023-12-01T00:00:00.000+0000,AWS,"Amazon Web Services Canada, Inc.","Amazon Web Services Canada, Inc.",123412340534,0.0372,USD,0.0372,us-west-2,Storage,AmazonS3,123412340534,,,,,,,,1240.0,Requests,,U8V4XxxxxxxNRDCY,U8V4X58RU4DNRxxx.xxxxxxxxxx.xxx6EN2CT7,0.00003,0.037200000000000004,1240.0,Requests
2023-11-08T13:00:00.000+0000,2023-11-08T14:00:00.000+0000,Recurring,"$0.03 per 1,000 Glacier requests",Usage,2023-11-01T00:00:00.000+0000,2023-12-01T00:00:00.000+0000,AWS,"Amazon Web Services Canada, Inc.","Amazon Web Services Canada, Inc.",123412340534,0.11433,USD,0.11433,us-west-2,Storage,AmazonS3,123412340534,,,,,,,,3811.0,Requests,,U8V4XxxxxxxNRDCY,U8V4X58RU4DNRxxx.xxxxxxxxxx.xxx6EN2CT7,0.00003,0.11433,3811.0,Requests
2023-11-09T19:00:00.000+0000,2023-11-09T20:00:00.000+0000,Recurring,"$0.03 per 1,000 Glacier requests",Usage,2023-11-01T00:00:00.000+0000,2023-12-01T00:00:00.000+0000,AWS,"Amazon Web Services Canada, Inc.","Amazon Web Services Canada, Inc.",123412340534,0.11088,USD,0.11088,us-west-2,Storage,AmazonS3,123412340534,,,,,,,,3696.0,Requests,,U8V4XxxxxxxNRDCY,U8V4X58RU4DNRxxx.xxxxxxxxxx.xxx6EN2CT7,0.00003,0.11088,3696.0,Requests
2023-11-10T20:00:00.000+0000,2023-11-10T21:00:00.000+0000,Recurring,"$0.03 per 1,000 Glacier requests",Usage,2023-11-01T00:00:00.000+0000,2023-12-01T00:00:00.000+0000,AWS,"Amazon Web Services Canada, Inc.","Amazon Web Services Canada, Inc.",123412340534,0.0981,USD,0.0981,us-west-2,Storage,AmazonS3,123412340534,,,,,,,,3270.0,Requests,,U8V4XxxxxxxNRDCY,U8V4X58RU4DNRxxx.xxxxxxxxxx.xxx6EN2CT7,0.00003,0.0981,3270.0,Requests
2023-11-11T12:00:00.000+0000,2023-11-11T13:00:00.000+0000,Recurring,"$0.03 per 1,000 Glacier requests",Usage,2023-11-01T00:00:00.000+0000,2023-12-01T00:00:00.000+0000,AWS,"Amazon Web Services Canada, Inc.","Amazon Web Services Canada, Inc.",123412340534,0.10461,USD,0.10461,us-west-2,Storage,AmazonS3,123412340534,,,,,,,,3487.0,Requests,,U8V4XxxxxxxNRDCY,U8V4X58RU4DNRxxx.xxxxxxxxxx.xxx6EN2CT7,0.00003,0.10461000000000001,3487.0,Requests
2023-11-12T17:00:00.000+0000,2023-11-12T18:00:00.000+0000,Recurring,"$0.03 per 1,000 Glacier requests",Usage,2023-11-01T00:00:00.000+0000,2023-12-01T00:00:00.000+0000,AWS,"Amazon Web Services Canada, Inc.","Amazon Web Services Canada, Inc.",123412340534,0.10365,USD,0.10365,us-west-2,Storage,AmazonS3,123412340534,,,,,,,,3455.0,Requests,,U8V4XxxxxxxNRDCY,U8V4X58RU4DNRxxx.xxxxxxxxxx.xxx6EN2CT7,0.00003,0.10365,3455.0,Requests
2023-11-13T21:00:00.000+0000,2023-11-13T22:00:00.000+0000,Recurring,"$0.03 per 1,000 Glacier requests",Usage,2023-11-01T00:00:00.000+0000,2023-12-01T00:00:00.000+0000,AWS,"Amazon Web Services Canada, Inc.","Amazon Web Services Canada, Inc.",123412340534,0.1275,USD,0.1275,us-west-2,Storage,AmazonS3,123412340534,,,,,,,,4250.0,Requests,,U8V4XxxxxxxNRDCY,U8V4X58RU4DNRxxx.xxxxxxxxxx.xxx6EN2CT7,0.00003,0.1275,4250.0,Requests
2023-11-04T23:00:00.000+0000,2023-11-05T00:00:00.000+0000,Recurring,USD 0.02 per GB for EUN1-AWS-Out-Bytes in EU (Stockholm),Usage,2023-11-01T00:00:00.000+0000,2023-12-01T00:00:00.000+0000,AWS,"Amazon Web Services Canada, Inc.","Amazon Web Services Canada, Inc.",123412340534,5.2e-9,USD,5.2e-9,us-west-2,Storage,AmazonS3,123412340534,,,,,,,,2.552e-7,GB,,UDZFAxxxxxxHAS2Z,UDZFA74V5H6HAxxx.xxxxxxxxxx.xxx6EN2CT7,0.02,5.1040000000000006e-9,2.552e-7,GB
2023-11-11T02:00:00.000+0000,2023-11-11T03:00:00.000+0000,Recurring,USD 0.02 per GB for EUN1-AWS-Out-Bytes in EU (Stockholm),Usage,2023-11-01T00:00:00.000+0000,2023-12-01T00:00:00.000+0000,AWS,"Amazon Web Services Canada, Inc.","Amazon Web Services Canada, Inc.",123412340534,5.2e-9,USD,5.2e-9,us-west-2,Storage,AmazonS3,123412340534,,,,,,,,2.552e-7,GB,,UDZFAxxxxxxHAS2Z,UDZFA74V5H6HAxxx.xxxxxxxxxx.xxx6EN2CT7,0.02,5.1040000000000006e-9,2.552e-7,GB
2023-11-04T23:00:00.000+0000,2023-11-05T00:00:00.000+0000,Recurring,$0.02 per GB - US East (Northern Virginia) data transfer to EU (Paris),Usage,2023-11-01T00:00:00.000+0000,2023-12-01T00:00:00.000+0000,AWS,"Amazon Web Services Canada, Inc.","Amazon Web Services Canada, Inc.",123412340534,1.79e-8,USD,1.79e-8,us-east-1,Storage,AmazonS3,123412340534,,,,,,,,8.941e-7,GB,,UERKGxxxxxx74CE5,UERKGVWBVSH74xxx.xxxxxxxxxx.xxx6EN2CT7,0.02,1.7882e-8,8.941e-7,GB
2023-11-04T23:00:00.000+0000,2023-11-05T00:00:00.000+0000,Recurring,$0.02 per GB - US East (Northern Virginia) data transfer to EU (Paris),Usage,2023-11-01T00:00:00.000+0000,2023-12-01T00:00:00.000+0000,AWS,"Amazon Web Services Canada, Inc.","Amazon Web Services Canada, Inc.",123412340534,1.3e-9,USD,1.3e-9,us-east-1,Storage,AmazonS3,123412340534,,,,,,,,6.71e-8,GB,,UERKGxxxxxx74CE5,UERKGVWBVSH74xxx.xxxxxxxxxx.xxx6EN2CT7,0.02,1.342e-9,6.71e-8,GB
2023-11-04T23:00:00.000+0000,2023-11-05T00:00:00.000+0000,Recurring,$0.02 per GB - US East (Northern Virginia) data transfer to EU (Paris),Usage,2023-11-01T00:00:00.000+0000,2023-12-01T00:00:00.000+0000,AWS,"Amazon Web Services Canada, Inc.","Amazon Web Services Canada, Inc.",123412340534,8.4e-9,USD,8.4e-9,us-east-1,Storage,AmazonS3,123412340534,,,,,,,,4.21e-7,GB,,UERKGxxxxxx74CE5,UERKGVWBVSH74xxx.xxxxxxxxxx.xxx6EN2CT7,0.02,8.42e-9,4.21e-7,GB
2023-11-04T23:00:00.000+0000,2023-11-05T00:00:00.000+0000,Recurring,$0.02 per GB - US East (Northern Virginia) data transfer to EU (Paris),Usage,2023-11-01T00:00:00.000+0000,2023-12-01T00:00:00.000+0000,AWS,"Amazon Web Services Canada, Inc.","Amazon Web Services Canada, Inc.",123412340534,1.8e-9,USD,1.8e-9,us-east-1,Storage,AmazonS3,123412340534,,,,,,,,8.85e-8,GB,,UERKGxxxxxx74CE5,UERKGVWBVSH74xxx.xxxxxxxxxx.xxx6EN2CT7,0.02,1.77e-9,8.85e-8,GB
2023-11-07T04:00:00.000+0000,2023-11-07T05:00:00.000+0000,Recurring,$0.02 per GB - US East (Northern Virginia) data transfer to EU (Paris),Usage,2023-11-01T00:00:00.000+0000,2023-12-01T00:00:00.000+0000,AWS,"Amazon Web Services Canada, Inc.","Amazon Web Services Canada, Inc.",123412340534,1.8e-9,USD,1.8e-9,us-east-1,Storage,AmazonS3,123412340534,,,,,,,,8.85e-8,GB,,UERKGxxxxxx74CE5,UERKGVWBVSH74xxx.xxxxxxxxxx.xxx6EN2CT7,0.02,1.77e-9,8.85e-8,GB
2023-11-10T20:00:00.000+0000,2023-11-10T21:00:00.000+0000,Recurring,$0.02 per GB - US East (Northern Virginia) data transfer to EU (Paris),Usage,2023-11-01T00:00:00.000+0000,2023-12-01T00:00:00.000+0000,AWS,"Amazon Web Services Canada, Inc.","Amazon Web Services Canada, Inc.",123412340534,1.3e-9,USD,1.3e-9,us-east-1,Storage,AmazonS3,123412340534,,,,,,,,6.71e-8,GB,,UERKGxxxxxx74CE5,UERKGVWBVSH74xxx.xxxxxxxxxx.xxx6EN2CT7,0.02,1.342e-9,6.71e-8,GB
2023-11-11T04:00:00.000+0000,2023-11-11T05:00:00.000+0000,Recurring,$0.02 per GB - US East (Northern Virginia) data transfer to EU (Paris),Usage,2023-11-01T00:00:00.000+0000,2023-12-01T00:00:00.000+0000,AWS,"Amazon Web Services Canada, Inc.","Amazon Web Services Canada, Inc.",123412340534,4.57e-8,USD,4.57e-8,us-east-1,Storage,AmazonS3,123412340534,,,,,,,,2.2818e-6,GB,,UERKGxxxxxx74CE5,UERKGVWBVSH74xxx.xxxxxxxxxx.xxx6EN2CT7,0.02,4.5636e-8,2.2818e-6,GB
2023-11-11T04:00:00.000+0000,2023-11-11T05:00:00.000+0000,Recurring,$0.02 per GB - US East (Northern Virginia) data transfer to EU (Paris),Usage,2023-11-01T00:00:00.000+0000,2023-12-01T00:00:00.000+0000,AWS,"Amazon Web Services Canada, Inc.","Amazon Web Services Canada, Inc.",123412340534,1.46e-8,USD,1.46e-8,us-east-1,Storage,AmazonS3,123412340534,,,,,,,,7.32e-7,GB,,UERKGxxxxxx74CE5,UERKGVWBVSH74xxx.xxxxxxxxxx.xxx6EN2CT7,0.02,1.464e-8,7.32e-7,GB
2023-11-12T04:00:00.000+0000,2023-11-12T05:00:00.000+0000,Recurring,$0.02 per GB - US East (Northern Virginia) data transfer to EU (Paris),Usage,2023-11-01T00:00:00.000+0000,2023-12-01T00:00:00.000+0000,AWS,"Amazon Web Services Canada, Inc.","Amazon Web Services Canada, Inc.",123412340534,1.8e-9,USD,1.8e-9,us-east-1,Storage,AmazonS3,123412340534,,,,,,,,8.85e-8,GB,,UERKGxxxxxx74CE5,UERKGVWBVSH74xxx.xxxxxxxxxx.xxx6EN2CT7,0.02,1.77e-9,8.85e-8,GB
2023-11-04T23:00:00.000+0000,2023-11-05T00:00:00.000+0000,Recurring,"First 1,000,000 Amazon SNS API Requests per month are free",Usage,2023-11-01T00:00:00.000+0000,2023-12-01T00:00:00.000+0000,AWS,"Amazon Web Services Canada, Inc.","Amazon Web Services Canada, Inc.",123412340534,0.0,USD,0.0,ap-southeast-1,Integration,AmazonSNS,123412340534,,,,,,,,1.0,Requests,,UNWF5xxxxxxH2AZ2,UNWF5P8PEVEH2xxx.xxxxxxxxxx.xxxVSFF4TP,5e-7,5e-7,1.0,Requests
2023-11-06T09:00:00.000+0000,2023-11-06T10:00:00.000+0000,Recurring,"First 1,000,000 Amazon SNS API Requests per month are free",Usage,2023-11-01T00:00:00.000+0000,2023-12-01T00:00:00.000+0000,AWS,"Amazon Web Services Canada, Inc.","Amazon Web Services Canada, Inc.",123412340534,0.0,USD,0.0,ap-southeast-1,Integration,AmazonSNS,123412340534,,,,,,,,1.0,Requests,,UNWF5xxxxxxH2AZ2,UNWF5P8PEVEH2xxx.xxxxxxxxxx.xxxVSFF4TP,5e-7,5e-7,1.0,Requests
2023-11-11T09:00:00.000+0000,2023-11-11T10:00:00.000+0000,Recurring,"First 1,000,000 Amazon SNS API Requests per month are free",Usage,2023-11-01T00:00:00.000+0000,2023-12-01T00:00:00.000+0000,AWS,"Amazon Web Services Canada, Inc.","Amazon Web Services Canada, Inc.",123412340534,0.0,USD,0.0,ap-southeast-1,Integration,AmazonSNS,123412340534,,,,,,,,1.0,Requests,,UNWF5xxxxxxH2AZ2,UNWF5P8PEVEH2xxx.xxxxxxxxxx.xxxVSFF4TP,5e-7,5e-7,1.0,Requests
2023-11-04T23:00:00.000+0000,2023-11-05T00:00:00.000+0000,Recurring,"$0.00 per request - first 1,000,000 requests",Usage,2023-11-01T00:00:00.000+0000,2023-12-01T00:00:00.000+0000,AWS,"Amazon Web Services Canada, Inc.","Amazon Web Services Canada, Inc.",123412340534,0.0,USD,0.0,us-east-1,Management and Governance,AmazonCloudWatch,123412340534,,,,,,,,1.0,Requests,,UTXVGxxxxxxUDP5N,UTXVGKBT732UDxxx.xxxxxxxxxx.xxx6EN2CT7,0.00001,0.00001,1.0,Requests
2023-11-05T04:00:00.000+0000,2023-11-05T05:00:00.000+0000,Recurring,"$0.00 per request - first 1,000,000 requests",Usage,2023-11-01T00:00:00.000+0000,2023-12-01T00:00:00.000+0000,AWS,"Amazon Web Services Canada, Inc.","Amazon Web Services Canada, Inc.",123412340534,0.0,USD,0.0,us-east-1,Management and Governance,AmazonCloudWatch,123412340534,,,,,,,,1.0,Requests,,UTXVGxxxxxxUDP5N,UTXVGKBT732UDxxx.xxxxxxxxxx.xxx6EN2CT7,0.00001,0.00001,1.0,Requests
2023-11-05T04:00:00.000+0000,2023-11-05T05:00:00.000+0000,Recurring,"$0.00 per request - first 1,000,000 requests",Usage,2023-11-01T00:00:00.000+0000,2023-12-01T00:00:00.000+0000,AWS,"Amazon Web Services Canada, Inc.","Amazon Web Services Canada, Inc.",123412340534,0.0,USD,0.0,us-east-1,Management and Governance,AmazonCloudWatch,123412340534,,,,,,,,19.0,Requests,,UTXVGxxxxxxUDP5N,UTXVGKBT732UDxxx.xxxxxxxxxx.xxx6EN2CT7,0.00001,0.00019,19.0,Requests
2023-11-05T17:00:00.000+0000,2023-11-05T18:00:00.000+0000,Recurring,"$0.00 per request - first 1,000,000 requests",Usage,2023-11-01T00:00:00.000+0000,2023-12-01T00:00:00.000+0000,AWS,"Amazon Web Services Canada, Inc.","Amazon Web Services Canada, Inc.",123412340534,0.0,USD,0.0,us-east-1,Management and Governance,AmazonCloudWatch,123412340534,,,,,,,,2.0,Requests,,UTXVGxxxxxxUDP5N,UTXVGKBT732UDxxx.xxxxxxxxxx.xxx6EN2CT7,0.00001,0.00002,2.0,Requests
2023-11-07T02:00:00.000+0000,2023-11-07T03:00:00.000+0000,Recurring,"$0.00 per request - first 1,000,000 requests",Usage,2023-11-01T00:00:00.000+0000,2023-12-01T00:00:00.000+0000,AWS,"Amazon Web Services Canada, Inc.","Amazon Web Services Canada, Inc.",123412340534,0.0,USD,0.0,us-east-1,Management and Governance,AmazonCloudWatch,123412340534,,,,,,,,1.0,Requests,,UTXVGxxxxxxUDP5N,UTXVGKBT732UDxxx.xxxxxxxxxx.xxx6EN2CT7,0.00001,0.00001,1.0,Requests
2023-11-12T02:00:00.000+0000,2023-11-12T03:00:00.000+0000,Recurring,"$0.00 per request - first 1,000,000 requests",Usage,2023-11-01T00:00:00.000+0000,2023-12-01T00:00:00.000+0000,AWS,"Amazon Web Services Canada, Inc.","Amazon Web Services Canada, Inc.",123412340534,0.0,USD,0.0,us-east-1,Management and Governance,AmazonCloudWatch,123412340534,,,,,,,,1.0,Requests,,UTXVGxxxxxxUDP5N,UTXVGKBT732UDxxx.xxxxxxxxxx.xxx6EN2CT7,0.00001,0.00001,1.0,Requests
2023-11-12T19:00:00.000+0000,2023-11-12T20:00:00.000+0000,Recurring,"$0.00 per request - first 1,000,000 requests",Usage,2023-11-01T00:00:00.000+0000,2023-12-01T00:00:00.000+0000,AWS,"Amazon Web Services Canada, Inc.","Amazon Web Services Canada, Inc.",123412340534,0.0,USD,0.0,us-east-1,Management and Governance,AmazonCloudWatch,123412340534,,,,,,,,1.0,Requests,,UTXVGxxxxxxUDP5N,UTXVGKBT732UDxxx.xxxxxxxxxx.xxx6EN2CT7,0.00001,0.00001,1.0,Requests
2023-11-04T23:00:00.000+0000,2023-11-05T00:00:00.000+0000,Recurring,$0 for AWS Glue Data Catalog requests under the free tier,Usage,2023-11-01T00:00:00.000+0000,2023-12-01T00:00:00.000+0000,AWS,"Amazon Web Services Canada, Inc.","Amazon Web Services Canada, Inc.",123412340534,0.0,USD,0.0,ap-northeast-1,Analytics,AWSGlue,123412340534,,,,,,,,2.0,Request,,UX26WxxxxxxX8YQ7,UX26WGXFXQ9X8xxx.xxxxxxxxxx.xxx6EN2CT7,1e-6,2e-6,2.0,Request
2023-11-05T19:00:00.000+0000,2023-11-05T20:00:00.000+0000,Recurring,$0 for AWS Glue Data Catalog requests under the free tier,Usage,2023-11-01T00:00:00.000+0000,2023-12-01T00:00:00.000+0000,AWS,"Amazon Web Services Canada, Inc.","Amazon Web Services Canada, Inc.",123412340534,0.0,USD,0.0,ap-northeast-1,Analytics,AWSGlue,123412340534,,,,,,,,1.0,Request,,UX26WxxxxxxX8YQ7,UX26WGXFXQ9X8xxx.xxxxxxxxxx.xxx6EN2CT7,1e-6,1e-6,1.0,Request
2023-11-06T20:00:00.000+0000,2023-11-06T21:00:00.000+0000,Recurring,$0 for AWS Glue Data Catalog requests under the free tier,Usage,2023-11-01T00:00:00.000+0000,2023-12-01T00:00:00.000+0000,AWS,"Amazon Web Services Canada, Inc.","Amazon Web Services Canada, Inc.",123412340534,0.0,USD,0.0,ap-northeast-1,Analytics,AWSGlue,123412340534,,,,,,,,1.0,Request,,UX26WxxxxxxX8YQ7,UX26WGXFXQ9X8xxx.xxxxxxxxxx.xxx6EN2CT7,1e-6,1e-6,1.0,Request
2023-11-10T19:00:00.000+0000,2023-11-10T20:00:00.000+0000,Recurring,$0 for AWS Glue Data Catalog requests under the free tier,Usage,2023-11-01T00:00:00.000+0000,2023-12-01T00:00:00.000+0000,AWS,"Amazon Web Services Canada, Inc.","Amazon Web Services Canada, Inc.",123412340534,0.0,USD,0.0,ap-northeast-1,Analytics,AWSGlue,123412340534,,,,,,,,1.0,Request,,UX26WxxxxxxX8YQ7,UX26WGXFXQ9X8xxx.xxxxxxxxxx.xxx6EN2CT7,1e-6,1e-6,1.0,Request
2023-11-11T20:00:00.000+0000,2023-11-11T21:00:00.000+0000,Recurring,$0 for AWS Glue Data Catalog requests under the free tier,Usage,2023-11-01T00:00:00.000+0000,2023-12-01T00:00:00.000+0000,AWS,"Amazon Web Services Canada, Inc.","Amazon Web Services Canada, Inc.",123412340534,0.0,USD,0.0,ap-northeast-1,Analytics,AWSGlue,123412340534,,,,,,,,1.0,Request,,UX26WxxxxxxX8YQ7,UX26WGXFXQ9X8xxx.xxxxxxxxxx.xxx6EN2CT7,1e-6,1e-6,1.0,Request
2023-11-07T05:00:00.000+0000,2023-11-07T07:00:00.000+0000,Recurring,USD 0 per GB for CAN1-EUS1-AWS-In-Bytes in EU (Milan),Usage,2023-11-01T00:00:00.000+0000,2023-12-01T00:00:00.000+0000,AWS,"Amazon Web Services Canada, Inc.","Amazon Web Services Canada, Inc.",123412340534,0.0,USD,0.0,ca-central-1,Storage,AmazonS3,123412340534,,,,,,,,1.0058e-6,GB,,UXVMWxxxxxxTKBTR,UXVMW8XJ4SNTKxxx.xxxxxxxxxx.xxx6EN2CT7,0.0,0.0,1.0058e-6,GB
2023-11-07T05:00:00.000+0000,2023-11-07T07:00:00.000+0000,Recurring,$0.00 per GB - Canada (Central) data transfer from EU (Germany),Usage,2023-11-01T00:00:00.000+0000,2023-12-01T00:00:00.000+0000,AWS,"Amazon Web Services Canada, Inc.","Amazon Web Services Canada, Inc.",123412340534,0.0,USD,0.0,ca-central-1,Storage,AmazonS3,123412340534,,,,,,,,1.003e-6,GB,,V4N3JxxxxxxVH8M6,V4N3JSTXNXFVHxxx.xxxxxxxxxx.xxx6EN2CT7,0.0,0.0,1.003e-6,GB
2023-11-04T23:00:00.000+0000,2023-11-05T00:00:00.000+0000,Recurring,"First 1,000,000 Amazon SNS API Requests per month are free",Usage,2023-11-01T00:00:00.000+0000,2023-12-01T00:00:00.000+0000,AWS,"Amazon Web Services Canada, Inc.","Amazon Web Services Canada, Inc.",123412340534,0.0,USD,0.0,sa-east-1,Integration,AmazonSNS,123412340534,,,,,,,,1.0,Requests,,VAC6Txxxxxx2V56F,VAC6TYKJZX32Vxxx.xxxxxxxxxx.xxxVSFF4TP,5e-7,5e-7,1.0,Requests
2023-11-08T19:00:00.000+0000,2023-11-08T20:00:00.000+0000,Recurring,"First 1,000,000 Amazon SNS API Requests per month are free",Usage,2023-11-01T00:00:00.000+0000,2023-12-01T00:00:00.000+0000,AWS,"Amazon Web Services Canada, Inc.","Amazon Web Services Canada, Inc.",123412340534,0.0,USD,0.0,sa-east-1,Integration,AmazonSNS,123412340534,,,,,,,,1.0,Requests,,VAC6Txxxxxx2V56F,VAC6TYKJZX32Vxxx.xxxxxxxxxx.xxxVSFF4TP,5e-7,5e-7,1.0,Requests
2023-11-13T19:00:00.000+0000,2023-11-13T20:00:00.000+0000,Recurring,"First 1,000,000 Amazon SNS API Requests per month are free",Usage,2023-11-01T00:00:00.000+0000,2023-12-01T00:00:00.000+0000,AWS,"Amazon Web Services Canada, Inc.","Amazon Web Services Canada, Inc.",123412340534,0.0,USD,0.0,sa-east-1,Integration,AmazonSNS,123412340534,,,,,,,,1.0,Requests,,VAC6Txxxxxx2V56F,VAC6TYKJZX32Vxxx.xxxxxxxxxx.xxxVSFF4TP,5e-7,5e-7,1.0,Requests
2023-11-04T23:00:00.000+0000,2023-11-05T00:00:00.000+0000,Recurring,$0 for AWS Glue Data Catalog requests under the free tier,Usage,2023-11-01T00:00:00.000+0000,2023-12-01T00:00:00.000+0000,AWS,"Amazon Web Services Canada, Inc.","Amazon Web Services Canada, Inc.",123412340534,0.0,USD,0.0,ap-northeast-2,Analytics,AWSGlue,123412340534,,,,,,,,2.0,Request,,VAUJRxxxxxx8NT3D,VAUJRGZX9RB8Nxxx.xxxxxxxxxx.xxx6EN2CT7,1e-6,2e-6,2.0,Request
2023-11-06T00:00:00.000+0000,2023-11-06T23:00:00.000+0000,Recurring,$0 for AWS Glue Data Catalog requests under the free tier,Usage,2023-11-01T00:00:00.000+0000,2023-12-01T00:00:00.000+0000,AWS,"Amazon Web Services Canada, Inc.","Amazon Web Services Canada, Inc.",123412340534,0.0,USD,0.0,ap-northeast-2,Analytics,AWSGlue,123412340534,,,,,,,,2.0,Request,,VAUJRxxxxxx8NT3D,VAUJRGZX9RB8Nxxx.xxxxxxxxxx.xxx6EN2CT7,1e-6,2e-6,2.0,Request
2023-11-11T00:00:00.000+0000,2023-11-11T23:00:00.000+0000,Recurring,$0 for AWS Glue Data Catalog requests under the free tier,Usage,2023-11-01T00:00:00.000+0000,2023-12-01T00:00:00.000+0000,AWS,"Amazon Web Services Canada, Inc.","Amazon Web Services Canada, Inc.",123412340534,0.0,USD,0.0,ap-northeast-2,Analytics,AWSGlue,123412340534,,,,,,,,2.0,Request,,VAUJRxxxxxx8NT3D,VAUJRGZX9RB8Nxxx.xxxxxxxxxx.xxx6EN2CT7,1e-6,2e-6,2.0,Request
2023-11-04T23:00:00.000+0000,2023-11-05T00:00:00.000+0000,Recurring,"First 1,000,000 Amazon SNS API Requests per month are free",Usage,2023-11-01T00:00:00.000+0000,2023-12-01T00:00:00.000+0000,AWS,"Amazon Web Services Canada, Inc.","Amazon Web Services Canada, Inc.",123412340534,0.0,USD,0.0,ap-northeast-3,Integration,AmazonSNS,123412340534,,,,,,,,1.0,Requests,,VTTH6xxxxxxN2K35,VTTH6NFU65FN2xxx.xxxxxxxxxx.xxxVSFF4TP,5e-7,5e-7,1.0,Requests
2023-11-08T10:00:00.000+0000,2023-11-08T11:00:00.000+0000,Recurring,"First 1,000,000 Amazon SNS API Requests per month are free",Usage,2023-11-01T00:00:00.000+0000,2023-12-01T00:00:00.000+0000,AWS,"Amazon Web Services Canada, Inc.","Amazon Web Services Canada, Inc.",123412340534,0.0,USD,0.0,ap-northeast-3,Integration,AmazonSNS,123412340534,,,,,,,,1.0,Requests,,VTTH6xxxxxxN2K35,VTTH6NFU65FN2xxx.xxxxxxxxxx.xxxVSFF4TP,5e-7,5e-7,1.0,Requests
2023-11-13T10:00:00.000+0000,2023-11-13T11:00:00.000+0000,Recurring,"First 1,000,000 Amazon SNS API Requests per month are free",Usage,2023-11-01T00:00:00.000+0000,2023-12-01T00:00:00.000+0000,AWS,"Amazon Web Services Canada, Inc.","Amazon Web Services Canada, Inc.",123412340534,0.0,USD,0.0,ap-northeast-3,Integration,AmazonSNS,123412340534,,,,,,,,1.0,Requests,,VTTH6xxxxxxN2K35,VTTH6NFU65FN2xxx.xxxxxxxxxx.xxxVSFF4TP,5e-7,5e-7,1.0,Requests
2023-11-04T23:00:00.000+0000,2023-11-05T00:00:00.000+0000,Recurring,$0.02 per GB - US West (Oregon) data transfer to EU (Paris),Usage,2023-11-01T00:00:00.000+0000,2023-12-01T00:00:00.000+0000,AWS,"Amazon Web Services Canada, Inc.","Amazon Web Services Canada, Inc.",123412340534,5.2e-9,USD,5.2e-9,us-west-2,Storage,AmazonS3,123412340534,,,,,,,,2.552e-7,GB,,W4HS3xxxxxxUF5FC,W4HS32Q6N7MUFxxx.xxxxxxxxxx.xxx6EN2CT7,0.02,5.1040000000000006e-9,2.552e-7,GB
2023-11-11T04:00:00.000+0000,2023-11-11T05:00:00.000+0000,Recurring,$0.02 per GB - US West (Oregon) data transfer to EU (Paris),Usage,2023-11-01T00:00:00.000+0000,2023-12-01T00:00:00.000+0000,AWS,"Amazon Web Services Canada, Inc.","Amazon Web Services Canada, Inc.",123412340534,5.2e-9,USD,5.2e-9,us-west-2,Storage,AmazonS3,123412340534,,,,,,,,2.552e-7,GB,,W4HS3xxxxxxUF5FC,W4HS32Q6N7MUFxxx.xxxxxxxxxx.xxx6EN2CT7,0.02,5.1040000000000006e-9,2.552e-7,GB
2023-11-04T23:00:00.000+0000,2023-11-05T00:00:00.000+0000,Recurring,$0 for AWS Glue Data Catalog requests under the free tier,Usage,2023-11-01T00:00:00.000+0000,2023-12-01T00:00:00.000+0000,AWS,"Amazon Web Services Canada, Inc.","Amazon Web Services Canada, Inc.",123412340534,0.0,USD,0.0,eu-central-1,Analytics,AWSGlue,123412340534,,,,,,,,2.0,Request,,WB2V5xxxxxxAX89E,WB2V53ES7TJAXxxx.xxxxxxxxxx.xxx6EN2CT7,1e-6,2e-6,2.0,Request
2023-11-08T03:00:00.000+0000,2023-11-08T04:00:00.000+0000,Recurring,$0 for AWS Glue Data Catalog requests under the free tier,Usage,2023-11-01T00:00:00.000+0000,2023-12-01T00:00:00.000+0000,AWS,"Amazon Web Services Canada, Inc.","Amazon Web Services Canada, Inc.",123412340534,0.0,USD,0.0,eu-central-1,Analytics,AWSGlue,123412340534,,,,,,,,1.0,Request,,WB2V5xxxxxxAX89E,WB2V53ES7TJAXxxx.xxxxxxxxxx.xxx6EN2CT7,1e-6,1e-6,1.0,Request
2023-11-10T13:00:00.000+0000,2023-11-10T14:00:00.000+0000,Recurring,$0 for AWS Glue Data Catalog requests under the free tier,Usage,2023-11-01T00:00:00.000+0000,2023-12-01T00:00:00.000+0000,AWS,"Amazon Web Services Canada, Inc.","Amazon Web Services Canada, Inc.",123412340534,0.0,USD,0.0,eu-central-1,Analytics,AWSGlue,123412340534,,,,,,,,1.0,Request,,WB2V5xxxxxxAX89E,WB2V53ES7TJAXxxx.xxxxxxxxxx.xxx6EN2CT7,1e-6,1e-6,1.0,Request
2023-11-13T03:00:00.000+0000,2023-11-13T04:00:00.000+0000,Recurring,$0 for AWS Glue Data Catalog requests under the free tier,Usage,2023-11-01T00:00:00.000+0000,2023-12-01T00:00:00.000+0000,AWS,"Amazon Web Services Canada, Inc.","Amazon Web Services Canada, Inc.",123412340534,0.0,USD,0.0,eu-central-1,Analytics,AWSGlue,123412340534,,,,,,,,1.0,Request,,WB2V5xxxxxxAX89E,WB2V53ES7TJAXxxx.xxxxxxxxxx.xxx6EN2CT7,1e-6,1e-6,1.0,Request
2023-11-07T05:00:00.000+0000,2023-11-07T06:00:00.000+0000,Recurring,0.0 per free event recorded in EU (Paris) region,Usage,2023-11-01T00:00:00.000+0000,2023-12-01T00:00:00.000+0000,AWS,"Amazon Web Services Canada, Inc.","Amazon Web Services Canada, Inc.",123412340534,0.0,USD,0.0,eu-west-3,Management and Governance,AWSCloudTrail,123412340534,,,,,,,,4.0,Events,,WD2JUxxxxxxPCNYG,WD2JU9R3587PCxxx.xxxxxxxxxx.xxx6EN2CT7,0.0,0.0,4.0,Events
2023-11-07T05:00:00.000+0000,2023-11-07T06:00:00.000+0000,Recurring,$0.02 per GB - Canada (Central) data transfer to US West (Oregon),Usage,2023-11-01T00:00:00.000+0000,2023-12-01T00:00:00.000+0000,AWS,"Amazon Web Services Canada, Inc.","Amazon Web Services Canada, Inc.",123412340534,8.05e-8,USD,8.05e-8,ca-central-1,Storage,AmazonS3,123412340534,,,,,,,,4.0233e-6,GB,,WDAEAxxxxxxG869C,WDAEAHKQD9KG8xxx.xxxxxxxxxx.xxx6EN2CT7,0.02,8.0466e-8,4.0233e-6,GB
2023-11-07T10:00:00.000+0000,2023-11-07T11:00:00.000+0000,Recurring,$0.02 per GB - Canada (Central) data transfer to US West (Oregon),Usage,2023-11-01T00:00:00.000+0000,2023-12-01T00:00:00.000+0000,AWS,"Amazon Web Services Canada, Inc.","Amazon Web Services Canada, Inc.",123412340534,7.8e-9,USD,7.8e-9,ca-central-1,Storage,AmazonS3,123412340534,,,,,,,,3.912e-7,GB,,WDAEAxxxxxxG869C,WDAEAHKQD9KG8xxx.xxxxxxxxxx.xxx6EN2CT7,0.02,7.824000000000001e-9,3.912e-7,GB
2023-11-12T10:00:00.000+0000,2023-11-12T11:00:00.000+0000,Recurring,$0.02 per GB - Canada (Central) data transfer to US West (Oregon),Usage,2023-11-01T00:00:00.000+0000,2023-12-01T00:00:00.000+0000,AWS,"Amazon Web Services Canada, Inc.","Amazon Web Services Canada, Inc.",123412340534,7.8e-9,USD,7.8e-9,ca-central-1,Storage,AmazonS3,123412340534,,,,,,,,3.912e-7,GB,,WDAEAxxxxxxG869C,WDAEAHKQD9KG8xxx.xxxxxxxxxx.xxx6EN2CT7,0.02,7.824000000000001e-9,3.912e-7,GB
2023-11-05T00:00:00.000+0000,2023-11-05T02:00:00.000+0000,Recurring,"$0.00 per request - first 1,000,000 requests",Usage,2023-11-01T00:00:00.000+0000,2023-12-01T00:00:00.000+0000,AWS,"Amazon Web Services Canada, Inc.","Amazon Web Services Canada, Inc.",123412340534,0.0,USD,0.0,ca-central-1,Management and Governance,AmazonCloudWatch,123412340534,,,,,,,,3.0,Requests,,WDK5MxxxxxxAXS78,WDK5M58U88ZAXxxx.xxxxxxxxxx.xxx6EN2CT7,0.00001,0.000030000000000000004,3.0,Requests
2023-11-07T03:00:00.000+0000,2023-11-07T04:00:00.000+0000,Recurring,"$0.00 per request - first 1,000,000 requests",Usage,2023-11-01T00:00:00.000+0000,2023-12-01T00:00:00.000+0000,AWS,"Amazon Web Services Canada, Inc.","Amazon Web Services Canada, Inc.",123412340534,0.0,USD,0.0,ca-central-1,Management and Governance,AmazonCloudWatch,123412340534,,,,,,,,1.0,Requests,,WDK5MxxxxxxAXS78,WDK5M58U88ZAXxxx.xxxxxxxxxx.xxx6EN2CT7,0.00001,0.00001,1.0,Requests
2023-11-04T23:00:00.000+0000,2023-11-05T00:00:00.000+0000,Recurring,"First 1,000,000 Amazon SNS API Requests per month are free",Usage,2023-11-01T00:00:00.000+0000,2023-12-01T00:00:00.000+0000,AWS,"Amazon Web Services Canada, Inc.","Amazon Web Services Canada, Inc.",123412340534,0.0,USD,0.0,ap-northeast-2,Integration,AmazonSNS,123412340534,,,,,,,,1.0,Requests,,WRZT9xxxxxxV8S4U,WRZT99W8W7KV8xxx.xxxxxxxxxx.xxxVSFF4TP,5e-7,5e-7,1.0,Requests
2023-11-07T10:00:00.000+0000,2023-11-07T11:00:00.000+0000,Recurring,"First 1,000,000 Amazon SNS API Requests per month are free",Usage,2023-11-01T00:00:00.000+0000,2023-12-01T00:00:00.000+0000,AWS,"Amazon Web Services Canada, Inc.","Amazon Web Services Canada, Inc.",123412340534,0.0,USD,0.0,ap-northeast-2,Integration,AmazonSNS,123412340534,,,,,,,,1.0,Requests,,WRZT9xxxxxxV8S4U,WRZT99W8W7KV8xxx.xxxxxxxxxx.xxxVSFF4TP,5e-7,5e-7,1.0,Requests
2023-11-12T10:00:00.000+0000,2023-11-12T11:00:00.000+0000,Recurring,"First 1,000,000 Amazon SNS API Requests per month are free",Usage,2023-11-01T00:00:00.000+0000,2023-12-01T00:00:00.000+0000,AWS,"Amazon Web Services Canada, Inc.","Amazon Web Services Canada, Inc.",123412340534,0.0,USD,0.0,ap-northeast-2,Integration,AmazonSNS,123412340534,,,,,,,,1.0,Requests,,WRZT9xxxxxxV8S4U,WRZT99W8W7KV8xxx.xxxxxxxxxx.xxxVSFF4TP,5e-7,5e-7,1.0,Requests
2023-11-07T05:00:00.000+0000,2023-11-07T06:00:00.000+0000,Recurring,$0.02 per GB - Canada (Central) data transfer to Asia Pacific (Sydney),Usage,2023-11-01T00:00:00.000+0000,2023-12-01T00:00:00.000+0000,AWS,"Amazon Web Services Canada, Inc.","Amazon Web Services Canada, Inc.",123412340534,8.9e-9,USD,8.9e-9,ca-central-1,Storage,AmazonS3,123412340534,,,,,,,,4.47e-7,GB,,WY73BxxxxxxHVHXQ,WY73B824GUFHVxxx.xxxxxxxxxx.xxx6EN2CT7,0.02,8.940000000000001e-9,4.47e-7,GB
2023-11-08T15:00:00.000+0000,2023-11-08T16:00:00.000+0000,Recurring,$0.02 per GB - Canada (Central) data transfer to Asia Pacific (Sydney),Usage,2023-11-01T00:00:00.000+0000,2023-12-01T00:00:00.000+0000,AWS,"Amazon Web Services Canada, Inc.","Amazon Web Services Canada, Inc.",123412340534,7.8e-9,USD,7.8e-9,ca-central-1,Storage,AmazonS3,123412340534,,,,,,,,3.912e-7,GB,,WY73BxxxxxxHVHXQ,WY73B824GUFHVxxx.xxxxxxxxxx.xxx6EN2CT7,0.02,7.824000000000001e-9,3.912e-7,GB
2023-11-13T15:00:00.000+0000,2023-11-13T16:00:00.000+0000,Recurring,$0.02 per GB - Canada (Central) data transfer to Asia Pacific (Sydney),Usage,2023-11-01T00:00:00.000+0000,2023-12-01T00:00:00.000+0000,AWS,"Amazon Web Services Canada, Inc.","Amazon Web Services Canada, Inc.",123412340534,7.8e-9,USD,7.8e-9,ca-central-1,Storage,AmazonS3,123412340534,,,,,,,,3.912e-7,GB,,WY73BxxxxxxHVHXQ,WY73B824GUFHVxxx.xxxxxxxxxx.xxx6EN2CT7,0.02,7.824000000000001e-9,3.912e-7,GB
2023-11-04T23:00:00.000+0000,2023-11-05T00:00:00.000+0000,Recurring,$1.25 per million Device Shadow and Device Registry Operations,Usage,2023-11-01T00:00:00.000+0000,2023-12-01T00:00:00.000+0000,AWS,"Amazon Web Services Canada, Inc.","Amazon Web Services Canada, Inc.",123412340534,1.25e-6,USD,1.25e-6,us-west-2,Internet of Things,AWSIoT,123412340534,,,,,,,,1.0,Operations,,WZ2CKxxxxxxPURVC,WZ2CKK4FQWGPUxxx.xxxxxxxxxx.xxx6EN2CT7,1.25e-6,1.25e-6,1.0,Operations
2023-11-09T10:00:00.000+0000,2023-11-09T11:00:00.000+0000,Recurring,$1.25 per million Device Shadow and Device Registry Operations,Usage,2023-11-01T00:00:00.000+0000,2023-12-01T00:00:00.000+0000,AWS,"Amazon Web Services Canada, Inc.","Amazon Web Services Canada, Inc.",123412340534,1.25e-6,USD,1.25e-6,us-west-2,Internet of Things,AWSIoT,123412340534,,,,,,,,1.0,Operations,,WZ2CKxxxxxxPURVC,WZ2CKK4FQWGPUxxx.xxxxxxxxxx.xxx6EN2CT7,1.25e-6,1.25e-6,1.0,Operations
2023-11-04T23:00:00.000+0000,2023-11-05T00:00:00.000+0000,Recurring,$0.02 per GB - US East (Northern Virginia) data transfer to South America (Sao Paulo),Usage,2023-11-01T00:00:00.000+0000,2023-12-01T00:00:00.000+0000,AWS,"Amazon Web Services Canada, Inc.","Amazon Web Services Canada, Inc.",123412340534,1.79e-8,USD,1.79e-8,us-east-1,Storage,AmazonS3,123412340534,,,,,,,,8.941e-7,GB,,X67HWxxxxxx6NSW7,X67HWFH8QVT6Nxxx.xxxxxxxxxx.xxx6EN2CT7,0.02,1.7882e-8,8.941e-7,GB
2023-11-04T23:00:00.000+0000,2023-11-05T00:00:00.000+0000,Recurring,$0.02 per GB - US East (Northern Virginia) data transfer to South America (Sao Paulo),Usage,2023-11-01T00:00:00.000+0000,2023-12-01T00:00:00.000+0000,AWS,"Amazon Web Services Canada, Inc.","Amazon Web Services Canada, Inc.",123412340534,1.3e-9,USD,1.3e-9,us-east-1,Storage,AmazonS3,123412340534,,,,,,,,6.71e-8,GB,,X67HWxxxxxx6NSW7,X67HWFH8QVT6Nxxx.xxxxxxxxxx.xxx6EN2CT7,0.02,1.342e-9,6.71e-8,GB
2023-11-04T23:00:00.000+0000,2023-11-05T00:00:00.000+0000,Recurring,$0.02 per GB - US East (Northern Virginia) data transfer to South America (Sao Paulo),Usage,2023-11-01T00:00:00.000+0000,2023-12-01T00:00:00.000+0000,AWS,"Amazon Web Services Canada, Inc.","Amazon Web Services Canada, Inc.",123412340534,9e-9,USD,9e-9,us-east-1,Storage,AmazonS3,123412340534,,,,,,,,4.498e-7,GB,,X67HWxxxxxx6NSW7,X67HWFH8QVT6Nxxx.xxxxxxxxxx.xxx6EN2CT7,0.02,8.996e-9,4.498e-7,GB
2023-11-04T23:00:00.000+0000,2023-11-05T00:00:00.000+0000,Recurring,$0.02 per GB - US East (Northern Virginia) data transfer to South America (Sao Paulo),Usage,2023-11-01T00:00:00.000+0000,2023-12-01T00:00:00.000+0000,AWS,"Amazon Web Services Canada, Inc.","Amazon Web Services Canada, Inc.",123412340534,1.8e-9,USD,1.8e-9,us-east-1,Storage,AmazonS3,123412340534,,,,,,,,8.85e-8,GB,,X67HWxxxxxx6NSW7,X67HWFH8QVT6Nxxx.xxxxxxxxxx.xxx6EN2CT7,0.02,1.77e-9,8.85e-8,GB
2023-11-05T21:00:00.000+0000,2023-11-05T22:00:00.000+0000,Recurring,$0.02 per GB - US East (Northern Virginia) data transfer to South America (Sao Paulo),Usage,2023-11-01T00:00:00.000+0000,2023-12-01T00:00:00.000+0000,AWS,"Amazon Web Services Canada, Inc.","Amazon Web Services Canada, Inc.",123412340534,2.67e-8,USD,2.67e-8,us-east-1,Storage,AmazonS3,123412340534,,,,,,,,1.3318e-6,GB,,X67HWxxxxxx6NSW7,X67HWFH8QVT6Nxxx.xxxxxxxxxx.xxx6EN2CT7,0.02,2.6635999999999998e-8,1.3318e-6,GB
2023-11-05T21:00:00.000+0000,2023-11-05T22:00:00.000+0000,Recurring,$0.02 per GB - US East (Northern Virginia) data transfer to South America (Sao Paulo),Usage,2023-11-01T00:00:00.000+0000,2023-12-01T00:00:00.000+0000,AWS,"Amazon Web Services Canada, Inc.","Amazon Web Services Canada, Inc.",123412340534,1.08e-8,USD,1.08e-8,us-east-1,Storage,AmazonS3,123412340534,,,,,,,,5.411e-7,GB,,X67HWxxxxxx6NSW7,X67HWFH8QVT6Nxxx.xxxxxxxxxx.xxx6EN2CT7,0.02,1.0822000000000001e-8,5.411e-7,GB
2023-11-07T00:00:00.000+0000,2023-11-07T01:00:00.000+0000,Recurring,$0.02 per GB - US East (Northern Virginia) data transfer to South America (Sao Paulo),Usage,2023-11-01T00:00:00.000+0000,2023-12-01T00:00:00.000+0000,AWS,"Amazon Web Services Canada, Inc.","Amazon Web Services Canada, Inc.",123412340534,1.8e-9,USD,1.8e-9,us-east-1,Storage,AmazonS3,123412340534,,,,,,,,8.85e-8,GB,,X67HWxxxxxx6NSW7,X67HWFH8QVT6Nxxx.xxxxxxxxxx.xxx6EN2CT7,0.02,1.77e-9,8.85e-8,GB
2023-11-09T03:00:00.000+0000,2023-11-09T04:00:00.000+0000,Recurring,$0.02 per GB - US East (Northern Virginia) data transfer to South America (Sao Paulo),Usage,2023-11-01T00:00:00.000+0000,2023-12-01T00:00:00.000+0000,AWS,"Amazon Web Services Canada, Inc.","Amazon Web Services Canada, Inc.",123412340534,1.3e-9,USD,1.3e-9,us-east-1,Storage,AmazonS3,123412340534,,,,,,,,6.71e-8,GB,,X67HWxxxxxx6NSW7,X67HWFH8QVT6Nxxx.xxxxxxxxxx.xxx6EN2CT7,0.02,1.342e-9,6.71e-8,GB
2023-11-10T21:00:00.000+0000,2023-11-10T22:00:00.000+0000,Recurring,$0.02 per GB - US East (Northern Virginia) data transfer to South America (Sao Paulo),Usage,2023-11-01T00:00:00.000+0000,2023-12-01T00:00:00.000+0000,AWS,"Amazon Web Services Canada, Inc.","Amazon Web Services Canada, Inc.",123412340534,4.57e-8,USD,4.57e-8,us-east-1,Storage,AmazonS3,123412340534,,,,,,,,2.2818e-6,GB,,X67HWxxxxxx6NSW7,X67HWFH8QVT6Nxxx.xxxxxxxxxx.xxx6EN2CT7,0.02,4.5636e-8,2.2818e-6,GB
2023-11-10T21:00:00.000+0000,2023-11-10T22:00:00.000+0000,Recurring,$0.02 per GB - US East (Northern Virginia) data transfer to South America (Sao Paulo),Usage,2023-11-01T00:00:00.000+0000,2023-12-01T00:00:00.000+0000,AWS,"Amazon Web Services Canada, Inc.","Amazon Web Services Canada, Inc.",123412340534,1.52e-8,USD,1.52e-8,us-east-1,Storage,AmazonS3,123412340534,,,,,,,,7.609e-7,GB,,X67HWxxxxxx6NSW7,X67HWFH8QVT6Nxxx.xxxxxxxxxx.xxx6EN2CT7,0.02,1.5218e-8,7.609e-7,GB
2023-11-12T00:00:00.000+0000,2023-11-12T01:00:00.000+0000,Recurring,$0.02 per GB - US East (Northern Virginia) data transfer to South America (Sao Paulo),Usage,2023-11-01T00:00:00.000+0000,2023-12-01T00:00:00.000+0000,AWS,"Amazon Web Services Canada, Inc.","Amazon Web Services Canada, Inc.",123412340534,1.8e-9,USD,1.8e-9,us-east-1,Storage,AmazonS3,123412340534,,,,,,,,8.85e-8,GB,,X67HWxxxxxx6NSW7,X67HWFH8QVT6Nxxx.xxxxxxxxxx.xxx6EN2CT7,0.02,1.77e-9,8.85e-8,GB
2023-11-04T23:00:00.000+0000,2023-11-05T00:00:00.000+0000,Recurring,"First 1,000,000 Amazon SNS API Requests per month are free",Usage,2023-11-01T00:00:00.000+0000,2023-12-01T00:00:00.000+0000,AWS,"Amazon Web Services Canada, Inc.","Amazon Web Services Canada, Inc.",123412340534,0.0,USD,0.0,us-east-2,Integration,AmazonSNS,123412340534,,,,,,,,1.0,Requests,,X7V4MxxxxxxM98JT,X7V4MHE7G6GM9xxx.xxxxxxxxxx.xxxVSFF4TP,5e-7,5e-7,1.0,Requests
2023-11-10T06:00:00.000+0000,2023-11-10T07:00:00.000+0000,Recurring,"First 1,000,000 Amazon SNS API Requests per month are free",Usage,2023-11-01T00:00:00.000+0000,2023-12-01T00:00:00.000+0000,AWS,"Amazon Web Services Canada, Inc.","Amazon Web Services Canada, Inc.",123412340534,0.0,USD,0.0,us-east-2,Integration,AmazonSNS,123412340534,,,,,,,,1.0,Requests,,X7V4MxxxxxxM98JT,X7V4MHE7G6GM9xxx.xxxxxxxxxx.xxxVSFF4TP,5e-7,5e-7,1.0,Requests
2023-11-04T23:00:00.000+0000,2023-11-05T00:00:00.000+0000,Recurring,$0.02 per GB - US East (Northern Virginia) data transfer to US West (Oregon),Usage,2023-11-01T00:00:00.000+0000,2023-12-01T00:00:00.000+0000,AWS,"Amazon Web Services Canada, Inc.","Amazon Web Services Canada, Inc.",123412340534,1.3e-9,USD,1.3e-9,us-east-1,Storage,AmazonS3,123412340534,,,,,,,,6.71e-8,GB,,XGXYRxxxxxxSEUVT,XGXYRYWGNXSSExxx.xxxxxxxxxx.xxx6EN2CT7,0.02,1.342e-9,6.71e-8,GB
2023-11-04T23:00:00.000+0000,2023-11-05T00:00:00.000+0000,Recurring,$0.02 per GB - US East (Northern Virginia) data transfer to US West (Oregon),Usage,2023-11-01T00:00:00.000+0000,2023-12-01T00:00:00.000+0000,AWS,"Amazon Web Services Canada, Inc.","Amazon Web Services Canada, Inc.",123412340534,9e-9,USD,9e-9,us-east-1,Storage,AmazonS3,123412340534,,,,,,,,4.498e-7,GB,,XGXYRxxxxxxSEUVT,XGXYRYWGNXSSExxx.xxxxxxxxxx.xxx6EN2CT7,0.02,8.996e-9,4.498e-7,GB
2023-11-04T23:00:00.000+0000,2023-11-05T00:00:00.000+0000,Recurring,$0.02 per GB - US East (Northern Virginia) data transfer to US West (Oregon),Usage,2023-11-01T00:00:00.000+0000,2023-12-01T00:00:00.000+0000,AWS,"Amazon Web Services Canada, Inc.","Amazon Web Services Canada, Inc.",123412340534,1.8e-9,USD,1.8e-9,us-east-1,Storage,AmazonS3,123412340534,,,,,,,,8.85e-8,GB,,XGXYRxxxxxxSEUVT,XGXYRYWGNXSSExxx.xxxxxxxxxx.xxx6EN2CT7,0.02,1.77e-9,8.85e-8,GB
2023-11-05T23:00:00.000+0000,2023-11-06T00:00:00.000+0000,Recurring,$0.02 per GB - US East (Northern Virginia) data transfer to US West (Oregon),Usage,2023-11-01T00:00:00.000+0000,2023-12-01T00:00:00.000+0000,AWS,"Amazon Web Services Canada, Inc.","Amazon Web Services Canada, Inc.",123412340534,1.3e-9,USD,1.3e-9,us-east-1,Storage,AmazonS3,123412340534,,,,,,,,6.71e-8,GB,,XGXYRxxxxxxSEUVT,XGXYRYWGNXSSExxx.xxxxxxxxxx.xxx6EN2CT7,0.02,1.342e-9,6.71e-8,GB
2023-11-07T10:00:00.000+0000,2023-11-07T11:00:00.000+0000,Recurring,$0.02 per GB - US East (Northern Virginia) data transfer to US West (Oregon),Usage,2023-11-01T00:00:00.000+0000,2023-12-01T00:00:00.000+0000,AWS,"Amazon Web Services Canada, Inc.","Amazon Web Services Canada, Inc.",123412340534,2.8e-8,USD,2.8e-8,us-east-1,Storage,AmazonS3,123412340534,,,,,,,,1.3988e-6,GB,,XGXYRxxxxxxSEUVT,XGXYRYWGNXSSExxx.xxxxxxxxxx.xxx6EN2CT7,0.02,2.7976000000000002e-8,1.3988e-6,GB
2023-11-07T10:00:00.000+0000,2023-11-07T11:00:00.000+0000,Recurring,$0.02 per GB - US East (Northern Virginia) data transfer to US West (Oregon),Usage,2023-11-01T00:00:00.000+0000,2023-12-01T00:00:00.000+0000,AWS,"Amazon Web Services Canada, Inc.","Amazon Web Services Canada, Inc.",123412340534,1.52e-8,USD,1.52e-8,us-east-1,Storage,AmazonS3,123412340534,,,,,,,,7.609e-7,GB,,XGXYRxxxxxxSEUVT,XGXYRYWGNXSSExxx.xxxxxxxxxx.xxx6EN2CT7,0.02,1.5218e-8,7.609e-7,GB
2023-11-08T17:00:00.000+0000,2023-11-08T18:00:00.000+0000,Recurring,$0.02 per GB - US East (Northern Virginia) data transfer to US West (Oregon),Usage,2023-11-01T00:00:00.000+0000,2023-12-01T00:00:00.000+0000,AWS,"Amazon Web Services Canada, Inc.","Amazon Web Services Canada, Inc.",123412340534,1.8e-9,USD,1.8e-9,us-east-1,Storage,AmazonS3,123412340534,,,,,,,,8.85e-8,GB,,XGXYRxxxxxxSEUVT,XGXYRYWGNXSSExxx.xxxxxxxxxx.xxx6EN2CT7,0.02,1.77e-9,8.85e-8,GB
2023-11-10T23:00:00.000+0000,2023-11-11T00:00:00.000+0000,Recurring,$0.02 per GB - US East (Northern Virginia) data transfer to US West (Oregon),Usage,2023-11-01T00:00:00.000+0000,2023-12-01T00:00:00.000+0000,AWS,"Amazon Web Services Canada, Inc.","Amazon Web Services Canada, Inc.",123412340534,1.3e-9,USD,1.3e-9,us-east-1,Storage,AmazonS3,123412340534,,,,,,,,6.71e-8,GB,,XGXYRxxxxxxSEUVT,XGXYRYWGNXSSExxx.xxxxxxxxxx.xxx6EN2CT7,0.02,1.342e-9,6.71e-8,GB
2023-11-12T10:00:00.000+0000,2023-11-12T11:00:00.000+0000,Recurring,$0.02 per GB - US East (Northern Virginia) data transfer to US West (Oregon),Usage,2023-11-01T00:00:00.000+0000,2023-12-01T00:00:00.000+0000,AWS,"Amazon Web Services Canada, Inc.","Amazon Web Services Canada, Inc.",123412340534,2.78e-8,USD,2.78e-8,us-east-1,Storage,AmazonS3,123412340534,,,,,,,,1.3877e-6,GB,,XGXYRxxxxxxSEUVT,XGXYRYWGNXSSExxx.xxxxxxxxxx.xxx6EN2CT7,0.02,2.7754e-8,1.3877e-6,GB
2023-11-12T10:00:00.000+0000,2023-11-12T11:00:00.000+0000,Recurring,$0.02 per GB - US East (Northern Virginia) data transfer to US West (Oregon),Usage,2023-11-01T00:00:00.000+0000,2023-12-01T00:00:00.000+0000,AWS,"Amazon Web Services Canada, Inc.","Amazon Web Services Canada, Inc.",123412340534,1.52e-8,USD,1.52e-8,us-east-1,Storage,AmazonS3,123412340534,,,,,,,,7.609e-7,GB,,XGXYRxxxxxxSEUVT,XGXYRYWGNXSSExxx.xxxxxxxxxx.xxx6EN2CT7,0.02,1.5218e-8,7.609e-7,GB
2023-11-13T17:00:00.000+0000,2023-11-13T18:00:00.000+0000,Recurring,$0.02 per GB - US East (Northern Virginia) data transfer to US West (Oregon),Usage,2023-11-01T00:00:00.000+0000,2023-12-01T00:00:00.000+0000,AWS,"Amazon Web Services Canada, Inc.","Amazon Web Services Canada, Inc.",123412340534,1.8e-9,USD,1.8e-9,us-east-1,Storage,AmazonS3,123412340534,,,,,,,,8.85e-8,GB,,XGXYRxxxxxxSEUVT,XGXYRYWGNXSSExxx.xxxxxxxxxx.xxx6EN2CT7,0.02,1.77e-9,8.85e-8,GB
2023-11-07T05:00:00.000+0000,2023-11-07T07:00:00.000+0000,Recurring,$0.00 per GB - Canada (Central) data transfer from EU (Paris),Usage,2023-11-01T00:00:00.000+0000,2023-12-01T00:00:00.000+0000,AWS,"Amazon Web Services Canada, Inc.","Amazon Web Services Canada, Inc.",123412340534,0.0,USD,0.0,ca-central-1,Storage,AmazonS3,123412340534,,,,,,,,3.4096e-6,GB,,XPDECxxxxxxKWXRQ,XPDECPNDVPQKWxxx.xxxxxxxxxx.xxx6EN2CT7,0.0,0.0,3.4096e-6,GB
2023-11-04T23:00:00.000+0000,2023-11-05T00:00:00.000+0000,Recurring,$0 for AWS Glue Data Catalog requests under the free tier,Usage,2023-11-01T00:00:00.000+0000,2023-12-01T00:00:00.000+0000,AWS,"Amazon Web Services Canada, Inc.","Amazon Web Services Canada, Inc.",123412340534,0.0,USD,0.0,us-east-1,Analytics,AWSGlue,123412340534,,,,,,,,2.0,Request,,XUYP7xxxxxxFEEB7,XUYP7NN729GFExxx.xxxxxxxxxx.xxx6EN2CT7,1e-6,2e-6,2.0,Request
2023-11-07T11:00:00.000+0000,2023-11-07T12:00:00.000+0000,Recurring,$0 for AWS Glue Data Catalog requests under the free tier,Usage,2023-11-01T00:00:00.000+0000,2023-12-01T00:00:00.000+0000,AWS,"Amazon Web Services Canada, Inc.","Amazon Web Services Canada, Inc.",123412340534,0.0,USD,0.0,us-east-1,Analytics,AWSGlue,123412340534,,,,,,,,1.0,Request,,XUYP7xxxxxxFEEB7,XUYP7NN729GFExxx.xxxxxxxxxx.xxx6EN2CT7,1e-6,1e-6,1.0,Request
2023-11-10T08:00:00.000+0000,2023-11-10T09:00:00.000+0000,Recurring,$0 for AWS Glue Data Catalog requests under the free tier,Usage,2023-11-01T00:00:00.000+0000,2023-12-01T00:00:00.000+0000,AWS,"Amazon Web Services Canada, Inc.","Amazon Web Services Canada, Inc.",123412340534,0.0,USD,0.0,us-east-1,Analytics,AWSGlue,123412340534,,,,,,,,1.0,Request,,XUYP7xxxxxxFEEB7,XUYP7NN729GFExxx.xxxxxxxxxx.xxx6EN2CT7,1e-6,1e-6,1.0,Request
2023-11-12T11:00:00.000+0000,2023-11-12T12:00:00.000+0000,Recurring,$0 for AWS Glue Data Catalog requests under the free tier,Usage,2023-11-01T00:00:00.000+0000,2023-12-01T00:00:00.000+0000,AWS,"Amazon Web Services Canada, Inc.","Amazon Web Services Canada, Inc.",123412340534,0.0,USD,0.0,us-east-1,Analytics,AWSGlue,123412340534,,,,,,,,1.0,Request,,XUYP7xxxxxxFEEB7,XUYP7NN729GFExxx.xxxxxxxxxx.xxx6EN2CT7,1e-6,1e-6,1.0,Request
2023-11-07T05:00:00.000+0000,2023-11-07T07:00:00.000+0000,Recurring,$0.00 per GB - Canada (Central) data transfer from Israel (Tel Aviv),Usage,2023-11-01T00:00:00.000+0000,2023-12-01T00:00:00.000+0000,AWS,"Amazon Web Services Canada, Inc.","Amazon Web Services Canada, Inc.",123412340534,0.0,USD,0.0,ca-central-1,Storage,AmazonS3,123412340534,,,,,,,,9.993e-7,GB,,Y5AA5xxxxxxACAX4,Y5AA5UCAZCYACxxx.xxxxxxxxxx.xxx6EN2CT7,0.0,0.0,9.993e-7,GB
2023-11-04T23:00:00.000+0000,2023-11-05T00:00:00.000+0000,Recurring,"First 1,000,000 Amazon SQS Requests per month are free",Usage,2023-11-01T00:00:00.000+0000,2023-12-01T00:00:00.000+0000,AWS,"Amazon Web Services Canada, Inc.","Amazon Web Services Canada, Inc.",123412340534,0.0,USD,0.0,ap-south-1,Integration,AWSQueueService,123412340534,,,,,,,,1.0,Requests,,Y6JJ7xxxxxx64CH7,Y6JJ7JBXQG364xxx.xxxxxxxxxx.xxx6EN2CT7,4e-7,4e-7,1.0,Requests
2023-11-08T21:00:00.000+0000,2023-11-08T22:00:00.000+0000,Recurring,"First 1,000,000 Amazon SQS Requests per month are free",Usage,2023-11-01T00:00:00.000+0000,2023-12-01T00:00:00.000+0000,AWS,"Amazon Web Services Canada, Inc.","Amazon Web Services Canada, Inc.",123412340534,0.0,USD,0.0,ap-south-1,Integration,AWSQueueService,123412340534,,,,,,,,1.0,Requests,,Y6JJ7xxxxxx64CH7,Y6JJ7JBXQG364xxx.xxxxxxxxxx.xxx6EN2CT7,4e-7,4e-7,1.0,Requests
2023-11-13T21:00:00.000+0000,2023-11-13T22:00:00.000+0000,Recurring,"First 1,000,000 Amazon SQS Requests per month are free",Usage,2023-11-01T00:00:00.000+0000,2023-12-01T00:00:00.000+0000,AWS,"Amazon Web Services Canada, Inc.","Amazon Web Services Canada, Inc.",123412340534,0.0,USD,0.0,ap-south-1,Integration,AWSQueueService,123412340534,,,,,,,,1.0,Requests,,Y6JJ7xxxxxx64CH7,Y6JJ7JBXQG364xxx.xxxxxxxxxx.xxx6EN2CT7,4e-7,4e-7,1.0,Requests
2023-11-04T23:00:00.000+0000,2023-11-05T00:00:00.000+0000,Recurring,$0 for AWS Glue Data Catalog requests under the free tier,Usage,2023-11-01T00:00:00.000+0000,2023-12-01T00:00:00.000+0000,AWS,"Amazon Web Services Canada, Inc.","Amazon Web Services Canada, Inc.",123412340534,0.0,USD,0.0,ap-southeast-1,Analytics,AWSGlue,123412340534,,,,,,,,2.0,Request,,Y7M7VxxxxxxFXGY2,Y7M7VBTBV4CFXxxx.xxxxxxxxxx.xxx6EN2CT7,1e-6,2e-6,2.0,Request
2023-11-05T05:00:00.000+0000,2023-11-05T06:00:00.000+0000,Recurring,$0 for AWS Glue Data Catalog requests under the free tier,Usage,2023-11-01T00:00:00.000+0000,2023-12-01T00:00:00.000+0000,AWS,"Amazon Web Services Canada, Inc.","Amazon Web Services Canada, Inc.",123412340534,0.0,USD,0.0,ap-southeast-1,Analytics,AWSGlue,123412340534,,,,,,,,1.0,Request,,Y7M7VxxxxxxFXGY2,Y7M7VBTBV4CFXxxx.xxxxxxxxxx.xxx6EN2CT7,1e-6,1e-6,1.0,Request
2023-11-08T19:00:00.000+0000,2023-11-08T20:00:00.000+0000,Recurring,$0 for AWS Glue Data Catalog requests under the free tier,Usage,2023-11-01T00:00:00.000+0000,2023-12-01T00:00:00.000+0000,AWS,"Amazon Web Services Canada, Inc.","Amazon Web Services Canada, Inc.",123412340534,0.0,USD,0.0,ap-southeast-1,Analytics,AWSGlue,123412340534,,,,,,,,1.0,Request,,Y7M7VxxxxxxFXGY2,Y7M7VBTBV4CFXxxx.xxxxxxxxxx.xxx6EN2CT7,1e-6,1e-6,1.0,Request
2023-11-10T05:00:00.000+0000,2023-11-10T06:00:00.000+0000,Recurring,$0 for AWS Glue Data Catalog requests under the free tier,Usage,2023-11-01T00:00:00.000+0000,2023-12-01T00:00:00.000+0000,AWS,"Amazon Web Services Canada, Inc.","Amazon Web Services Canada, Inc.",123412340534,0.0,USD,0.0,ap-southeast-1,Analytics,AWSGlue,123412340534,,,,,,,,1.0,Request,,Y7M7VxxxxxxFXGY2,Y7M7VBTBV4CFXxxx.xxxxxxxxxx.xxx6EN2CT7,1e-6,1e-6,1.0,Request
2023-11-13T19:00:00.000+0000,2023-11-13T20:00:00.000+0000,Recurring,$0 for AWS Glue Data Catalog requests under the free tier,Usage,2023-11-01T00:00:00.000+0000,2023-12-01T00:00:00.000+0000,AWS,"Amazon Web Services Canada, Inc.","Amazon Web Services Canada, Inc.",123412340534,0.0,USD,0.0,ap-southeast-1,Analytics,AWSGlue,123412340534,,,,,,,,1.0,Request,,Y7M7VxxxxxxFXGY2,Y7M7VBTBV4CFXxxx.xxxxxxxxxx.xxx6EN2CT7,1e-6,1e-6,1.0,Request
2023-11-04T22:00:00.000+0000,2023-11-04T23:00:00.000+0000,Recurring,$0.02 per GB - US East (Northern Virginia) data transfer to Asia Pacific (Seoul),Usage,2023-11-01T00:00:00.000+0000,2023-12-01T00:00:00.000+0000,AWS,"Amazon Web Services Canada, Inc.","Amazon Web Services Canada, Inc.",123412340534,1.81e-8,USD,1.81e-8,us-east-1,Storage,AmazonS3,123412340534,,,,,,,,9.052e-7,GB,,Y8HYRxxxxxxQFJHH,Y8HYRU3BZZ4QFxxx.xxxxxxxxxx.xxx6EN2CT7,0.02,1.8104e-8,9.052e-7,GB
2023-11-04T23:00:00.000+0000,2023-11-05T00:00:00.000+0000,Recurring,$0.02 per GB - US East (Northern Virginia) data transfer to Asia Pacific (Seoul),Usage,2023-11-01T00:00:00.000+0000,2023-12-01T00:00:00.000+0000,AWS,"Amazon Web Services Canada, Inc.","Amazon Web Services Canada, Inc.",123412340534,1.3e-9,USD,1.3e-9,us-east-1,Storage,AmazonS3,123412340534,,,,,,,,6.71e-8,GB,,Y8HYRxxxxxxQFJHH,Y8HYRU3BZZ4QFxxx.xxxxxxxxxx.xxx6EN2CT7,0.02,1.342e-9,6.71e-8,GB
2023-11-04T22:00:00.000+0000,2023-11-04T23:00:00.000+0000,Recurring,$0.02 per GB - US East (Northern Virginia) data transfer to Asia Pacific (Seoul),Usage,2023-11-01T00:00:00.000+0000,2023-12-01T00:00:00.000+0000,AWS,"Amazon Web Services Canada, Inc.","Amazon Web Services Canada, Inc.",123412340534,8.4e-9,USD,8.4e-9,us-east-1,Storage,AmazonS3,123412340534,,,,,,,,4.21e-7,GB,,Y8HYRxxxxxxQFJHH,Y8HYRU3BZZ4QFxxx.xxxxxxxxxx.xxx6EN2CT7,0.02,8.42e-9,4.21e-7,GB
2023-11-04T23:00:00.000+0000,2023-11-05T00:00:00.000+0000,Recurring,$0.02 per GB - US East (Northern Virginia) data transfer to Asia Pacific (Seoul),Usage,2023-11-01T00:00:00.000+0000,2023-12-01T00:00:00.000+0000,AWS,"Amazon Web Services Canada, Inc.","Amazon Web Services Canada, Inc.",123412340534,1.8e-9,USD,1.8e-9,us-east-1,Storage,AmazonS3,123412340534,,,,,,,,8.85e-8,GB,,Y8HYRxxxxxxQFJHH,Y8HYRU3BZZ4QFxxx.xxxxxxxxxx.xxx6EN2CT7,0.02,1.77e-9,8.85e-8,GB
2023-11-07T11:00:00.000+0000,2023-11-07T12:00:00.000+0000,Recurring,$0.02 per GB - US East (Northern Virginia) data transfer to Asia Pacific (Seoul),Usage,2023-11-01T00:00:00.000+0000,2023-12-01T00:00:00.000+0000,AWS,"Amazon Web Services Canada, Inc.","Amazon Web Services Canada, Inc.",123412340534,1.3e-9,USD,1.3e-9,us-east-1,Storage,AmazonS3,123412340534,,,,,,,,6.71e-8,GB,,Y8HYRxxxxxxQFJHH,Y8HYRU3BZZ4QFxxx.xxxxxxxxxx.xxx6EN2CT7,0.02,1.342e-9,6.71e-8,GB
2023-11-08T18:00:00.000+0000,2023-11-08T19:00:00.000+0000,Recurring,$0.02 per GB - US East (Northern Virginia) data transfer to Asia Pacific (Seoul),Usage,2023-11-01T00:00:00.000+0000,2023-12-01T00:00:00.000+0000,AWS,"Amazon Web Services Canada, Inc.","Amazon Web Services Canada, Inc.",123412340534,4.59e-8,USD,4.59e-8,us-east-1,Storage,AmazonS3,123412340534,,,,,,,,2.2929e-6,GB,,Y8HYRxxxxxxQFJHH,Y8HYRU3BZZ4QFxxx.xxxxxxxxxx.xxx6EN2CT7,0.02,4.5858000000000006e-8,2.2929e-6,GB
2023-11-08T18:00:00.000+0000,2023-11-08T19:00:00.000+0000,Recurring,$0.02 per GB - US East (Northern Virginia) data transfer to Asia Pacific (Seoul),Usage,2023-11-01T00:00:00.000+0000,2023-12-01T00:00:00.000+0000,AWS,"Amazon Web Services Canada, Inc.","Amazon Web Services Canada, Inc.",123412340534,1.46e-8,USD,1.46e-8,us-east-1,Storage,AmazonS3,123412340534,,,,,,,,7.32e-7,GB,,Y8HYRxxxxxxQFJHH,Y8HYRU3BZZ4QFxxx.xxxxxxxxxx.xxx6EN2CT7,0.02,1.464e-8,7.32e-7,GB
2023-11-08T00:00:00.000+0000,2023-11-08T01:00:00.000+0000,Recurring,$0.02 per GB - US East (Northern Virginia) data transfer to Asia Pacific (Seoul),Usage,2023-11-01T00:00:00.000+0000,2023-12-01T00:00:00.000+0000,AWS,"Amazon Web Services Canada, Inc.","Amazon Web Services Canada, Inc.",123412340534,1.8e-9,USD,1.8e-9,us-east-1,Storage,AmazonS3,123412340534,,,,,,,,8.85e-8,GB,,Y8HYRxxxxxxQFJHH,Y8HYRU3BZZ4QFxxx.xxxxxxxxxx.xxx6EN2CT7,0.02,1.77e-9,8.85e-8,GB
2023-11-12T11:00:00.000+0000,2023-11-12T12:00:00.000+0000,Recurring,$0.02 per GB - US East (Northern Virginia) data transfer to Asia Pacific (Seoul),Usage,2023-11-01T00:00:00.000+0000,2023-12-01T00:00:00.000+0000,AWS,"Amazon Web Services Canada, Inc.","Amazon Web Services Canada, Inc.",123412340534,1.3e-9,USD,1.3e-9,us-east-1,Storage,AmazonS3,123412340534,,,,,,,,6.71e-8,GB,,Y8HYRxxxxxxQFJHH,Y8HYRU3BZZ4QFxxx.xxxxxxxxxx.xxx6EN2CT7,0.02,1.342e-9,6.71e-8,GB
2023-11-13T18:00:00.000+0000,2023-11-13T19:00:00.000+0000,Recurring,$0.02 per GB - US East (Northern Virginia) data transfer to Asia Pacific (Seoul),Usage,2023-11-01T00:00:00.000+0000,2023-12-01T00:00:00.000+0000,AWS,"Amazon Web Services Canada, Inc.","Amazon Web Services Canada, Inc.",123412340534,4.59e-8,USD,4.59e-8,us-east-1,Storage,AmazonS3,123412340534,,,,,,,,2.2929e-6,GB,,Y8HYRxxxxxxQFJHH,Y8HYRU3BZZ4QFxxx.xxxxxxxxxx.xxx6EN2CT7,0.02,4.5858000000000006e-8,2.2929e-6,GB
2023-11-13T18:00:00.000+0000,2023-11-13T19:00:00.000+0000,Recurring,$0.02 per GB - US East (Northern Virginia) data transfer to Asia Pacific (Seoul),Usage,2023-11-01T00:00:00.000+0000,2023-12-01T00:00:00.000+0000,AWS,"Amazon Web Services Canada, Inc.","Amazon Web Services Canada, Inc.",123412340534,1.46e-8,USD,1.46e-8,us-east-1,Storage,AmazonS3,123412340534,,,,,,,,7.32e-7,GB,,Y8HYRxxxxxxQFJHH,Y8HYRU3BZZ4QFxxx.xxxxxxxxxx.xxx6EN2CT7,0.02,1.464e-8,7.32e-7,GB
2023-11-13T00:00:00.000+0000,2023-11-13T01:00:00.000+0000,Recurring,$0.02 per GB - US East (Northern Virginia) data transfer to Asia Pacific (Seoul),Usage,2023-11-01T00:00:00.000+0000,2023-12-01T00:00:00.000+0000,AWS,"Amazon Web Services Canada, Inc.","Amazon Web Services Canada, Inc.",123412340534,1.8e-9,USD,1.8e-9,us-east-1,Storage,AmazonS3,123412340534,,,,,,,,8.85e-8,GB,,Y8HYRxxxxxxQFJHH,Y8HYRU3BZZ4QFxxx.xxxxxxxxxx.xxx6EN2CT7,0.02,1.77e-9,8.85e-8,GB
2023-11-04T23:00:00.000+0000,2023-11-05T00:00:00.000+0000,Recurring,USD 0.0 per Requests for Requests-Tier1 in EU (Stockholm),Usage,2023-11-01T00:00:00.000+0000,2023-12-01T00:00:00.000+0000,AWS,"Amazon Web Services Canada, Inc.","Amazon Web Services Canada, Inc.",123412340534,0.0,USD,0.0,eu-north-1,Integration,AWSQueueService,123412340534,,,,,,,,1.0,Requests,,Y8W4TxxxxxxDM9BG,Y8W4TKQWYZFDMxxx.xxxxxxxxxx.xxx6EN2CT7,4e-7,4e-7,1.0,Requests
2023-11-11T02:00:00.000+0000,2023-11-11T03:00:00.000+0000,Recurring,USD 0.0 per Requests for Requests-Tier1 in EU (Stockholm),Usage,2023-11-01T00:00:00.000+0000,2023-12-01T00:00:00.000+0000,AWS,"Amazon Web Services Canada, Inc.","Amazon Web Services Canada, Inc.",123412340534,0.0,USD,0.0,eu-north-1,Integration,AWSQueueService,123412340534,,,,,,,,1.0,Requests,,Y8W4TxxxxxxDM9BG,Y8W4TKQWYZFDMxxx.xxxxxxxxxx.xxx6EN2CT7,4e-7,4e-7,1.0,Requests
2023-11-07T04:00:00.000+0000,2023-11-07T06:00:00.000+0000,Recurring,0.0 per free event recorded in US East (Ohio) region,Usage,2023-11-01T00:00:00.000+0000,2023-12-01T00:00:00.000+0000,AWS,"Amazon Web Services Canada, Inc.","Amazon Web Services Canada, Inc.",123412340534,0.0,USD,0.0,us-east-2,Management and Governance,AWSCloudTrail,123412340534,,,,,,,,6.0,Events,,YPA9GxxxxxxSCQGJ,YPA9G6CYTXQSCxxx.xxxxxxxxxx.xxx6EN2CT7,0.0,0.0,6.0,Events
2023-11-05T04:00:00.000+0000,2023-11-05T06:00:00.000+0000,Recurring,$0.00 per GB - regional data transfer - in/out/between EC2 Azs or using elastic IPs or ELB,Usage,2023-11-01T00:00:00.000+0000,2023-12-01T00:00:00.000+0000,AWS,"Amazon Web Services Canada, Inc.","Amazon Web Services Canada, Inc.",123412340534,0.0,USD,0.0,ca-central-1,,AWSCloudShell,123412340534,,,,,,,,0.0018607127,GB,,YWBN2xxxxxxTYSVG,YWBN22EQ5U8TYxxx.xxxxxxxxxx.xxx6EN2CT7,0.0,0.0,0.0018607127,GB
2023-11-01T00:00:00.000+0000,2023-11-01T01:00:00.000+0000,Recurring,$0.023 per GB - first 50 TB / month of storage used,Usage,2023-11-01T00:00:00.000+0000,2023-12-01T00:00:00.000+0000,AWS,"Amazon Web Services Canada, Inc.","Amazon Web Services Canada, Inc.",123412340534,0.0002123027,USD,0.0002123027,us-west-2,Storage,AmazonS3,123412340534,,,,,,,,0.0092305501,GB-Mo,,Z3FQZxxxxxxPVABR,Z3FQZG73HYSPVxxx.xxxxxxxxxx.xxxJ3S3EYE,0.023,0.0002123026523,0.0092305501,GB-Mo
2023-11-02T00:00:00.000+0000,2023-11-02T01:00:00.000+0000,Recurring,$0.023 per GB - first 50 TB / month of storage used,Usage,2023-11-01T00:00:00.000+0000,2023-12-01T00:00:00.000+0000,AWS,"Amazon Web Services Canada, Inc.","Amazon Web Services Canada, Inc.",123412340534,0.0002099513,USD,0.0002099513,us-west-2,Storage,AmazonS3,123412340534,,,,,,,,0.0091283162,GB-Mo,,Z3FQZxxxxxxPVABR,Z3FQZG73HYSPVxxx.xxxxxxxxxx.xxxJ3S3EYE,0.023,0.0002099512726,0.0091283162,GB-Mo
2023-11-02T00:00:00.000+0000,2023-11-02T01:00:00.000+0000,Recurring,$0.023 per GB - first 50 TB / month of storage used,Usage,2023-11-01T00:00:00.000+0000,2023-12-01T00:00:00.000+0000,AWS,"Amazon Web Services Canada, Inc.","Amazon Web Services Canada, Inc.",123412340534,0.0003277316,USD,0.0003277316,us-west-2,Storage,AmazonS3,123412340534,,,,,,,,0.014249199,GB-Mo,,Z3FQZxxxxxxPVABR,Z3FQZG73HYSPVxxx.xxxxxxxxxx.xxxJ3S3EYE,0.023,0.000327731577,0.014249199,GB-Mo
2023-11-03T00:00:00.000+0000,2023-11-03T01:00:00.000+0000,Recurring,$0.023 per GB - first 50 TB / month of storage used,Usage,2023-11-01T00:00:00.000+0000,2023-12-01T00:00:00.000+0000,AWS,"Amazon Web Services Canada, Inc.","Amazon Web Services Canada, Inc.",123412340534,0.0002083252,USD,0.0002083252,us-west-2,Storage,AmazonS3,123412340534,,,,,,,,0.0090576172,GB-Mo,,Z3FQZxxxxxxPVABR,Z3FQZG73HYSPVxxx.xxxxxxxxxx.xxxJ3S3EYE,0.023,0.0002083251956,0.0090576172,GB-Mo
2023-11-03T00:00:00.000+0000,2023-11-03T01:00:00.000+0000,Recurring,$0.023 per GB - first 50 TB / month of storage used,Usage,2023-11-01T00:00:00.000+0000,2023-12-01T00:00:00.000+0000,AWS,"Amazon Web Services Canada, Inc.","Amazon Web Services Canada, Inc.",123412340534,0.0017706894,USD,0.0017706894,us-west-2,Storage,AmazonS3,123412340534,,,,,,,,0.0769864974,GB-Mo,,Z3FQZxxxxxxPVABR,Z3FQZG73HYSPVxxx.xxxxxxxxxx.xxxJ3S3EYE,0.023,0.0017706894402000001,0.0769864974,GB-Mo
2023-11-04T00:00:00.000+0000,2023-11-04T01:00:00.000+0000,Recurring,$0.023 per GB - first 50 TB / month of storage used,Usage,2023-11-01T00:00:00.000+0000,2023-12-01T00:00:00.000+0000,AWS,"Amazon Web Services Canada, Inc.","Amazon Web Services Canada, Inc.",123412340534,0.0002254166,USD,0.0002254166,us-west-2,Storage,AmazonS3,123412340534,,,,,,,,0.0098007202,GB-Mo,,Z3FQZxxxxxxPVABR,Z3FQZG73HYSPVxxx.xxxxxxxxxx.xxxJ3S3EYE,0.023,0.00022541656459999998,0.0098007202,GB-Mo
2023-11-04T00:00:00.000+0000,2023-11-04T01:00:00.000+0000,Recurring,$0.023 per GB - first 50 TB / month of storage used,Usage,2023-11-01T00:00:00.000+0000,2023-12-01T00:00:00.000+0000,AWS,"Amazon Web Services Canada, Inc.","Amazon Web Services Canada, Inc.",123412340534,0.0016385207,USD,0.0016385207,us-west-2,Storage,AmazonS3,123412340534,,,,,,,,0.0712400284,GB-Mo,,Z3FQZxxxxxxPVABR,Z3FQZG73HYSPVxxx.xxxxxxxxxx.xxxJ3S3EYE,0.023,0.0016385206532,0.0712400284,GB-Mo
2023-11-05T00:00:00.000+0000,2023-11-05T01:00:00.000+0000,Recurring,$0.023 per GB - first 50 TB / month of storage used,Usage,2023-11-01T00:00:00.000+0000,2023-12-01T00:00:00.000+0000,AWS,"Amazon Web Services Canada, Inc.","Amazon Web Services Canada, Inc.",123412340534,0.0002278264,USD,0.0002278264,us-west-2,Storage,AmazonS3,123412340534,,,,,,,,0.0099054972,GB-Mo,,Z3FQZxxxxxxPVABR,Z3FQZG73HYSPVxxx.xxxxxxxxxx.xxxJ3S3EYE,0.023,0.0002278264356,0.0099054972,GB-Mo
2023-11-05T00:00:00.000+0000,2023-11-05T01:00:00.000+0000,Recurring,$0.023 per GB - first 50 TB / month of storage used,Usage,2023-11-01T00:00:00.000+0000,2023-12-01T00:00:00.000+0000,AWS,"Amazon Web Services Canada, Inc.","Amazon Web Services Canada, Inc.",123412340534,0.0018857661,USD,0.0018857661,us-west-2,Storage,AmazonS3,123412340534,,,,,,,,0.0819898326,GB-Mo,,Z3FQZxxxxxxPVABR,Z3FQZG73HYSPVxxx.xxxxxxxxxx.xxxJ3S3EYE,0.023,0.0018857661498000002,0.0819898326,GB-Mo
2023-11-06T00:00:00.000+0000,2023-11-06T01:00:00.000+0000,Recurring,$0.023 per GB - first 50 TB / month of storage used,Usage,2023-11-01T00:00:00.000+0000,2023-12-01T00:00:00.000+0000,AWS,"Amazon Web Services Canada, Inc.","Amazon Web Services Canada, Inc.",123412340534,0.0002396067,USD,0.0002396067,us-west-2,Storage,AmazonS3,123412340534,,,,,,,,0.0104176839,GB-Mo,,Z3FQZxxxxxxPVABR,Z3FQZG73HYSPVxxx.xxxxxxxxxx.xxxJ3S3EYE,0.023,0.0002396067297,0.0104176839,GB-Mo
2023-11-06T00:00:00.000+0000,2023-11-06T01:00:00.000+0000,Recurring,$0.023 per GB - first 50 TB / month of storage used,Usage,2023-11-01T00:00:00.000+0000,2023-12-01T00:00:00.000+0000,AWS,"Amazon Web Services Canada, Inc.","Amazon Web Services Canada, Inc.",123412340534,0.0010576333,USD,0.0010576333,us-west-2,Storage,AmazonS3,123412340534,,,,,,,,0.0459840564,GB-Mo,,Z3FQZxxxxxxPVABR,Z3FQZG73HYSPVxxx.xxxxxxxxxx.xxxJ3S3EYE,0.023,0.0010576332972,0.0459840564,GB-Mo
2023-11-07T00:00:00.000+0000,2023-11-07T01:00:00.000+0000,Recurring,$0.023 per GB - first 50 TB / month of storage used,Usage,2023-11-01T00:00:00.000+0000,2023-12-01T00:00:00.000+0000,AWS,"Amazon Web Services Canada, Inc.","Amazon Web Services Canada, Inc.",123412340534,0.0002305346,USD,0.0002305346,us-west-2,Storage,AmazonS3,123412340534,,,,,,,,0.0100232442,GB-Mo,,Z3FQZxxxxxxPVABR,Z3FQZG73HYSPVxxx.xxxxxxxxxx.xxxJ3S3EYE,0.023,0.0002305346166,0.0100232442,GB-Mo
2023-11-07T00:00:00.000+0000,2023-11-07T01:00:00.000+0000,Recurring,$0.023 per GB - first 50 TB / month of storage used,Usage,2023-11-01T00:00:00.000+0000,2023-12-01T00:00:00.000+0000,AWS,"Amazon Web Services Canada, Inc.","Amazon Web Services Canada, Inc.",123412340534,0.0019748999,USD,0.0019748999,us-west-2,Storage,AmazonS3,123412340534,,,,,,,,0.0858652131,GB-Mo,,Z3FQZxxxxxxPVABR,Z3FQZG73HYSPVxxx.xxxxxxxxxx.xxxJ3S3EYE,0.023,0.0019748999013,0.0858652131,GB-Mo
2023-11-08T00:00:00.000+0000,2023-11-08T01:00:00.000+0000,Recurring,$0.023 per GB - first 50 TB / month of storage used,Usage,2023-11-01T00:00:00.000+0000,2023-12-01T00:00:00.000+0000,AWS,"Amazon Web Services Canada, Inc.","Amazon Web Services Canada, Inc.",123412340534,0.0002352023,USD,0.0002352023,us-west-2,Storage,AmazonS3,123412340534,,,,,,,,0.0102261861,GB-Mo,,Z3FQZxxxxxxPVABR,Z3FQZG73HYSPVxxx.xxxxxxxxxx.xxxJ3S3EYE,0.023,0.00023520228029999998,0.0102261861,GB-Mo
2023-11-08T00:00:00.000+0000,2023-11-08T01:00:00.000+0000,Recurring,$0.023 per GB - first 50 TB / month of storage used,Usage,2023-11-01T00:00:00.000+0000,2023-12-01T00:00:00.000+0000,AWS,"Amazon Web Services Canada, Inc.","Amazon Web Services Canada, Inc.",123412340534,0.0018638674,USD,0.0018638674,us-west-2,Storage,AmazonS3,123412340534,,,,,,,,0.0810377113,GB-Mo,,Z3FQZxxxxxxPVABR,Z3FQZG73HYSPVxxx.xxxxxxxxxx.xxxJ3S3EYE,0.023,0.0018638673599,0.0810377113,GB-Mo
2023-11-09T00:00:00.000+0000,2023-11-09T01:00:00.000+0000,Recurring,$0.023 per GB - first 50 TB / month of storage used,Usage,2023-11-01T00:00:00.000+0000,2023-12-01T00:00:00.000+0000,AWS,"Amazon Web Services Canada, Inc.","Amazon Web Services Canada, Inc.",123412340534,0.000254335,USD,0.000254335,us-west-2,Storage,AmazonS3,123412340534,,,,,,,,0.0110580444,GB-Mo,,Z3FQZxxxxxxPVABR,Z3FQZG73HYSPVxxx.xxxxxxxxxx.xxxJ3S3EYE,0.023,0.0002543350212,0.0110580444,GB-Mo
2023-11-09T00:00:00.000+0000,2023-11-09T01:00:00.000+0000,Recurring,$0.023 per GB - first 50 TB / month of storage used,Usage,2023-11-01T00:00:00.000+0000,2023-12-01T00:00:00.000+0000,AWS,"Amazon Web Services Canada, Inc.","Amazon Web Services Canada, Inc.",123412340534,0.0014167646,USD,0.0014167646,us-west-2,Storage,AmazonS3,123412340534,,,,,,,,0.0615984594,GB-Mo,,Z3FQZxxxxxxPVABR,Z3FQZG73HYSPVxxx.xxxxxxxxxx.xxxJ3S3EYE,0.023,0.0014167645662,0.0615984594,GB-Mo
2023-11-10T00:00:00.000+0000,2023-11-10T01:00:00.000+0000,Recurring,$0.023 per GB - first 50 TB / month of storage used,Usage,2023-11-01T00:00:00.000+0000,2023-12-01T00:00:00.000+0000,AWS,"Amazon Web Services Canada, Inc.","Amazon Web Services Canada, Inc.",123412340534,0.0002729998,USD,0.0002729998,us-west-2,Storage,AmazonS3,123412340534,,,,,,,,0.0118695577,GB-Mo,,Z3FQZxxxxxxPVABR,Z3FQZG73HYSPVxxx.xxxxxxxxxx.xxxJ3S3EYE,0.023,0.0002729998271,0.0118695577,GB-Mo
2023-11-10T00:00:00.000+0000,2023-11-10T01:00:00.000+0000,Recurring,$0.023 per GB - first 50 TB / month of storage used,Usage,2023-11-01T00:00:00.000+0000,2023-12-01T00:00:00.000+0000,AWS,"Amazon Web Services Canada, Inc.","Amazon Web Services Canada, Inc.",123412340534,0.001854541,USD,0.001854541,us-west-2,Storage,AmazonS3,123412340534,,,,,,,,0.0806322179,GB-Mo,,Z3FQZxxxxxxPVABR,Z3FQZG73HYSPVxxx.xxxxxxxxxx.xxxJ3S3EYE,0.023,0.0018545410116999998,0.0806322179,GB-Mo
2023-11-11T00:00:00.000+0000,2023-11-11T01:00:00.000+0000,Recurring,$0.023 per GB - first 50 TB / month of storage used,Usage,2023-11-01T00:00:00.000+0000,2023-12-01T00:00:00.000+0000,AWS,"Amazon Web Services Canada, Inc.","Amazon Web Services Canada, Inc.",123412340534,0.0002827446,USD,0.0002827446,us-west-2,Storage,AmazonS3,123412340534,,,,,,,,0.0122932434,GB-Mo,,Z3FQZxxxxxxPVABR,Z3FQZG73HYSPVxxx.xxxxxxxxxx.xxxJ3S3EYE,0.023,0.00028274459820000003,0.0122932434,GB-Mo
2023-11-11T00:00:00.000+0000,2023-11-11T01:00:00.000+0000,Recurring,$0.023 per GB - first 50 TB / month of storage used,Usage,2023-11-01T00:00:00.000+0000,2023-12-01T00:00:00.000+0000,AWS,"Amazon Web Services Canada, Inc.","Amazon Web Services Canada, Inc.",123412340534,0.0018945667,USD,0.0018945667,us-west-2,Storage,AmazonS3,123412340534,,,,,,,,0.0823724666,GB-Mo,,Z3FQZxxxxxxPVABR,Z3FQZG73HYSPVxxx.xxxxxxxxxx.xxxJ3S3EYE,0.023,0.0018945667318,0.0823724666,GB-Mo
2023-11-12T00:00:00.000+0000,2023-11-12T01:00:00.000+0000,Recurring,$0.023 per GB - first 50 TB / month of storage used,Usage,2023-11-01T00:00:00.000+0000,2023-12-01T00:00:00.000+0000,AWS,"Amazon Web Services Canada, Inc.","Amazon Web Services Canada, Inc.",123412340534,0.0002848971,USD,0.0002848971,us-west-2,Storage,AmazonS3,123412340534,,,,,,,,0.0123868306,GB-Mo,,Z3FQZxxxxxxPVABR,Z3FQZG73HYSPVxxx.xxxxxxxxxx.xxxJ3S3EYE,0.023,0.0002848971038,0.0123868306,GB-Mo
2023-11-12T00:00:00.000+0000,2023-11-12T01:00:00.000+0000,Recurring,$0.023 per GB - first 50 TB / month of storage used,Usage,2023-11-01T00:00:00.000+0000,2023-12-01T00:00:00.000+0000,AWS,"Amazon Web Services Canada, Inc.","Amazon Web Services Canada, Inc.",123412340534,0.0020438876,USD,0.0020438876,us-west-2,Storage,AmazonS3,123412340534,,,,,,,,0.0888646795,GB-Mo,,Z3FQZxxxxxxPVABR,Z3FQZG73HYSPVxxx.xxxxxxxxxx.xxxJ3S3EYE,0.023,0.0020438876285,0.0888646795,GB-Mo
2023-11-13T00:00:00.000+0000,2023-11-13T01:00:00.000+0000,Recurring,$0.023 per GB - first 50 TB / month of storage used,Usage,2023-11-01T00:00:00.000+0000,2023-12-01T00:00:00.000+0000,AWS,"Amazon Web Services Canada, Inc.","Amazon Web Services Canada, Inc.",123412340534,0.0002913429,USD,0.0002913429,us-west-2,Storage,AmazonS3,123412340534,,,,,,,,0.0126670837,GB-Mo,,Z3FQZxxxxxxPVABR,Z3FQZG73HYSPVxxx.xxxxxxxxxx.xxxJ3S3EYE,0.023,0.0002913429251,0.0126670837,GB-Mo
2023-11-13T00:00:00.000+0000,2023-11-13T01:00:00.000+0000,Recurring,$0.023 per GB - first 50 TB / month of storage used,Usage,2023-11-01T00:00:00.000+0000,2023-12-01T00:00:00.000+0000,AWS,"Amazon Web Services Canada, Inc.","Amazon Web Services Canada, Inc.",123412340534,0.0020982182,USD,0.0020982182,us-west-2,Storage,AmazonS3,123412340534,,,,,,,,0.0912268761,GB-Mo,,Z3FQZxxxxxxPVABR,Z3FQZG73HYSPVxxx.xxxxxxxxxx.xxxJ3S3EYE,0.023,0.0020982181503,0.0912268761,GB-Mo
2023-11-01T17:00:00.000+0000,2023-11-01T18:00:00.000+0000,Recurring,$0.02 per GB - US East (Northern Virginia) data transfer to Canada (Central),Usage,2023-11-01T00:00:00.000+0000,2023-12-01T00:00:00.000+0000,AWS,"Amazon Web Services Canada, Inc.","Amazon Web Services Canada, Inc.",123412340534,1.3e-9,USD,1.3e-9,us-east-1,Storage,AmazonS3,123412340534,,,,,,,,6.71e-8,GB,,Z7DQXxxxxxxW7T5N,Z7DQXX2TTGQW7xxx.xxxxxxxxxx.xxx6EN2CT7,0.02,1.342e-9,6.71e-8,GB
2023-11-01T17:00:00.000+0000,2023-11-01T18:00:00.000+0000,Recurring,$0.02 per GB - US East (Northern Virginia) data transfer to Canada (Central),Usage,2023-11-01T00:00:00.000+0000,2023-12-01T00:00:00.000+0000,AWS,"Amazon Web Services Canada, Inc.","Amazon Web Services Canada, Inc.",123412340534,1.68e-8,USD,1.68e-8,us-east-1,Storage,AmazonS3,123412340534,,,,,,,,8.419e-7,GB,,Z7DQXxxxxxxW7T5N,Z7DQXX2TTGQW7xxx.xxxxxxxxxx.xxx6EN2CT7,0.02,1.6838e-8,8.419e-7,GB
2023-11-01T00:00:00.000+0000,2023-11-01T19:00:00.000+0000,Recurring,$0.02 per GB - US East (Northern Virginia) data transfer to Canada (Central),Usage,2023-11-01T00:00:00.000+0000,2023-12-01T00:00:00.000+0000,AWS,"Amazon Web Services Canada, Inc.","Amazon Web Services Canada, Inc.",123412340534,8.5e-9,USD,8.5e-9,us-east-1,Storage,AmazonS3,123412340534,,,,,,,,4.24e-7,GB,,Z7DQXxxxxxxW7T5N,Z7DQXX2TTGQW7xxx.xxxxxxxxxx.xxx6EN2CT7,0.02,8.48e-9,4.24e-7,GB
2023-11-01T00:00:00.000+0000,2023-11-01T19:00:00.000+0000,Recurring,$0.02 per GB - US East (Northern Virginia) data transfer to Canada (Central),Usage,2023-11-01T00:00:00.000+0000,2023-12-01T00:00:00.000+0000,AWS,"Amazon Web Services Canada, Inc.","Amazon Web Services Canada, Inc.",123412340534,3.45e-8,USD,3.45e-8,us-east-1,Storage,AmazonS3,123412340534,,,,,,,,1.7275e-6,GB,,Z7DQXxxxxxxW7T5N,Z7DQXX2TTGQW7xxx.xxxxxxxxxx.xxx6EN2CT7,0.02,3.455e-8,1.7275e-6,GB
2023-11-02T17:00:00.000+0000,2023-11-02T18:00:00.000+0000,Recurring,$0.02 per GB - US East (Northern Virginia) data transfer to Canada (Central),Usage,2023-11-01T00:00:00.000+0000,2023-12-01T00:00:00.000+0000,AWS,"Amazon Web Services Canada, Inc.","Amazon Web Services Canada, Inc.",123412340534,1.3e-9,USD,1.3e-9,us-east-1,Storage,AmazonS3,123412340534,,,,,,,,6.71e-8,GB,,Z7DQXxxxxxxW7T5N,Z7DQXX2TTGQW7xxx.xxxxxxxxxx.xxx6EN2CT7,0.02,1.342e-9,6.71e-8,GB
2023-11-02T17:00:00.000+0000,2023-11-02T18:00:00.000+0000,Recurring,$0.02 per GB - US East (Northern Virginia) data transfer to Canada (Central),Usage,2023-11-01T00:00:00.000+0000,2023-12-01T00:00:00.000+0000,AWS,"Amazon Web Services Canada, Inc.","Amazon Web Services Canada, Inc.",123412340534,1.68e-8,USD,1.68e-8,us-east-1,Storage,AmazonS3,123412340534,,,,,,,,8.419e-7,GB,,Z7DQXxxxxxxW7T5N,Z7DQXX2TTGQW7xxx.xxxxxxxxxx.xxx6EN2CT7,0.02,1.6838e-8,8.419e-7,GB
2023-11-02T00:00:00.000+0000,2023-11-02T19:00:00.000+0000,Recurring,$0.02 per GB - US East (Northern Virginia) data transfer to Canada (Central),Usage,2023-11-01T00:00:00.000+0000,2023-12-01T00:00:00.000+0000,AWS,"Amazon Web Services Canada, Inc.","Amazon Web Services Canada, Inc.",123412340534,8.5e-9,USD,8.5e-9,us-east-1,Storage,AmazonS3,123412340534,,,,,,,,4.24e-7,GB,,Z7DQXxxxxxxW7T5N,Z7DQXX2TTGQW7xxx.xxxxxxxxxx.xxx6EN2CT7,0.02,8.48e-9,4.24e-7,GB
2023-11-02T00:00:00.000+0000,2023-11-02T19:00:00.000+0000,Recurring,$0.02 per GB - US East (Northern Virginia) data transfer to Canada (Central),Usage,2023-11-01T00:00:00.000+0000,2023-12-01T00:00:00.000+0000,AWS,"Amazon Web Services Canada, Inc.","Amazon Web Services Canada, Inc.",123412340534,3.45e-8,USD,3.45e-8,us-east-1,Storage,AmazonS3,123412340534,,,,,,,,1.7275e-6,GB,,Z7DQXxxxxxxW7T5N,Z7DQXX2TTGQW7xxx.xxxxxxxxxx.xxx6EN2CT7,0.02,3.455e-8,1.7275e-6,GB
2023-11-03T17:00:00.000+0000,2023-11-03T18:00:00.000+0000,Recurring,$0.02 per GB - US East (Northern Virginia) data transfer to Canada (Central),Usage,2023-11-01T00:00:00.000+0000,2023-12-01T00:00:00.000+0000,AWS,"Amazon Web Services Canada, Inc.","Amazon Web Services Canada, Inc.",123412340534,1.3e-9,USD,1.3e-9,us-east-1,Storage,AmazonS3,123412340534,,,,,,,,6.71e-8,GB,,Z7DQXxxxxxxW7T5N,Z7DQXX2TTGQW7xxx.xxxxxxxxxx.xxx6EN2CT7,0.02,1.342e-9,6.71e-8,GB
2023-11-03T17:00:00.000+0000,2023-11-03T18:00:00.000+0000,Recurring,$0.02 per GB - US East (Northern Virginia) data transfer to Canada (Central),Usage,2023-11-01T00:00:00.000+0000,2023-12-01T00:00:00.000+0000,AWS,"Amazon Web Services Canada, Inc.","Amazon Web Services Canada, Inc.",123412340534,1.68e-8,USD,1.68e-8,us-east-1,Storage,AmazonS3,123412340534,,,,,,,,8.419e-7,GB,,Z7DQXxxxxxxW7T5N,Z7DQXX2TTGQW7xxx.xxxxxxxxxx.xxx6EN2CT7,0.02,1.6838e-8,8.419e-7,GB
2023-11-03T00:00:00.000+0000,2023-11-03T19:00:00.000+0000,Recurring,$0.02 per GB - US East (Northern Virginia) data transfer to Canada (Central),Usage,2023-11-01T00:00:00.000+0000,2023-12-01T00:00:00.000+0000,AWS,"Amazon Web Services Canada, Inc.","Amazon Web Services Canada, Inc.",123412340534,8.5e-9,USD,8.5e-9,us-east-1,Storage,AmazonS3,123412340534,,,,,,,,4.24e-7,GB,,Z7DQXxxxxxxW7T5N,Z7DQXX2TTGQW7xxx.xxxxxxxxxx.xxx6EN2CT7,0.02,8.48e-9,4.24e-7,GB
2023-11-03T00:00:00.000+0000,2023-11-03T19:00:00.000+0000,Recurring,$0.02 per GB - US East (Northern Virginia) data transfer to Canada (Central),Usage,2023-11-01T00:00:00.000+0000,2023-12-01T00:00:00.000+0000,AWS,"Amazon Web Services Canada, Inc.","Amazon Web Services Canada, Inc.",123412340534,3.45e-8,USD,3.45e-8,us-east-1,Storage,AmazonS3,123412340534,,,,,,,,1.7275e-6,GB,,Z7DQXxxxxxxW7T5N,Z7DQXX2TTGQW7xxx.xxxxxxxxxx.xxx6EN2CT7,0.02,3.455e-8,1.7275e-6,GB
2023-11-04T23:00:00.000+0000,2023-11-05T00:00:00.000+0000,Recurring,$0.02 per GB - US East (Northern Virginia) data transfer to Canada (Central),Usage,2023-11-01T00:00:00.000+0000,2023-12-01T00:00:00.000+0000,AWS,"Amazon Web Services Canada, Inc.","Amazon Web Services Canada, Inc.",123412340534,1.79e-8,USD,1.79e-8,us-east-1,Storage,AmazonS3,123412340534,,,,,,,,8.941e-7,GB,,Z7DQXxxxxxxW7T5N,Z7DQXX2TTGQW7xxx.xxxxxxxxxx.xxx6EN2CT7,0.02,1.7882e-8,8.941e-7,GB
2023-11-04T17:00:00.000+0000,2023-11-05T00:00:00.000+0000,Recurring,$0.02 per GB - US East (Northern Virginia) data transfer to Canada (Central),Usage,2023-11-01T00:00:00.000+0000,2023-12-01T00:00:00.000+0000,AWS,"Amazon Web Services Canada, Inc.","Amazon Web Services Canada, Inc.",123412340534,2.6e-9,USD,2.6e-9,us-east-1,Storage,AmazonS3,123412340534,,,,,,,,1.342e-7,GB,,Z7DQXxxxxxxW7T5N,Z7DQXX2TTGQW7xxx.xxxxxxxxxx.xxx6EN2CT7,0.02,2.684e-9,1.342e-7,GB
2023-11-04T17:00:00.000+0000,2023-11-05T00:00:00.000+0000,Recurring,$0.02 per GB - US East (Northern Virginia) data transfer to Canada (Central),Usage,2023-11-01T00:00:00.000+0000,2023-12-01T00:00:00.000+0000,AWS,"Amazon Web Services Canada, Inc.","Amazon Web Services Canada, Inc.",123412340534,2.52e-8,USD,2.52e-8,us-east-1,Storage,AmazonS3,123412340534,,,,,,,,1.2629e-6,GB,,Z7DQXxxxxxxW7T5N,Z7DQXX2TTGQW7xxx.xxxxxxxxxx.xxx6EN2CT7,0.02,2.5258e-8,1.2629e-6,GB
2023-11-04T23:00:00.000+0000,2023-11-05T00:00:00.000+0000,Recurring,$0.02 per GB - US East (Northern Virginia) data transfer to Canada (Central),Usage,2023-11-01T00:00:00.000+0000,2023-12-01T00:00:00.000+0000,AWS,"Amazon Web Services Canada, Inc.","Amazon Web Services Canada, Inc.",123412340534,1.8e-9,USD,1.8e-9,us-east-1,Storage,AmazonS3,123412340534,,,,,,,,8.85e-8,GB,,Z7DQXxxxxxxW7T5N,Z7DQXX2TTGQW7xxx.xxxxxxxxxx.xxx6EN2CT7,0.02,1.77e-9,8.85e-8,GB
2023-11-04T00:00:00.000+0000,2023-11-04T19:00:00.000+0000,Recurring,$0.02 per GB - US East (Northern Virginia) data transfer to Canada (Central),Usage,2023-11-01T00:00:00.000+0000,2023-12-01T00:00:00.000+0000,AWS,"Amazon Web Services Canada, Inc.","Amazon Web Services Canada, Inc.",123412340534,8.5e-9,USD,8.5e-9,us-east-1,Storage,AmazonS3,123412340534,,,,,,,,4.24e-7,GB,,Z7DQXxxxxxxW7T5N,Z7DQXX2TTGQW7xxx.xxxxxxxxxx.xxx6EN2CT7,0.02,8.48e-9,4.24e-7,GB
2023-11-04T00:00:00.000+0000,2023-11-04T19:00:00.000+0000,Recurring,$0.02 per GB - US East (Northern Virginia) data transfer to Canada (Central),Usage,2023-11-01T00:00:00.000+0000,2023-12-01T00:00:00.000+0000,AWS,"Amazon Web Services Canada, Inc.","Amazon Web Services Canada, Inc.",123412340534,3.47e-8,USD,3.47e-8,us-east-1,Storage,AmazonS3,123412340534,,,,,,,,1.7387e-6,GB,,Z7DQXxxxxxxW7T5N,Z7DQXX2TTGQW7xxx.xxxxxxxxxx.xxx6EN2CT7,0.02,3.4774e-8,1.7387e-6,GB
2023-11-05T17:00:00.000+0000,2023-11-05T18:00:00.000+0000,Recurring,$0.02 per GB - US East (Northern Virginia) data transfer to Canada (Central),Usage,2023-11-01T00:00:00.000+0000,2023-12-01T00:00:00.000+0000,AWS,"Amazon Web Services Canada, Inc.","Amazon Web Services Canada, Inc.",123412340534,1.3e-9,USD,1.3e-9,us-east-1,Storage,AmazonS3,123412340534,,,,,,,,6.71e-8,GB,,Z7DQXxxxxxxW7T5N,Z7DQXX2TTGQW7xxx.xxxxxxxxxx.xxx6EN2CT7,0.02,1.342e-9,6.71e-8,GB
2023-11-05T00:00:00.000+0000,2023-11-05T18:00:00.000+0000,Recurring,$0.02 per GB - US East (Northern Virginia) data transfer to Canada (Central),Usage,2023-11-01T00:00:00.000+0000,2023-12-01T00:00:00.000+0000,AWS,"Amazon Web Services Canada, Inc.","Amazon Web Services Canada, Inc.",123412340534,5.34e-8,USD,5.34e-8,us-east-1,Storage,AmazonS3,123412340534,,,,,,,,2.6674e-6,GB,,Z7DQXxxxxxxW7T5N,Z7DQXX2TTGQW7xxx.xxxxxxxxxx.xxx6EN2CT7,0.02,5.3348e-8,2.6674e-6,GB
2023-11-05T18:00:00.000+0000,2023-11-05T19:00:00.000+0000,Recurring,$0.02 per GB - US East (Northern Virginia) data transfer to Canada (Central),Usage,2023-11-01T00:00:00.000+0000,2023-12-01T00:00:00.000+0000,AWS,"Amazon Web Services Canada, Inc.","Amazon Web Services Canada, Inc.",123412340534,1.8e-9,USD,1.8e-9,us-east-1,Storage,AmazonS3,123412340534,,,,,,,,8.85e-8,GB,,Z7DQXxxxxxxW7T5N,Z7DQXX2TTGQW7xxx.xxxxxxxxxx.xxx6EN2CT7,0.02,1.77e-9,8.85e-8,GB
2023-11-05T00:00:00.000+0000,2023-11-05T19:00:00.000+0000,Recurring,$0.02 per GB - US East (Northern Virginia) data transfer to Canada (Central),Usage,2023-11-01T00:00:00.000+0000,2023-12-01T00:00:00.000+0000,AWS,"Amazon Web Services Canada, Inc.","Amazon Web Services Canada, Inc.",123412340534,8.5e-9,USD,8.5e-9,us-east-1,Storage,AmazonS3,123412340534,,,,,,,,4.24e-7,GB,,Z7DQXxxxxxxW7T5N,Z7DQXX2TTGQW7xxx.xxxxxxxxxx.xxx6EN2CT7,0.02,8.48e-9,4.24e-7,GB
2023-11-05T00:00:00.000+0000,2023-11-05T19:00:00.000+0000,Recurring,$0.02 per GB - US East (Northern Virginia) data transfer to Canada (Central),Usage,2023-11-01T00:00:00.000+0000,2023-12-01T00:00:00.000+0000,AWS,"Amazon Web Services Canada, Inc.","Amazon Web Services Canada, Inc.",123412340534,4.83e-8,USD,4.83e-8,us-east-1,Storage,AmazonS3,123412340534,,,,,,,,2.4186e-6,GB,,Z7DQXxxxxxxW7T5N,Z7DQXX2TTGQW7xxx.xxxxxxxxxx.xxx6EN2CT7,0.02,4.8372000000000005e-8,2.4186e-6,GB
2023-11-06T18:00:00.000+0000,2023-11-06T19:00:00.000+0000,Recurring,$0.02 per GB - US East (Northern Virginia) data transfer to Canada (Central),Usage,2023-11-01T00:00:00.000+0000,2023-12-01T00:00:00.000+0000,AWS,"Amazon Web Services Canada, Inc.","Amazon Web Services Canada, Inc.",123412340534,1.79e-8,USD,1.79e-8,us-east-1,Storage,AmazonS3,123412340534,,,,,,,,8.941e-7,GB,,Z7DQXxxxxxxW7T5N,Z7DQXX2TTGQW7xxx.xxxxxxxxxx.xxx6EN2CT7,0.02,1.7882e-8,8.941e-7,GB
2023-11-06T17:00:00.000+0000,2023-11-06T18:00:00.000+0000,Recurring,$0.02 per GB - US East (Northern Virginia) data transfer to Canada (Central),Usage,2023-11-01T00:00:00.000+0000,2023-12-01T00:00:00.000+0000,AWS,"Amazon Web Services Canada, Inc.","Amazon Web Services Canada, Inc.",123412340534,1.3e-9,USD,1.3e-9,us-east-1,Storage,AmazonS3,123412340534,,,,,,,,6.71e-8,GB,,Z7DQXxxxxxxW7T5N,Z7DQXX2TTGQW7xxx.xxxxxxxxxx.xxx6EN2CT7,0.02,1.342e-9,6.71e-8,GB
2023-11-06T17:00:00.000+0000,2023-11-06T19:00:00.000+0000,Recurring,$0.02 per GB - US East (Northern Virginia) data transfer to Canada (Central),Usage,2023-11-01T00:00:00.000+0000,2023-12-01T00:00:00.000+0000,AWS,"Amazon Web Services Canada, Inc.","Amazon Web Services Canada, Inc.",123412340534,3.07e-8,USD,3.07e-8,us-east-1,Storage,AmazonS3,123412340534,,,,,,,,1.5367e-6,GB,,Z7DQXxxxxxxW7T5N,Z7DQXX2TTGQW7xxx.xxxxxxxxxx.xxx6EN2CT7,0.02,3.0734e-8,1.5367e-6,GB
2023-11-06T00:00:00.000+0000,2023-11-06T19:00:00.000+0000,Recurring,$0.02 per GB - US East (Northern Virginia) data transfer to Canada (Central),Usage,2023-11-01T00:00:00.000+0000,2023-12-01T00:00:00.000+0000,AWS,"Amazon Web Services Canada, Inc.","Amazon Web Services Canada, Inc.",123412340534,8.5e-9,USD,8.5e-9,us-east-1,Storage,AmazonS3,123412340534,,,,,,,,4.24e-7,GB,,Z7DQXxxxxxxW7T5N,Z7DQXX2TTGQW7xxx.xxxxxxxxxx.xxx6EN2CT7,0.02,8.48e-9,4.24e-7,GB
2023-11-06T00:00:00.000+0000,2023-11-06T19:00:00.000+0000,Recurring,$0.02 per GB - US East (Northern Virginia) data transfer to Canada (Central),Usage,2023-11-01T00:00:00.000+0000,2023-12-01T00:00:00.000+0000,AWS,"Amazon Web Services Canada, Inc.","Amazon Web Services Canada, Inc.",123412340534,3.45e-8,USD,3.45e-8,us-east-1,Storage,AmazonS3,123412340534,,,,,,,,1.7275e-6,GB,,Z7DQXxxxxxxW7T5N,Z7DQXX2TTGQW7xxx.xxxxxxxxxx.xxx6EN2CT7,0.02,3.455e-8,1.7275e-6,GB
2023-11-07T04:00:00.000+0000,2023-11-07T05:00:00.000+0000,Recurring,$0.02 per GB - US East (Northern Virginia) data transfer to Canada (Central),Usage,2023-11-01T00:00:00.000+0000,2023-12-01T00:00:00.000+0000,AWS,"Amazon Web Services Canada, Inc.","Amazon Web Services Canada, Inc.",123412340534,8.14e-8,USD,8.14e-8,us-east-1,Storage,AmazonS3,123412340534,,,,,,,,4.068e-6,GB,,Z7DQXxxxxxxW7T5N,Z7DQXX2TTGQW7xxx.xxxxxxxxxx.xxx6EN2CT7,0.02,8.136e-8,4.068e-6,GB
2023-11-07T17:00:00.000+0000,2023-11-07T18:00:00.000+0000,Recurring,$0.02 per GB - US East (Northern Virginia) data transfer to Canada (Central),Usage,2023-11-01T00:00:00.000+0000,2023-12-01T00:00:00.000+0000,AWS,"Amazon Web Services Canada, Inc.","Amazon Web Services Canada, Inc.",123412340534,1.3e-9,USD,1.3e-9,us-east-1,Storage,AmazonS3,123412340534,,,,,,,,6.71e-8,GB,,Z7DQXxxxxxxW7T5N,Z7DQXX2TTGQW7xxx.xxxxxxxxxx.xxx6EN2CT7,0.02,1.342e-9,6.71e-8,GB
2023-11-07T03:00:00.000+0000,2023-11-07T18:00:00.000+0000,Recurring,$0.02 per GB - US East (Northern Virginia) data transfer to Canada (Central),Usage,2023-11-01T00:00:00.000+0000,2023-12-01T00:00:00.000+0000,AWS,"Amazon Web Services Canada, Inc.","Amazon Web Services Canada, Inc.",123412340534,7.08e-8,USD,7.08e-8,us-east-1,Storage,AmazonS3,123412340534,,,,,,,,3.5445e-6,GB,,Z7DQXxxxxxxW7T5N,Z7DQXX2TTGQW7xxx.xxxxxxxxxx.xxx6EN2CT7,0.02,7.089000000000001e-8,3.5445e-6,GB
2023-11-07T00:00:00.000+0000,2023-11-07T19:00:00.000+0000,Recurring,$0.02 per GB - US East (Northern Virginia) data transfer to Canada (Central),Usage,2023-11-01T00:00:00.000+0000,2023-12-01T00:00:00.000+0000,AWS,"Amazon Web Services Canada, Inc.","Amazon Web Services Canada, Inc.",123412340534,8.5e-9,USD,8.5e-9,us-east-1,Storage,AmazonS3,123412340534,,,,,,,,4.24e-7,GB,,Z7DQXxxxxxxW7T5N,Z7DQXX2TTGQW7xxx.xxxxxxxxxx.xxx6EN2CT7,0.02,8.48e-9,4.24e-7,GB
2023-11-07T00:00:00.000+0000,2023-11-07T19:00:00.000+0000,Recurring,$0.02 per GB - US East (Northern Virginia) data transfer to Canada (Central),Usage,2023-11-01T00:00:00.000+0000,2023-12-01T00:00:00.000+0000,AWS,"Amazon Web Services Canada, Inc.","Amazon Web Services Canada, Inc.",123412340534,4.53e-8,USD,4.53e-8,us-east-1,Storage,AmazonS3,123412340534,,,,,,,,2.2555e-6,GB,,Z7DQXxxxxxxW7T5N,Z7DQXX2TTGQW7xxx.xxxxxxxxxx.xxx6EN2CT7,0.02,4.511e-8,2.2555e-6,GB
2023-11-08T05:00:00.000+0000,2023-11-08T18:00:00.000+0000,Recurring,$0.02 per GB - US East (Northern Virginia) data transfer to Canada (Central),Usage,2023-11-01T00:00:00.000+0000,2023-12-01T00:00:00.000+0000,AWS,"Amazon Web Services Canada, Inc.","Amazon Web Services Canada, Inc.",123412340534,2.6e-9,USD,2.6e-9,us-east-1,Storage,AmazonS3,123412340534,,,,,,,,1.342e-7,GB,,Z7DQXxxxxxxW7T5N,Z7DQXX2TTGQW7xxx.xxxxxxxxxx.xxx6EN2CT7,0.02,2.684e-9,1.342e-7,GB
2023-11-08T17:00:00.000+0000,2023-11-08T18:00:00.000+0000,Recurring,$0.02 per GB - US East (Northern Virginia) data transfer to Canada (Central),Usage,2023-11-01T00:00:00.000+0000,2023-12-01T00:00:00.000+0000,AWS,"Amazon Web Services Canada, Inc.","Amazon Web Services Canada, Inc.",123412340534,2.93e-8,USD,2.93e-8,us-east-1,Storage,AmazonS3,123412340534,,,,,,,,1.464e-6,GB,,Z7DQXxxxxxxW7T5N,Z7DQXX2TTGQW7xxx.xxxxxxxxxx.xxx6EN2CT7,0.02,2.928e-8,1.464e-6,GB
2023-11-08T00:00:00.000+0000,2023-11-08T19:00:00.000+0000,Recurring,$0.02 per GB - US East (Northern Virginia) data transfer to Canada (Central),Usage,2023-11-01T00:00:00.000+0000,2023-12-01T00:00:00.000+0000,AWS,"Amazon Web Services Canada, Inc.","Amazon Web Services Canada, Inc.",123412340534,8.5e-9,USD,8.5e-9,us-east-1,Storage,AmazonS3,123412340534,,,,,,,,4.24e-7,GB,,Z7DQXxxxxxxW7T5N,Z7DQXX2TTGQW7xxx.xxxxxxxxxx.xxx6EN2CT7,0.02,8.48e-9,4.24e-7,GB
2023-11-08T00:00:00.000+0000,2023-11-08T19:00:00.000+0000,Recurring,$0.02 per GB - US East (Northern Virginia) data transfer to Canada (Central),Usage,2023-11-01T00:00:00.000+0000,2023-12-01T00:00:00.000+0000,AWS,"Amazon Web Services Canada, Inc.","Amazon Web Services Canada, Inc.",123412340534,3.15e-8,USD,3.15e-8,us-east-1,Storage,AmazonS3,123412340534,,,,,,,,1.5645e-6,GB,,Z7DQXxxxxxxW7T5N,Z7DQXX2TTGQW7xxx.xxxxxxxxxx.xxx6EN2CT7,0.02,3.129e-8,1.5645e-6,GB
2023-11-09T17:00:00.000+0000,2023-11-09T18:00:00.000+0000,Recurring,$0.02 per GB - US East (Northern Virginia) data transfer to Canada (Central),Usage,2023-11-01T00:00:00.000+0000,2023-12-01T00:00:00.000+0000,AWS,"Amazon Web Services Canada, Inc.","Amazon Web Services Canada, Inc.",123412340534,1.3e-9,USD,1.3e-9,us-east-1,Storage,AmazonS3,123412340534,,,,,,,,6.71e-8,GB,,Z7DQXxxxxxxW7T5N,Z7DQXX2TTGQW7xxx.xxxxxxxxxx.xxx6EN2CT7,0.02,1.342e-9,6.71e-8,GB
2023-11-09T17:00:00.000+0000,2023-11-09T18:00:00.000+0000,Recurring,$0.02 per GB - US East (Northern Virginia) data transfer to Canada (Central),Usage,2023-11-01T00:00:00.000+0000,2023-12-01T00:00:00.000+0000,AWS,"Amazon Web Services Canada, Inc.","Amazon Web Services Canada, Inc.",123412340534,2.93e-8,USD,2.93e-8,us-east-1,Storage,AmazonS3,123412340534,,,,,,,,1.464e-6,GB,,Z7DQXxxxxxxW7T5N,Z7DQXX2TTGQW7xxx.xxxxxxxxxx.xxx6EN2CT7,0.02,2.928e-8,1.464e-6,GB
2023-11-09T00:00:00.000+0000,2023-11-09T19:00:00.000+0000,Recurring,$0.02 per GB - US East (Northern Virginia) data transfer to Canada (Central),Usage,2023-11-01T00:00:00.000+0000,2023-12-01T00:00:00.000+0000,AWS,"Amazon Web Services Canada, Inc.","Amazon Web Services Canada, Inc.",123412340534,8.5e-9,USD,8.5e-9,us-east-1,Storage,AmazonS3,123412340534,,,,,,,,4.24e-7,GB,,Z7DQXxxxxxxW7T5N,Z7DQXX2TTGQW7xxx.xxxxxxxxxx.xxx6EN2CT7,0.02,8.48e-9,4.24e-7,GB
2023-11-09T00:00:00.000+0000,2023-11-09T19:00:00.000+0000,Recurring,$0.02 per GB - US East (Northern Virginia) data transfer to Canada (Central),Usage,2023-11-01T00:00:00.000+0000,2023-12-01T00:00:00.000+0000,AWS,"Amazon Web Services Canada, Inc.","Amazon Web Services Canada, Inc.",123412340534,3.15e-8,USD,3.15e-8,us-east-1,Storage,AmazonS3,123412340534,,,,,,,,1.5645e-6,GB,,Z7DQXxxxxxxW7T5N,Z7DQXX2TTGQW7xxx.xxxxxxxxxx.xxx6EN2CT7,0.02,3.129e-8,1.5645e-6,GB
2023-11-10T17:00:00.000+0000,2023-11-10T18:00:00.000+0000,Recurring,$0.02 per GB - US East (Northern Virginia) data transfer to Canada (Central),Usage,2023-11-01T00:00:00.000+0000,2023-12-01T00:00:00.000+0000,AWS,"Amazon Web Services Canada, Inc.","Amazon Web Services Canada, Inc.",123412340534,1.3e-9,USD,1.3e-9,us-east-1,Storage,AmazonS3,123412340534,,,,,,,,6.71e-8,GB,,Z7DQXxxxxxxW7T5N,Z7DQXX2TTGQW7xxx.xxxxxxxxxx.xxx6EN2CT7,0.02,1.342e-9,6.71e-8,GB
2023-11-10T17:00:00.000+0000,2023-11-10T18:00:00.000+0000,Recurring,$0.02 per GB - US East (Northern Virginia) data transfer to Canada (Central),Usage,2023-11-01T00:00:00.000+0000,2023-12-01T00:00:00.000+0000,AWS,"Amazon Web Services Canada, Inc.","Amazon Web Services Canada, Inc.",123412340534,2.93e-8,USD,2.93e-8,us-east-1,Storage,AmazonS3,123412340534,,,,,,,,1.464e-6,GB,,Z7DQXxxxxxxW7T5N,Z7DQXX2TTGQW7xxx.xxxxxxxxxx.xxx6EN2CT7,0.02,2.928e-8,1.464e-6,GB
2023-11-10T18:00:00.000+0000,2023-11-10T19:00:00.000+0000,Recurring,$0.02 per GB - US East (Northern Virginia) data transfer to Canada (Central),Usage,2023-11-01T00:00:00.000+0000,2023-12-01T00:00:00.000+0000,AWS,"Amazon Web Services Canada, Inc.","Amazon Web Services Canada, Inc.",123412340534,1.8e-9,USD,1.8e-9,us-east-1,Storage,AmazonS3,123412340534,,,,,,,,8.85e-8,GB,,Z7DQXxxxxxxW7T5N,Z7DQXX2TTGQW7xxx.xxxxxxxxxx.xxx6EN2CT7,0.02,1.77e-9,8.85e-8,GB
2023-11-10T00:00:00.000+0000,2023-11-10T19:00:00.000+0000,Recurring,$0.02 per GB - US East (Northern Virginia) data transfer to Canada (Central),Usage,2023-11-01T00:00:00.000+0000,2023-12-01T00:00:00.000+0000,AWS,"Amazon Web Services Canada, Inc.","Amazon Web Services Canada, Inc.",123412340534,8.5e-9,USD,8.5e-9,us-east-1,Storage,AmazonS3,123412340534,,,,,,,,4.24e-7,GB,,Z7DQXxxxxxxW7T5N,Z7DQXX2TTGQW7xxx.xxxxxxxxxx.xxx6EN2CT7,0.02,8.48e-9,4.24e-7,GB
2023-11-10T00:00:00.000+0000,2023-11-10T19:00:00.000+0000,Recurring,$0.02 per GB - US East (Northern Virginia) data transfer to Canada (Central),Usage,2023-11-01T00:00:00.000+0000,2023-12-01T00:00:00.000+0000,AWS,"Amazon Web Services Canada, Inc.","Amazon Web Services Canada, Inc.",123412340534,3.15e-8,USD,3.15e-8,us-east-1,Storage,AmazonS3,123412340534,,,,,,,,1.5645e-6,GB,,Z7DQXxxxxxxW7T5N,Z7DQXX2TTGQW7xxx.xxxxxxxxxx.xxx6EN2CT7,0.02,3.129e-8,1.5645e-6,GB
2023-11-11T18:00:00.000+0000,2023-11-11T19:00:00.000+0000,Recurring,$0.02 per GB - US East (Northern Virginia) data transfer to Canada (Central),Usage,2023-11-01T00:00:00.000+0000,2023-12-01T00:00:00.000+0000,AWS,"Amazon Web Services Canada, Inc.","Amazon Web Services Canada, Inc.",123412340534,1.81e-8,USD,1.81e-8,us-east-1,Storage,AmazonS3,123412340534,,,,,,,,9.053e-7,GB,,Z7DQXxxxxxxW7T5N,Z7DQXX2TTGQW7xxx.xxxxxxxxxx.xxx6EN2CT7,0.02,1.8106e-8,9.053e-7,GB
2023-11-11T17:00:00.000+0000,2023-11-11T18:00:00.000+0000,Recurring,$0.02 per GB - US East (Northern Virginia) data transfer to Canada (Central),Usage,2023-11-01T00:00:00.000+0000,2023-12-01T00:00:00.000+0000,AWS,"Amazon Web Services Canada, Inc.","Amazon Web Services Canada, Inc.",123412340534,1.3e-9,USD,1.3e-9,us-east-1,Storage,AmazonS3,123412340534,,,,,,,,6.71e-8,GB,,Z7DQXxxxxxxW7T5N,Z7DQXX2TTGQW7xxx.xxxxxxxxxx.xxx6EN2CT7,0.02,1.342e-9,6.71e-8,GB
2023-11-11T17:00:00.000+0000,2023-11-11T19:00:00.000+0000,Recurring,$0.02 per GB - US East (Northern Virginia) data transfer to Canada (Central),Usage,2023-11-01T00:00:00.000+0000,2023-12-01T00:00:00.000+0000,AWS,"Amazon Web Services Canada, Inc.","Amazon Web Services Canada, Inc.",123412340534,4.39e-8,USD,4.39e-8,us-east-1,Storage,AmazonS3,123412340534,,,,,,,,2.196e-6,GB,,Z7DQXxxxxxxW7T5N,Z7DQXX2TTGQW7xxx.xxxxxxxxxx.xxx6EN2CT7,0.02,4.392e-8,2.196e-6,GB
2023-11-11T00:00:00.000+0000,2023-11-11T19:00:00.000+0000,Recurring,$0.02 per GB - US East (Northern Virginia) data transfer to Canada (Central),Usage,2023-11-01T00:00:00.000+0000,2023-12-01T00:00:00.000+0000,AWS,"Amazon Web Services Canada, Inc.","Amazon Web Services Canada, Inc.",123412340534,8.5e-9,USD,8.5e-9,us-east-1,Storage,AmazonS3,123412340534,,,,,,,,4.24e-7,GB,,Z7DQXxxxxxxW7T5N,Z7DQXX2TTGQW7xxx.xxxxxxxxxx.xxx6EN2CT7,0.02,8.48e-9,4.24e-7,GB
2023-11-11T00:00:00.000+0000,2023-11-11T19:00:00.000+0000,Recurring,$0.02 per GB - US East (Northern Virginia) data transfer to Canada (Central),Usage,2023-11-01T00:00:00.000+0000,2023-12-01T00:00:00.000+0000,AWS,"Amazon Web Services Canada, Inc.","Amazon Web Services Canada, Inc.",123412340534,3.15e-8,USD,3.15e-8,us-east-1,Storage,AmazonS3,123412340534,,,,,,,,1.5645e-6,GB,,Z7DQXxxxxxxW7T5N,Z7DQXX2TTGQW7xxx.xxxxxxxxxx.xxx6EN2CT7,0.02,3.129e-8,1.5645e-6,GB
2023-11-12T17:00:00.000+0000,2023-11-12T18:00:00.000+0000,Recurring,$0.02 per GB - US East (Northern Virginia) data transfer to Canada (Central),Usage,2023-11-01T00:00:00.000+0000,2023-12-01T00:00:00.000+0000,AWS,"Amazon Web Services Canada, Inc.","Amazon Web Services Canada, Inc.",123412340534,1.3e-9,USD,1.3e-9,us-east-1,Storage,AmazonS3,123412340534,,,,,,,,6.71e-8,GB,,Z7DQXxxxxxxW7T5N,Z7DQXX2TTGQW7xxx.xxxxxxxxxx.xxx6EN2CT7,0.02,1.342e-9,6.71e-8,GB
2023-11-12T17:00:00.000+0000,2023-11-12T18:00:00.000+0000,Recurring,$0.02 per GB - US East (Northern Virginia) data transfer to Canada (Central),Usage,2023-11-01T00:00:00.000+0000,2023-12-01T00:00:00.000+0000,AWS,"Amazon Web Services Canada, Inc.","Amazon Web Services Canada, Inc.",123412340534,2.93e-8,USD,2.93e-8,us-east-1,Storage,AmazonS3,123412340534,,,,,,,,1.464e-6,GB,,Z7DQXxxxxxxW7T5N,Z7DQXX2TTGQW7xxx.xxxxxxxxxx.xxx6EN2CT7,0.02,2.928e-8,1.464e-6,GB
2023-11-12T00:00:00.000+0000,2023-11-12T19:00:00.000+0000,Recurring,$0.02 per GB - US East (Northern Virginia) data transfer to Canada (Central),Usage,2023-11-01T00:00:00.000+0000,2023-12-01T00:00:00.000+0000,AWS,"Amazon Web Services Canada, Inc.","Amazon Web Services Canada, Inc.",123412340534,8.5e-9,USD,8.5e-9,us-east-1,Storage,AmazonS3,123412340534,,,,,,,,4.24e-7,GB,,Z7DQXxxxxxxW7T5N,Z7DQXX2TTGQW7xxx.xxxxxxxxxx.xxx6EN2CT7,0.02,8.48e-9,4.24e-7,GB
2023-11-12T00:00:00.000+0000,2023-11-12T19:00:00.000+0000,Recurring,$0.02 per GB - US East (Northern Virginia) data transfer to Canada (Central),Usage,2023-11-01T00:00:00.000+0000,2023-12-01T00:00:00.000+0000,AWS,"Amazon Web Services Canada, Inc.","Amazon Web Services Canada, Inc.",123412340534,3.15e-8,USD,3.15e-8,us-east-1,Storage,AmazonS3,123412340534,,,,,,,,1.5645e-6,GB,,Z7DQXxxxxxxW7T5N,Z7DQXX2TTGQW7xxx.xxxxxxxxxx.xxx6EN2CT7,0.02,3.129e-8,1.5645e-6,GB
2023-11-13T05:00:00.000+0000,2023-11-13T19:00:00.000+0000,Recurring,$0.02 per GB - US East (Northern Virginia) data transfer to Canada (Central),Usage,2023-11-01T00:00:00.000+0000,2023-12-01T00:00:00.000+0000,AWS,"Amazon Web Services Canada, Inc.","Amazon Web Services Canada, Inc.",123412340534,2.6e-9,USD,2.6e-9,us-east-1,Storage,AmazonS3,123412340534,,,,,,,,1.342e-7,GB,,Z7DQXxxxxxxW7T5N,Z7DQXX2TTGQW7xxx.xxxxxxxxxx.xxx6EN2CT7,0.02,2.684e-9,1.342e-7,GB
2023-11-13T18:00:00.000+0000,2023-11-13T19:00:00.000+0000,Recurring,$0.02 per GB - US East (Northern Virginia) data transfer to Canada (Central),Usage,2023-11-01T00:00:00.000+0000,2023-12-01T00:00:00.000+0000,AWS,"Amazon Web Services Canada, Inc.","Amazon Web Services Canada, Inc.",123412340534,2.93e-8,USD,2.93e-8,us-east-1,Storage,AmazonS3,123412340534,,,,,,,,1.464e-6,GB,,Z7DQXxxxxxxW7T5N,Z7DQXX2TTGQW7xxx.xxxxxxxxxx.xxx6EN2CT7,0.02,2.928e-8,1.464e-6,GB
2023-11-13T00:00:00.000+0000,2023-11-13T19:00:00.000+0000,Recurring,$0.02 per GB - US East (Northern Virginia) data transfer to Canada (Central),Usage,2023-11-01T00:00:00.000+0000,2023-12-01T00:00:00.000+0000,AWS,"Amazon Web Services Canada, Inc.","Amazon Web Services Canada, Inc.",123412340534,8.5e-9,USD,8.5e-9,us-east-1,Storage,AmazonS3,123412340534,,,,,,,,4.239e-7,GB,,Z7DQXxxxxxxW7T5N,Z7DQXX2TTGQW7xxx.xxxxxxxxxx.xxx6EN2CT7,0.02,8.478e-9,4.239e-7,GB
2023-11-13T00:00:00.000+0000,2023-11-13T19:00:00.000+0000,Recurring,$0.02 per GB - US East (Northern Virginia) data transfer to Canada (Central),Usage,2023-11-01T00:00:00.000+0000,2023-12-01T00:00:00.000+0000,AWS,"Amazon Web Services Canada, Inc.","Amazon Web Services Canada, Inc.",123412340534,3.14e-8,USD,3.14e-8,us-east-1,Storage,AmazonS3,123412340534,,,,,,,,1.5645e-6,GB,,Z7DQXxxxxxxW7T5N,Z7DQXX2TTGQW7xxx.xxxxxxxxxx.xxx6EN2CT7,0.02,3.129e-8,1.5645e-6,GB
2023-11-14T00:00:00.000+0000,2023-11-14T01:00:00.000+0000,Recurring,$0.02 per GB - US East (Northern Virginia) data transfer to Canada (Central),Usage,2023-11-01T00:00:00.000+0000,2023-12-01T00:00:00.000+0000,AWS,"Amazon Web Services Canada, Inc.","Amazon Web Services Canada, Inc.",123412340534,1.7e-9,USD,1.7e-9,us-east-1,Storage,AmazonS3,123412340534,,,,,,,,8.48e-8,GB,,Z7DQXxxxxxxW7T5N,Z7DQXX2TTGQW7xxx.xxxxxxxxxx.xxx6EN2CT7,0.02,1.6960000000000001e-9,8.48e-8,GB
2023-11-14T00:00:00.000+0000,2023-11-14T01:00:00.000+0000,Recurring,$0.02 per GB - US East (Northern Virginia) data transfer to Canada (Central),Usage,2023-11-01T00:00:00.000+0000,2023-12-01T00:00:00.000+0000,AWS,"Amazon Web Services Canada, Inc.","Amazon Web Services Canada, Inc.",123412340534,6.3e-9,USD,6.3e-9,us-east-1,Storage,AmazonS3,123412340534,,,,,,,,3.129e-7,GB,,Z7DQXxxxxxxW7T5N,Z7DQXX2TTGQW7xxx.xxxxxxxxxx.xxx6EN2CT7,0.02,6.2580000000000005e-9,3.129e-7,GB
2023-11-05T04:00:00.000+0000,2023-11-05T05:00:00.000+0000,Recurring,$0.00 per GB - regional data transfer - in/out/between EC2 Azs or using elastic IPs or ELB,Usage,2023-11-01T00:00:00.000+0000,2023-12-01T00:00:00.000+0000,AWS,"Amazon Web Services Canada, Inc.","Amazon Web Services Canada, Inc.",123412340534,0.0,USD,0.0,us-east-1,,AWSCloudShell,123412340534,,,,,,,,0.0007941322,GB,,ZAABTxxxxxxXNRMA,ZAABTWMCFZUXNxxx.xxxxxxxxxx.xxx6EN2CT7,0.0,0.0,0.0007941322,GB
2023-11-07T05:00:00.000+0000,2023-11-07T06:00:00.000+0000,Recurring,$0.00 per GB - Canada (Central) data transfer from Asia Pacific (Jakarta),Usage,2023-11-01T00:00:00.000+0000,2023-12-01T00:00:00.000+0000,AWS,"Amazon Web Services Canada, Inc.","Amazon Web Services Canada, Inc.",123412340534,0.0,USD,0.0,ca-central-1,Storage,AmazonS3,123412340534,,,,,,,,1.0105e-6,GB,,ZEY2Axxxxxx2RHQK,ZEY2A2HPUK42Rxxx.xxxxxxxxxx.xxx6EN2CT7,0.0,0.0,1.0105e-6,GB
2023-11-05T03:00:00.000+0000,2023-11-06T00:00:00.000+0000,Recurring,$0.02 per GB - Canada (Central) data transfer to US East (Northern Virginia),Usage,2023-11-01T00:00:00.000+0000,2023-12-01T00:00:00.000+0000,AWS,"Amazon Web Services Canada, Inc.","Amazon Web Services Canada, Inc.",123412340534,1.26e-8,USD,1.26e-8,ca-central-1,Storage,AmazonS3,123412340534,,,,,,,,6.258e-7,GB,,ZGMR5xxxxxx9BAJZ,ZGMR5TZVDVP9Bxxx.xxxxxxxxxx.xxx6EN2CT7,0.02,1.2516000000000001e-8,6.258e-7,GB
2023-11-05T17:00:00.000+0000,2023-11-05T18:00:00.000+0000,Recurring,$0.02 per GB - Canada (Central) data transfer to US East (Northern Virginia),Usage,2023-11-01T00:00:00.000+0000,2023-12-01T00:00:00.000+0000,AWS,"Amazon Web Services Canada, Inc.","Amazon Web Services Canada, Inc.",123412340534,1.4123e-6,USD,1.4123e-6,ca-central-1,Storage,AmazonS3,123412340534,,,,,,,,0.0000706129,GB,,ZGMR5xxxxxx9BAJZ,ZGMR5TZVDVP9Bxxx.xxxxxxxxxx.xxx6EN2CT7,0.02,1.4122580000000001e-6,0.0000706129,GB
2023-11-05T17:00:00.000+0000,2023-11-05T18:00:00.000+0000,Recurring,$0.02 per GB - Canada (Central) data transfer to US East (Northern Virginia),Usage,2023-11-01T00:00:00.000+0000,2023-12-01T00:00:00.000+0000,AWS,"Amazon Web Services Canada, Inc.","Amazon Web Services Canada, Inc.",123412340534,1.422e-7,USD,1.422e-7,ca-central-1,Storage,AmazonS3,123412340534,,,,,,,,7.1106e-6,GB,,ZGMR5xxxxxx9BAJZ,ZGMR5TZVDVP9Bxxx.xxxxxxxxxx.xxx6EN2CT7,0.02,1.42212e-7,7.1106e-6,GB
2023-11-05T00:00:00.000+0000,2023-11-05T18:00:00.000+0000,Recurring,$0.02 per GB - Canada (Central) data transfer to US East (Northern Virginia),Usage,2023-11-01T00:00:00.000+0000,2023-12-01T00:00:00.000+0000,AWS,"Amazon Web Services Canada, Inc.","Amazon Web Services Canada, Inc.",123412340534,1.342e-7,USD,1.342e-7,ca-central-1,Storage,AmazonS3,123412340534,,,,,,,,6.7055e-6,GB,,ZGMR5xxxxxx9BAJZ,ZGMR5TZVDVP9Bxxx.xxxxxxxxxx.xxx6EN2CT7,0.02,1.3411e-7,6.7055e-6,GB
2023-11-05T17:00:00.000+0000,2023-11-05T18:00:00.000+0000,Recurring,$0.02 per GB - Canada (Central) data transfer to US East (Northern Virginia),Usage,2023-11-01T00:00:00.000+0000,2023-12-01T00:00:00.000+0000,AWS,"Amazon Web Services Canada, Inc.","Amazon Web Services Canada, Inc.",123412340534,5.9e-9,USD,5.9e-9,ca-central-1,Storage,AmazonS3,123412340534,,,,,,,,2.962e-7,GB,,ZGMR5xxxxxx9BAJZ,ZGMR5TZVDVP9Bxxx.xxxxxxxxxx.xxx6EN2CT7,0.02,5.924000000000001e-9,2.962e-7,GB
2023-11-05T17:00:00.000+0000,2023-11-05T18:00:00.000+0000,Recurring,$0.02 per GB - Canada (Central) data transfer to US East (Northern Virginia),Usage,2023-11-01T00:00:00.000+0000,2023-12-01T00:00:00.000+0000,AWS,"Amazon Web Services Canada, Inc.","Amazon Web Services Canada, Inc.",123412340534,5.4e-9,USD,5.4e-9,ca-central-1,Storage,AmazonS3,123412340534,,,,,,,,2.692e-7,GB,,ZGMR5xxxxxx9BAJZ,ZGMR5TZVDVP9Bxxx.xxxxxxxxxx.xxx6EN2CT7,0.02,5.3840000000000004e-9,2.692e-7,GB
2023-11-05T17:00:00.000+0000,2023-11-05T18:00:00.000+0000,Recurring,$0.02 per GB - Canada (Central) data transfer to US East (Northern Virginia),Usage,2023-11-01T00:00:00.000+0000,2023-12-01T00:00:00.000+0000,AWS,"Amazon Web Services Canada, Inc.","Amazon Web Services Canada, Inc.",123412340534,1.28e-8,USD,1.28e-8,ca-central-1,Storage,AmazonS3,123412340534,,,,,,,,6.417e-7,GB,,ZGMR5xxxxxx9BAJZ,ZGMR5TZVDVP9Bxxx.xxxxxxxxxx.xxx6EN2CT7,0.02,1.2834000000000001e-8,6.417e-7,GB
2023-11-05T17:00:00.000+0000,2023-11-05T18:00:00.000+0000,Recurring,$0.02 per GB - Canada (Central) data transfer to US East (Northern Virginia),Usage,2023-11-01T00:00:00.000+0000,2023-12-01T00:00:00.000+0000,AWS,"Amazon Web Services Canada, Inc.","Amazon Web Services Canada, Inc.",123412340534,6.4e-9,USD,6.4e-9,ca-central-1,Storage,AmazonS3,123412340534,,,,,,,,3.185e-7,GB,,ZGMR5xxxxxx9BAJZ,ZGMR5TZVDVP9Bxxx.xxxxxxxxxx.xxx6EN2CT7,0.02,6.37e-9,3.185e-7,GB
2023-11-05T17:00:00.000+0000,2023-11-05T18:00:00.000+0000,Recurring,$0.02 per GB - Canada (Central) data transfer to US East (Northern Virginia),Usage,2023-11-01T00:00:00.000+0000,2023-12-01T00:00:00.000+0000,AWS,"Amazon Web Services Canada, Inc.","Amazon Web Services Canada, Inc.",123412340534,5.5e-9,USD,5.5e-9,ca-central-1,Storage,AmazonS3,123412340534,,,,,,,,2.747e-7,GB,,ZGMR5xxxxxx9BAJZ,ZGMR5TZVDVP9Bxxx.xxxxxxxxxx.xxx6EN2CT7,0.02,5.494e-9,2.747e-7,GB
2023-11-05T17:00:00.000+0000,2023-11-05T18:00:00.000+0000,Recurring,$0.02 per GB - Canada (Central) data transfer to US East (Northern Virginia),Usage,2023-11-01T00:00:00.000+0000,2023-12-01T00:00:00.000+0000,AWS,"Amazon Web Services Canada, Inc.","Amazon Web Services Canada, Inc.",123412340534,2.61e-8,USD,2.61e-8,ca-central-1,Storage,AmazonS3,123412340534,,,,,,,,1.3039e-6,GB,,ZGMR5xxxxxx9BAJZ,ZGMR5TZVDVP9Bxxx.xxxxxxxxxx.xxx6EN2CT7,0.02,2.6078e-8,1.3039e-6,GB
2023-11-05T17:00:00.000+0000,2023-11-05T18:00:00.000+0000,Recurring,$0.02 per GB - Canada (Central) data transfer to US East (Northern Virginia),Usage,2023-11-01T00:00:00.000+0000,2023-12-01T00:00:00.000+0000,AWS,"Amazon Web Services Canada, Inc.","Amazon Web Services Canada, Inc.",123412340534,5.4e-9,USD,5.4e-9,ca-central-1,Storage,AmazonS3,123412340534,,,,,,,,2.692e-7,GB,,ZGMR5xxxxxx9BAJZ,ZGMR5TZVDVP9Bxxx.xxxxxxxxxx.xxx6EN2CT7,0.02,5.3840000000000004e-9,2.692e-7,GB
2023-11-05T17:00:00.000+0000,2023-11-05T18:00:00.000+0000,Recurring,$0.02 per GB - Canada (Central) data transfer to US East (Northern Virginia),Usage,2023-11-01T00:00:00.000+0000,2023-12-01T00:00:00.000+0000,AWS,"Amazon Web Services Canada, Inc.","Amazon Web Services Canada, Inc.",123412340534,2.1e-9,USD,2.1e-9,ca-central-1,Storage,AmazonS3,123412340534,,,,,,,,1.071e-7,GB,,ZGMR5xxxxxx9BAJZ,ZGMR5TZVDVP9Bxxx.xxxxxxxxxx.xxx6EN2CT7,0.02,2.142e-9,1.071e-7,GB
2023-11-05T17:00:00.000+0000,2023-11-05T18:00:00.000+0000,Recurring,$0.02 per GB - Canada (Central) data transfer to US East (Northern Virginia),Usage,2023-11-01T00:00:00.000+0000,2023-12-01T00:00:00.000+0000,AWS,"Amazon Web Services Canada, Inc.","Amazon Web Services Canada, Inc.",123412340534,1.05e-8,USD,1.05e-8,ca-central-1,Storage,AmazonS3,123412340534,,,,,,,,5.262e-7,GB,,ZGMR5xxxxxx9BAJZ,ZGMR5TZVDVP9Bxxx.xxxxxxxxxx.xxx6EN2CT7,0.02,1.0524e-8,5.262e-7,GB
2023-11-06T09:00:00.000+0000,2023-11-06T21:00:00.000+0000,Recurring,$0.02 per GB - Canada (Central) data transfer to US East (Northern Virginia),Usage,2023-11-01T00:00:00.000+0000,2023-12-01T00:00:00.000+0000,AWS,"Amazon Web Services Canada, Inc.","Amazon Web Services Canada, Inc.",123412340534,8.4e-9,USD,8.4e-9,ca-central-1,Storage,AmazonS3,123412340534,,,,,,,,4.172e-7,GB,,ZGMR5xxxxxx9BAJZ,ZGMR5TZVDVP9Bxxx.xxxxxxxxxx.xxx6EN2CT7,0.02,8.344e-9,4.172e-7,GB
2023-11-07T07:00:00.000+0000,2023-11-07T17:00:00.000+0000,Recurring,$0.02 per GB - Canada (Central) data transfer to US East (Northern Virginia),Usage,2023-11-01T00:00:00.000+0000,2023-12-01T00:00:00.000+0000,AWS,"Amazon Web Services Canada, Inc.","Amazon Web Services Canada, Inc.",123412340534,8.4e-9,USD,8.4e-9,ca-central-1,Storage,AmazonS3,123412340534,,,,,,,,4.172e-7,GB,,ZGMR5xxxxxx9BAJZ,ZGMR5TZVDVP9Bxxx.xxxxxxxxxx.xxx6EN2CT7,0.02,8.344e-9,4.172e-7,GB
2023-11-07T05:00:00.000+0000,2023-11-07T06:00:00.000+0000,Recurring,$0.02 per GB - Canada (Central) data transfer to US East (Northern Virginia),Usage,2023-11-01T00:00:00.000+0000,2023-12-01T00:00:00.000+0000,AWS,"Amazon Web Services Canada, Inc.","Amazon Web Services Canada, Inc.",123412340534,5.36e-8,USD,5.36e-8,ca-central-1,Storage,AmazonS3,123412340534,,,,,,,,2.6822e-6,GB,,ZGMR5xxxxxx9BAJZ,ZGMR5TZVDVP9Bxxx.xxxxxxxxxx.xxx6EN2CT7,0.02,5.3644e-8,2.6822e-6,GB
2023-11-08T01:00:00.000+0000,2023-11-08T20:00:00.000+0000,Recurring,$0.02 per GB - Canada (Central) data transfer to US East (Northern Virginia),Usage,2023-11-01T00:00:00.000+0000,2023-12-01T00:00:00.000+0000,AWS,"Amazon Web Services Canada, Inc.","Amazon Web Services Canada, Inc.",123412340534,1.26e-8,USD,1.26e-8,ca-central-1,Storage,AmazonS3,123412340534,,,,,,,,6.258e-7,GB,,ZGMR5xxxxxx9BAJZ,ZGMR5TZVDVP9Bxxx.xxxxxxxxxx.xxx6EN2CT7,0.02,1.2516000000000001e-8,6.258e-7,GB
2023-11-08T03:00:00.000+0000,2023-11-08T04:00:00.000+0000,Recurring,$0.02 per GB - Canada (Central) data transfer to US East (Northern Virginia),Usage,2023-11-01T00:00:00.000+0000,2023-12-01T00:00:00.000+0000,AWS,"Amazon Web Services Canada, Inc.","Amazon Web Services Canada, Inc.",123412340534,7.8e-9,USD,7.8e-9,ca-central-1,Storage,AmazonS3,123412340534,,,,,,,,3.912e-7,GB,,ZGMR5xxxxxx9BAJZ,ZGMR5TZVDVP9Bxxx.xxxxxxxxxx.xxx6EN2CT7,0.02,7.824000000000001e-9,3.912e-7,GB
2023-11-09T10:00:00.000+0000,2023-11-09T11:00:00.000+0000,Recurring,$0.02 per GB - Canada (Central) data transfer to US East (Northern Virginia),Usage,2023-11-01T00:00:00.000+0000,2023-12-01T00:00:00.000+0000,AWS,"Amazon Web Services Canada, Inc.","Amazon Web Services Canada, Inc.",123412340534,4.2e-9,USD,4.2e-9,ca-central-1,Storage,AmazonS3,123412340534,,,,,,,,2.086e-7,GB,,ZGMR5xxxxxx9BAJZ,ZGMR5TZVDVP9Bxxx.xxxxxxxxxx.xxx6EN2CT7,0.02,4.172e-9,2.086e-7,GB
2023-11-10T02:00:00.000+0000,2023-11-10T19:00:00.000+0000,Recurring,$0.02 per GB - Canada (Central) data transfer to US East (Northern Virginia),Usage,2023-11-01T00:00:00.000+0000,2023-12-01T00:00:00.000+0000,AWS,"Amazon Web Services Canada, Inc.","Amazon Web Services Canada, Inc.",123412340534,1.26e-8,USD,1.26e-8,ca-central-1,Storage,AmazonS3,123412340534,,,,,,,,6.258e-7,GB,,ZGMR5xxxxxx9BAJZ,ZGMR5TZVDVP9Bxxx.xxxxxxxxxx.xxx6EN2CT7,0.02,1.2516000000000001e-8,6.258e-7,GB
2023-11-11T03:00:00.000+0000,2023-11-11T15:00:00.000+0000,Recurring,$0.02 per GB - Canada (Central) data transfer to US East (Northern Virginia),Usage,2023-11-01T00:00:00.000+0000,2023-12-01T00:00:00.000+0000,AWS,"Amazon Web Services Canada, Inc.","Amazon Web Services Canada, Inc.",123412340534,8.4e-9,USD,8.4e-9,ca-central-1,Storage,AmazonS3,123412340534,,,,,,,,4.172e-7,GB,,ZGMR5xxxxxx9BAJZ,ZGMR5TZVDVP9Bxxx.xxxxxxxxxx.xxx6EN2CT7,0.02,8.344e-9,4.172e-7,GB
2023-11-12T03:00:00.000+0000,2023-11-12T12:00:00.000+0000,Recurring,$0.02 per GB - Canada (Central) data transfer to US East (Northern Virginia),Usage,2023-11-01T00:00:00.000+0000,2023-12-01T00:00:00.000+0000,AWS,"Amazon Web Services Canada, Inc.","Amazon Web Services Canada, Inc.",123412340534,8.4e-9,USD,8.4e-9,ca-central-1,Storage,AmazonS3,123412340534,,,,,,,,4.172e-7,GB,,ZGMR5xxxxxx9BAJZ,ZGMR5TZVDVP9Bxxx.xxxxxxxxxx.xxx6EN2CT7,0.02,8.344e-9,4.172e-7,GB
2023-11-13T00:00:00.000+0000,2023-11-13T19:00:00.000+0000,Recurring,$0.02 per GB - Canada (Central) data transfer to US East (Northern Virginia),Usage,2023-11-01T00:00:00.000+0000,2023-12-01T00:00:00.000+0000,AWS,"Amazon Web Services Canada, Inc.","Amazon Web Services Canada, Inc.",123412340534,1.26e-8,USD,1.26e-8,ca-central-1,Storage,AmazonS3,123412340534,,,,,,,,6.258e-7,GB,,ZGMR5xxxxxx9BAJZ,ZGMR5TZVDVP9Bxxx.xxxxxxxxxx.xxx6EN2CT7,0.02,1.2516000000000001e-8,6.258e-7,GB
2023-11-13T03:00:00.000+0000,2023-11-13T04:00:00.000+0000,Recurring,$0.02 per GB - Canada (Central) data transfer to US East (Northern Virginia),Usage,2023-11-01T00:00:00.000+0000,2023-12-01T00:00:00.000+0000,AWS,"Amazon Web Services Canada, Inc.","Amazon Web Services Canada, Inc.",123412340534,7.8e-9,USD,7.8e-9,ca-central-1,Storage,AmazonS3,123412340534,,,,,,,,3.912e-7,GB,,ZGMR5xxxxxx9BAJZ,ZGMR5TZVDVP9Bxxx.xxxxxxxxxx.xxx6EN2CT7,0.02,7.824000000000001e-9,3.912e-7,GB
2023-11-14T03:00:00.000+0000,2023-11-14T04:00:00.000+0000,Recurring,$0.02 per GB - Canada (Central) data transfer to US East (Northern Virginia),Usage,2023-11-01T00:00:00.000+0000,2023-12-01T00:00:00.000+0000,AWS,"Amazon Web Services Canada, Inc.","Amazon Web Services Canada, Inc.",123412340534,4.2e-9,USD,4.2e-9,ca-central-1,Storage,AmazonS3,123412340534,,,,,,,,2.086e-7,GB,,ZGMR5xxxxxx9BAJZ,ZGMR5TZVDVP9Bxxx.xxxxxxxxxx.xxx6EN2CT7,0.02,4.172e-9,2.086e-7,GB
2023-11-08T14:00:00.000+0000,2023-11-08T15:00:00.000+0000,Recurring,$0.02 per GB - Canada (Central) data transfer to US West (Northern California),Usage,2023-11-01T00:00:00.000+0000,2023-12-01T00:00:00.000+0000,AWS,"Amazon Web Services Canada, Inc.","Amazon Web Services Canada, Inc.",123412340534,7.8e-9,USD,7.8e-9,ca-central-1,Storage,AmazonS3,123412340534,,,,,,,,3.912e-7,GB,,ZMHB3xxxxxxF8DKP,ZMHB3QP5JWAF8xxx.xxxxxxxxxx.xxx6EN2CT7,0.02,7.824000000000001e-9,3.912e-7,GB
2023-11-13T14:00:00.000+0000,2023-11-13T15:00:00.000+0000,Recurring,$0.02 per GB - Canada (Central) data transfer to US West (Northern California),Usage,2023-11-01T00:00:00.000+0000,2023-12-01T00:00:00.000+0000,AWS,"Amazon Web Services Canada, Inc.","Amazon Web Services Canada, Inc.",123412340534,7.8e-9,USD,7.8e-9,ca-central-1,Storage,AmazonS3,123412340534,,,,,,,,3.912e-7,GB,,ZMHB3xxxxxxF8DKP,ZMHB3QP5JWAF8xxx.xxxxxxxxxx.xxx6EN2CT7,0.02,7.824000000000001e-9,3.912e-7,GB
2023-11-07T05:00:00.000+0000,2023-11-07T06:00:00.000+0000,Recurring,$0.00 per GB - Canada (Central) data transfer from US East (Ohio),Usage,2023-11-01T00:00:00.000+0000,2023-12-01T00:00:00.000+0000,AWS,"Amazon Web Services Canada, Inc.","Amazon Web Services Canada, Inc.",123412340534,0.0,USD,0.0,ca-central-1,Storage,AmazonS3,123412340534,,,,,,,,3.8231e-6,GB,,ZNWY5xxxxxxXM2DQ,ZNWY5TP67BEXMxxx.xxxxxxxxxx.xxx6EN2CT7,0.0,0.0,3.8231e-6,GB
2023-11-04T23:00:00.000+0000,2023-11-05T00:00:00.000+0000,Recurring,"First 1,000,000 Amazon SQS Requests per month are free",Usage,2023-11-01T00:00:00.000+0000,2023-12-01T00:00:00.000+0000,AWS,"Amazon Web Services Canada, Inc.","Amazon Web Services Canada, Inc.",123412340534,0.0,USD,0.0,eu-central-1,Integration,AWSQueueService,123412340534,,,,,,,,1.0,Requests,,ZSV7PxxxxxxSDE32,ZSV7PSV36PVSDxxx.xxxxxxxxxx.xxx6EN2CT7,4e-7,4e-7,1.0,Requests
2023-11-06T19:00:00.000+0000,2023-11-06T20:00:00.000+0000,Recurring,"First 1,000,000 Amazon SQS Requests per month are free",Usage,2023-11-01T00:00:00.000+0000,2023-12-01T00:00:00.000+0000,AWS,"Amazon Web Services Canada, Inc.","Amazon Web Services Canada, Inc.",123412340534,0.0,USD,0.0,eu-central-1,Integration,AWSQueueService,123412340534,,,,,,,,1.0,Requests,,ZSV7PxxxxxxSDE32,ZSV7PSV36PVSDxxx.xxxxxxxxxx.xxx6EN2CT7,4e-7,4e-7,1.0,Requests
2023-11-11T19:00:00.000+0000,2023-11-11T20:00:00.000+0000,Recurring,"First 1,000,000 Amazon SQS Requests per month are free",Usage,2023-11-01T00:00:00.000+0000,2023-12-01T00:00:00.000+0000,AWS,"Amazon Web Services Canada, Inc.","Amazon Web Services Canada, Inc.",123412340534,0.0,USD,0.0,eu-central-1,Integration,AWSQueueService,123412340534,,,,,,,,1.0,Requests,,ZSV7PxxxxxxSDE32,ZSV7PSV36PVSDxxx.xxxxxxxxxx.xxx6EN2CT7,4e-7,4e-7,1.0,Requests
2023-11-04T23:00:00.000+0000,2023-11-05T00:00:00.000+0000,Recurring,$0 for AWS Glue Data Catalog requests under the free tier,Usage,2023-11-01T00:00:00.000+0000,2023-12-01T00:00:00.000+0000,AWS,"Amazon Web Services Canada, Inc.","Amazon Web Services Canada, Inc.",123412340534,0.0,USD,0.0,us-east-2,Analytics,AWSGlue,123412340534,,,,,,,,2.0,Request,,ZV78NxxxxxxRJ8B6,ZV78NH9F34YRJxxx.xxxxxxxxxx.xxx6EN2CT7,1e-6,2e-6,2.0,Request
2023-11-09T17:00:00.000+0000,2023-11-09T18:00:00.000+0000,Recurring,$0 for AWS Glue Data Catalog requests under the free tier,Usage,2023-11-01T00:00:00.000+0000,2023-12-01T00:00:00.000+0000,AWS,"Amazon Web Services Canada, Inc.","Amazon Web Services Canada, Inc.",123412340534,0.0,USD,0.0,us-east-2,Analytics,AWSGlue,123412340534,,,,,,,,1.0,Request,,ZV78NxxxxxxRJ8B6,ZV78NH9F34YRJxxx.xxxxxxxxxx.xxx6EN2CT7,1e-6,1e-6,1.0,Request
2023-11-11T01:00:00.000+0000,2023-11-11T02:00:00.000+0000,Recurring,$0 for AWS Glue Data Catalog requests under the free tier,Usage,2023-11-01T00:00:00.000+0000,2023-12-01T00:00:00.000+0000,AWS,"Amazon Web Services Canada, Inc.","Amazon Web Services Canada, Inc.",123412340534,0.0,USD,0.0,us-east-2,Analytics,AWSGlue,123412340534,,,,,,,,1.0,Request,,ZV78NxxxxxxRJ8B6,ZV78NH9F34YRJxxx.xxxxxxxxxx.xxx6EN2CT7,1e-6,1e-6,1.0,Request
2023-11-04T23:00:00.000+0000,2023-11-05T00:00:00.000+0000,Recurring,"First 1,000,000 Amazon SNS API Requests per month are free",Usage,2023-11-01T00:00:00.000+0000,2023-12-01T00:00:00.000+0000,AWS,"Amazon Web Services Canada, Inc.","Amazon Web Services Canada, Inc.",123412340534,0.0,USD,0.0,eu-west-1,Integration,AmazonSNS,123412340534,,,,,,,,1.0,Requests,,ZVCRDxxxxxxYPYWV,ZVCRD326SNFYPxxx.xxxxxxxxxx.xxxVSFF4TP,5e-7,5e-7,1.0,Requests
2023-11-08T11:00:00.000+0000,2023-11-08T12:00:00.000+0000,Recurring,"First 1,000,000 Amazon SNS API Requests per month are free",Usage,2023-11-01T00:00:00.000+0000,2023-12-01T00:00:00.000+0000,AWS,"Amazon Web Services Canada, Inc.","Amazon Web Services Canada, Inc.",123412340534,0.0,USD,0.0,eu-west-1,Integration,AmazonSNS,123412340534,,,,,,,,1.0,Requests,,ZVCRDxxxxxxYPYWV,ZVCRD326SNFYPxxx.xxxxxxxxxx.xxxVSFF4TP,5e-7,5e-7,1.0,Requests
2023-11-13T11:00:00.000+0000,2023-11-13T12:00:00.000+0000,Recurring,"First 1,000,000 Amazon SNS API Requests per month are free",Usage,2023-11-01T00:00:00.000+0000,2023-12-01T00:00:00.000+0000,AWS,"Amazon Web Services Canada, Inc.","Amazon Web Services Canada, Inc.",123412340534,0.0,USD,0.0,eu-west-1,Integration,AmazonSNS,123412340534,,,,,,,,1.0,Requests,,ZVCRDxxxxxxYPYWV,ZVCRD326SNFYPxxx.xxxxxxxxxx.xxxVSFF4TP,5e-7,5e-7,1.0,Requests
2023-11-01T00:00:00.000+0000,2023-11-01T19:00:00.000+0000,Recurring,"$0.004 per 10,000 GET and all other requests",Usage,2023-11-01T00:00:00.000+0000,2023-12-01T00:00:00.000+0000,AWS,"Amazon Web Services Canada, Inc.","Amazon Web Services Canada, Inc.",123412340534,2e-6,USD,2e-6,us-east-1,Storage,AmazonS3,123412340534,,,,,,,,5.0,Requests,,ZWQ6QxxxxxxX4FXE,ZWQ6Q48CRJXX4xxx.xxxxxxxxxx.xxx6EN2CT7,4e-7,2e-6,5.0,Requests
2023-11-02T00:00:00.000+0000,2023-11-02T19:00:00.000+0000,Recurring,"$0.004 per 10,000 GET and all other requests",Usage,2023-11-01T00:00:00.000+0000,2023-12-01T00:00:00.000+0000,AWS,"Amazon Web Services Canada, Inc.","Amazon Web Services Canada, Inc.",123412340534,2e-6,USD,2e-6,us-east-1,Storage,AmazonS3,123412340534,,,,,,,,5.0,Requests,,ZWQ6QxxxxxxX4FXE,ZWQ6Q48CRJXX4xxx.xxxxxxxxxx.xxx6EN2CT7,4e-7,2e-6,5.0,Requests
2023-11-03T00:00:00.000+0000,2023-11-03T19:00:00.000+0000,Recurring,"$0.004 per 10,000 GET and all other requests",Usage,2023-11-01T00:00:00.000+0000,2023-12-01T00:00:00.000+0000,AWS,"Amazon Web Services Canada, Inc.","Amazon Web Services Canada, Inc.",123412340534,2e-6,USD,2e-6,us-east-1,Storage,AmazonS3,123412340534,,,,,,,,5.0,Requests,,ZWQ6QxxxxxxX4FXE,ZWQ6Q48CRJXX4xxx.xxxxxxxxxx.xxx6EN2CT7,4e-7,2e-6,5.0,Requests
2023-11-04T22:00:00.000+0000,2023-11-04T23:00:00.000+0000,Recurring,"$0.004 per 10,000 GET and all other requests",Usage,2023-11-01T00:00:00.000+0000,2023-12-01T00:00:00.000+0000,AWS,"Amazon Web Services Canada, Inc.","Amazon Web Services Canada, Inc.",123412340534,4e-7,USD,4e-7,us-east-1,Storage,AmazonS3,123412340534,,,,,,,,1.0,Requests,,ZWQ6QxxxxxxX4FXE,ZWQ6Q48CRJXX4xxx.xxxxxxxxxx.xxx6EN2CT7,4e-7,4e-7,1.0,Requests
2023-11-04T22:00:00.000+0000,2023-11-05T00:00:00.000+0000,Recurring,"$0.004 per 10,000 GET and all other requests",Usage,2023-11-01T00:00:00.000+0000,2023-12-01T00:00:00.000+0000,AWS,"Amazon Web Services Canada, Inc.","Amazon Web Services Canada, Inc.",123412340534,0.0000128,USD,0.0000128,us-east-1,Storage,AmazonS3,123412340534,,,,,,,,32.0,Requests,,ZWQ6QxxxxxxX4FXE,ZWQ6Q48CRJXX4xxx.xxxxxxxxxx.xxx6EN2CT7,4e-7,0.0000128,32.0,Requests
2023-11-04T00:00:00.000+0000,2023-11-04T23:00:00.000+0000,Recurring,"$0.004 per 10,000 GET and all other requests",Usage,2023-11-01T00:00:00.000+0000,2023-12-01T00:00:00.000+0000,AWS,"Amazon Web Services Canada, Inc.","Amazon Web Services Canada, Inc.",123412340534,3.2e-6,USD,3.2e-6,us-east-1,Storage,AmazonS3,123412340534,,,,,,,,8.0,Requests,,ZWQ6QxxxxxxX4FXE,ZWQ6Q48CRJXX4xxx.xxxxxxxxxx.xxx6EN2CT7,4e-7,3.2e-6,8.0,Requests
2023-11-05T00:00:00.000+0000,2023-11-05T19:00:00.000+0000,Recurring,"$0.004 per 10,000 GET and all other requests",Usage,2023-11-01T00:00:00.000+0000,2023-12-01T00:00:00.000+0000,AWS,"Amazon Web Services Canada, Inc.","Amazon Web Services Canada, Inc.",123412340534,2.8e-6,USD,2.8e-6,us-east-1,Storage,AmazonS3,123412340534,,,,,,,,7.0,Requests,,ZWQ6QxxxxxxX4FXE,ZWQ6Q48CRJXX4xxx.xxxxxxxxxx.xxx6EN2CT7,4e-7,2.8e-6,7.0,Requests
2023-11-05T00:00:00.000+0000,2023-11-05T22:00:00.000+0000,Recurring,"$0.004 per 10,000 GET and all other requests",Usage,2023-11-01T00:00:00.000+0000,2023-12-01T00:00:00.000+0000,AWS,"Amazon Web Services Canada, Inc.","Amazon Web Services Canada, Inc.",123412340534,8.4e-6,USD,8.4e-6,us-east-1,Storage,AmazonS3,123412340534,,,,,,,,21.0,Requests,,ZWQ6QxxxxxxX4FXE,ZWQ6Q48CRJXX4xxx.xxxxxxxxxx.xxx6EN2CT7,4e-7,8.4e-6,21.0,Requests
2023-11-05T00:00:00.000+0000,2023-11-05T19:00:00.000+0000,Recurring,"$0.004 per 10,000 GET and all other requests",Usage,2023-11-01T00:00:00.000+0000,2023-12-01T00:00:00.000+0000,AWS,"Amazon Web Services Canada, Inc.","Amazon Web Services Canada, Inc.",123412340534,0.0000152,USD,0.0000152,us-east-1,Storage,AmazonS3,123412340534,,,,,,,,38.0,Requests,,ZWQ6QxxxxxxX4FXE,ZWQ6Q48CRJXX4xxx.xxxxxxxxxx.xxx6EN2CT7,4e-7,0.0000152,38.0,Requests
2023-11-06T05:00:00.000+0000,2023-11-06T06:00:00.000+0000,Recurring,"$0.004 per 10,000 GET and all other requests",Usage,2023-11-01T00:00:00.000+0000,2023-12-01T00:00:00.000+0000,AWS,"Amazon Web Services Canada, Inc.","Amazon Web Services Canada, Inc.",123412340534,8e-7,USD,8e-7,us-east-1,Storage,AmazonS3,123412340534,,,,,,,,2.0,Requests,,ZWQ6QxxxxxxX4FXE,ZWQ6Q48CRJXX4xxx.xxxxxxxxxx.xxx6EN2CT7,4e-7,8e-7,2.0,Requests
2023-11-06T04:00:00.000+0000,2023-11-06T19:00:00.000+0000,Recurring,"$0.004 per 10,000 GET and all other requests",Usage,2023-11-01T00:00:00.000+0000,2023-12-01T00:00:00.000+0000,AWS,"Amazon Web Services Canada, Inc.","Amazon Web Services Canada, Inc.",123412340534,3.6e-6,USD,3.6e-6,us-east-1,Storage,AmazonS3,123412340534,,,,,,,,9.0,Requests,,ZWQ6QxxxxxxX4FXE,ZWQ6Q48CRJXX4xxx.xxxxxxxxxx.xxx6EN2CT7,4e-7,3.6e-6,9.0,Requests
2023-11-06T00:00:00.000+0000,2023-11-06T19:00:00.000+0000,Recurring,"$0.004 per 10,000 GET and all other requests",Usage,2023-11-01T00:00:00.000+0000,2023-12-01T00:00:00.000+0000,AWS,"Amazon Web Services Canada, Inc.","Amazon Web Services Canada, Inc.",123412340534,3.6e-6,USD,3.6e-6,us-east-1,Storage,AmazonS3,123412340534,,,,,,,,9.0,Requests,,ZWQ6QxxxxxxX4FXE,ZWQ6Q48CRJXX4xxx.xxxxxxxxxx.xxx6EN2CT7,4e-7,3.6e-6,9.0,Requests
2023-11-07T03:00:00.000+0000,2023-11-07T06:00:00.000+0000,Recurring,"$0.004 per 10,000 GET and all other requests",Usage,2023-11-01T00:00:00.000+0000,2023-12-01T00:00:00.000+0000,AWS,"Amazon Web Services Canada, Inc.","Amazon Web Services Canada, Inc.",123412340534,5.2e-6,USD,5.2e-6,us-east-1,Storage,AmazonS3,123412340534,,,,,,,,13.0,Requests,,ZWQ6QxxxxxxX4FXE,ZWQ6Q48CRJXX4xxx.xxxxxxxxxx.xxx6EN2CT7,4e-7,5.199999999999999e-6,13.0,Requests
2023-11-07T03:00:00.000+0000,2023-11-07T11:00:00.000+0000,Recurring,"$0.004 per 10,000 GET and all other requests",Usage,2023-11-01T00:00:00.000+0000,2023-12-01T00:00:00.000+0000,AWS,"Amazon Web Services Canada, Inc.","Amazon Web Services Canada, Inc.",123412340534,0.0000156,USD,0.0000156,us-east-1,Storage,AmazonS3,123412340534,,,,,,,,39.0,Requests,,ZWQ6QxxxxxxX4FXE,ZWQ6Q48CRJXX4xxx.xxxxxxxxxx.xxx6EN2CT7,4e-7,0.0000156,39.0,Requests
2023-11-07T00:00:00.000+0000,2023-11-07T19:00:00.000+0000,Recurring,"$0.004 per 10,000 GET and all other requests",Usage,2023-11-01T00:00:00.000+0000,2023-12-01T00:00:00.000+0000,AWS,"Amazon Web Services Canada, Inc.","Amazon Web Services Canada, Inc.",123412340534,0.0000204,USD,0.0000204,us-east-1,Storage,AmazonS3,123412340534,,,,,,,,51.0,Requests,,ZWQ6QxxxxxxX4FXE,ZWQ6Q48CRJXX4xxx.xxxxxxxxxx.xxx6EN2CT7,4e-7,0.000020399999999999998,51.0,Requests
2023-11-08T03:00:00.000+0000,2023-11-08T23:00:00.000+0000,Recurring,"$0.004 per 10,000 GET and all other requests",Usage,2023-11-01T00:00:00.000+0000,2023-12-01T00:00:00.000+0000,AWS,"Amazon Web Services Canada, Inc.","Amazon Web Services Canada, Inc.",123412340534,0.000012,USD,0.000012,us-east-1,Storage,AmazonS3,123412340534,,,,,,,,30.0,Requests,,ZWQ6QxxxxxxX4FXE,ZWQ6Q48CRJXX4xxx.xxxxxxxxxx.xxx6EN2CT7,4e-7,0.000012,30.0,Requests
2023-11-08T00:00:00.000+0000,2023-11-08T19:00:00.000+0000,Recurring,"$0.004 per 10,000 GET and all other requests",Usage,2023-11-01T00:00:00.000+0000,2023-12-01T00:00:00.000+0000,AWS,"Amazon Web Services Canada, Inc.","Amazon Web Services Canada, Inc.",123412340534,2e-6,USD,2e-6,us-east-1,Storage,AmazonS3,123412340534,,,,,,,,5.0,Requests,,ZWQ6QxxxxxxX4FXE,ZWQ6Q48CRJXX4xxx.xxxxxxxxxx.xxx6EN2CT7,4e-7,2e-6,5.0,Requests
2023-11-09T20:00:00.000+0000,2023-11-09T21:00:00.000+0000,Recurring,"$0.004 per 10,000 GET and all other requests",Usage,2023-11-01T00:00:00.000+0000,2023-12-01T00:00:00.000+0000,AWS,"Amazon Web Services Canada, Inc.","Amazon Web Services Canada, Inc.",123412340534,2e-6,USD,2e-6,us-east-1,Storage,AmazonS3,123412340534,,,,,,,,5.0,Requests,,ZWQ6QxxxxxxX4FXE,ZWQ6Q48CRJXX4xxx.xxxxxxxxxx.xxx6EN2CT7,4e-7,2e-6,5.0,Requests
2023-11-09T00:00:00.000+0000,2023-11-09T19:00:00.000+0000,Recurring,"$0.004 per 10,000 GET and all other requests",Usage,2023-11-01T00:00:00.000+0000,2023-12-01T00:00:00.000+0000,AWS,"Amazon Web Services Canada, Inc.","Amazon Web Services Canada, Inc.",123412340534,2e-6,USD,2e-6,us-east-1,Storage,AmazonS3,123412340534,,,,,,,,5.0,Requests,,ZWQ6QxxxxxxX4FXE,ZWQ6Q48CRJXX4xxx.xxxxxxxxxx.xxx6EN2CT7,4e-7,2e-6,5.0,Requests
2023-11-10T00:00:00.000+0000,2023-11-10T22:00:00.000+0000,Recurring,"$0.004 per 10,000 GET and all other requests",Usage,2023-11-01T00:00:00.000+0000,2023-12-01T00:00:00.000+0000,AWS,"Amazon Web Services Canada, Inc.","Amazon Web Services Canada, Inc.",123412340534,4e-6,USD,4e-6,us-east-1,Storage,AmazonS3,123412340534,,,,,,,,10.0,Requests,,ZWQ6QxxxxxxX4FXE,ZWQ6Q48CRJXX4xxx.xxxxxxxxxx.xxx6EN2CT7,4e-7,4e-6,10.0,Requests
2023-11-10T00:00:00.000+0000,2023-11-10T19:00:00.000+0000,Recurring,"$0.004 per 10,000 GET and all other requests",Usage,2023-11-01T00:00:00.000+0000,2023-12-01T00:00:00.000+0000,AWS,"Amazon Web Services Canada, Inc.","Amazon Web Services Canada, Inc.",123412340534,2e-6,USD,2e-6,us-east-1,Storage,AmazonS3,123412340534,,,,,,,,5.0,Requests,,ZWQ6QxxxxxxX4FXE,ZWQ6Q48CRJXX4xxx.xxxxxxxxxx.xxx6EN2CT7,4e-7,2e-6,5.0,Requests
2023-11-11T02:00:00.000+0000,2023-11-11T19:00:00.000+0000,Recurring,"$0.004 per 10,000 GET and all other requests",Usage,2023-11-01T00:00:00.000+0000,2023-12-01T00:00:00.000+0000,AWS,"Amazon Web Services Canada, Inc.","Amazon Web Services Canada, Inc.",123412340534,8.8e-6,USD,8.8e-6,us-east-1,Storage,AmazonS3,123412340534,,,,,,,,22.0,Requests,,ZWQ6QxxxxxxX4FXE,ZWQ6Q48CRJXX4xxx.xxxxxxxxxx.xxx6EN2CT7,4e-7,8.8e-6,22.0,Requests
2023-11-11T00:00:00.000+0000,2023-11-11T19:00:00.000+0000,Recurring,"$0.004 per 10,000 GET and all other requests",Usage,2023-11-01T00:00:00.000+0000,2023-12-01T00:00:00.000+0000,AWS,"Amazon Web Services Canada, Inc.","Amazon Web Services Canada, Inc.",123412340534,2e-6,USD,2e-6,us-east-1,Storage,AmazonS3,123412340534,,,,,,,,5.0,Requests,,ZWQ6QxxxxxxX4FXE,ZWQ6Q48CRJXX4xxx.xxxxxxxxxx.xxx6EN2CT7,4e-7,2e-6,5.0,Requests
2023-11-12T00:00:00.000+0000,2023-11-12T01:00:00.000+0000,Recurring,"$0.004 per 10,000 GET and all other requests",Usage,2023-11-01T00:00:00.000+0000,2023-12-01T00:00:00.000+0000,AWS,"Amazon Web Services Canada, Inc.","Amazon Web Services Canada, Inc.",123412340534,1.2e-6,USD,1.2e-6,us-east-1,Storage,AmazonS3,123412340534,,,,,,,,3.0,Requests,,ZWQ6QxxxxxxX4FXE,ZWQ6Q48CRJXX4xxx.xxxxxxxxxx.xxx6EN2CT7,4e-7,1.2e-6,3.0,Requests
2023-11-12T00:00:00.000+0000,2023-11-12T20:00:00.000+0000,Recurring,"$0.004 per 10,000 GET and all other requests",Usage,2023-11-01T00:00:00.000+0000,2023-12-01T00:00:00.000+0000,AWS,"Amazon Web Services Canada, Inc.","Amazon Web Services Canada, Inc.",123412340534,9.6e-6,USD,9.6e-6,us-east-1,Storage,AmazonS3,123412340534,,,,,,,,24.0,Requests,,ZWQ6QxxxxxxX4FXE,ZWQ6Q48CRJXX4xxx.xxxxxxxxxx.xxx6EN2CT7,4e-7,9.6e-6,24.0,Requests
2023-11-12T00:00:00.000+0000,2023-11-12T19:00:00.000+0000,Recurring,"$0.004 per 10,000 GET and all other requests",Usage,2023-11-01T00:00:00.000+0000,2023-12-01T00:00:00.000+0000,AWS,"Amazon Web Services Canada, Inc.","Amazon Web Services Canada, Inc.",123412340534,2.8e-6,USD,2.8e-6,us-east-1,Storage,AmazonS3,123412340534,,,,,,,,7.0,Requests,,ZWQ6QxxxxxxX4FXE,ZWQ6Q48CRJXX4xxx.xxxxxxxxxx.xxx6EN2CT7,4e-7,2.8e-6,7.0,Requests
2023-11-13T05:00:00.000+0000,2023-11-13T06:00:00.000+0000,Recurring,"$0.004 per 10,000 GET and all other requests",Usage,2023-11-01T00:00:00.000+0000,2023-12-01T00:00:00.000+0000,AWS,"Amazon Web Services Canada, Inc.","Amazon Web Services Canada, Inc.",123412340534,4e-7,USD,4e-7,us-east-1,Storage,AmazonS3,123412340534,,,,,,,,1.0,Requests,,ZWQ6QxxxxxxX4FXE,ZWQ6Q48CRJXX4xxx.xxxxxxxxxx.xxx6EN2CT7,4e-7,4e-7,1.0,Requests
2023-11-13T03:00:00.000+0000,2023-11-13T23:00:00.000+0000,Recurring,"$0.004 per 10,000 GET and all other requests",Usage,2023-11-01T00:00:00.000+0000,2023-12-01T00:00:00.000+0000,AWS,"Amazon Web Services Canada, Inc.","Amazon Web Services Canada, Inc.",123412340534,0.0000128,USD,0.0000128,us-east-1,Storage,AmazonS3,123412340534,,,,,,,,32.0,Requests,,ZWQ6QxxxxxxX4FXE,ZWQ6Q48CRJXX4xxx.xxxxxxxxxx.xxx6EN2CT7,4e-7,0.0000128,32.0,Requests
2023-11-13T00:00:00.000+0000,2023-11-13T19:00:00.000+0000,Recurring,"$0.004 per 10,000 GET and all other requests",Usage,2023-11-01T00:00:00.000+0000,2023-12-01T00:00:00.000+0000,AWS,"Amazon Web Services Canada, Inc.","Amazon Web Services Canada, Inc.",123412340534,2.8e-6,USD,2.8e-6,us-east-1,Storage,AmazonS3,123412340534,,,,,,,,7.0,Requests,,ZWQ6QxxxxxxX4FXE,ZWQ6Q48CRJXX4xxx.xxxxxxxxxx.xxx6EN2CT7,4e-7,2.8e-6,7.0,Requests
2023-11-14T00:00:00.000+0000,2023-11-14T01:00:00.000+0000,Recurring,"$0.004 per 10,000 GET and all other requests",Usage,2023-11-01T00:00:00.000+0000,2023-12-01T00:00:00.000+0000,AWS,"Amazon Web Services Canada, Inc.","Amazon Web Services Canada, Inc.",123412340534,4e-7,USD,4e-7,us-east-1,Storage,AmazonS3,123412340534,,,,,,,,1.0,Requests,,ZWQ6QxxxxxxX4FXE,ZWQ6Q48CRJXX4xxx.xxxxxxxxxx.xxx6EN2CT7,4e-7,4e-7,1.0,Requests
2023-11-04T23:00:00.000+0000,2023-11-05T00:00:00.000+0000,Recurring,$0.0 per request for ListEnvironments API in Asia Pacific (Seoul),Usage,2023-11-01T00:00:00.000+0000,2023-12-01T00:00:00.000+0000,AWS,"Amazon Web Services Canada, Inc.","Amazon Web Services Canada, Inc.",123412340534,0.0,USD,0.0,ap-northeast-2,,AWSMigrationHubRefactorSpaces,123412340534,,,,,,,,1.0,API Request,,2F382xxxxxxBEYKT,2F382D57XG5BExxx.xxxxxxxxxx.xxx6EN2CT7,2e-6,2e-6,1.0,API Request
2023-11-07T09:00:00.000+0000,2023-11-07T10:00:00.000+0000,Recurring,$0.0 per request for ListEnvironments API in Asia Pacific (Seoul),Usage,2023-11-01T00:00:00.000+0000,2023-12-01T00:00:00.000+0000,AWS,"Amazon Web Services Canada, Inc.","Amazon Web Services Canada, Inc.",123412340534,0.0,USD,0.0,ap-northeast-2,,AWSMigrationHubRefactorSpaces,123412340534,,,,,,,,1.0,API Request,,2F382xxxxxxBEYKT,2F382D57XG5BExxx.xxxxxxxxxx.xxx6EN2CT7,2e-6,2e-6,1.0,API Request
2023-11-12T09:00:00.000+0000,2023-11-12T10:00:00.000+0000,Recurring,$0.0 per request for ListEnvironments API in Asia Pacific (Seoul),Usage,2023-11-01T00:00:00.000+0000,2023-12-01T00:00:00.000+0000,AWS,"Amazon Web Services Canada, Inc.","Amazon Web Services Canada, Inc.",123412340534,0.0,USD,0.0,ap-northeast-2,,AWSMigrationHubRefactorSpaces,123412340534,,,,,,,,1.0,API Request,,2F382xxxxxxBEYKT,2F382D57XG5BExxx.xxxxxxxxxx.xxx6EN2CT7,2e-6,2e-6,1.0,API Request
2023-11-04T23:00:00.000+0000,2023-11-05T00:00:00.000+0000,Recurring,$0.0 per request for ListEnvironments API in South America (Sao Paulo),Usage,2023-11-01T00:00:00.000+0000,2023-12-01T00:00:00.000+0000,AWS,"Amazon Web Services Canada, Inc.","Amazon Web Services Canada, Inc.",123412340534,0.0,USD,0.0,sa-east-1,,AWSMigrationHubRefactorSpaces,123412340534,,,,,,,,1.0,API Request,,2FH3Uxxxxxx6PW3T,2FH3UBC6JY76Pxxx.xxxxxxxxxx.xxx6EN2CT7,2e-6,2e-6,1.0,API Request
2023-11-08T15:00:00.000+0000,2023-11-08T16:00:00.000+0000,Recurring,$0.0 per request for ListEnvironments API in South America (Sao Paulo),Usage,2023-11-01T00:00:00.000+0000,2023-12-01T00:00:00.000+0000,AWS,"Amazon Web Services Canada, Inc.","Amazon Web Services Canada, Inc.",123412340534,0.0,USD,0.0,sa-east-1,,AWSMigrationHubRefactorSpaces,123412340534,,,,,,,,1.0,API Request,,2FH3Uxxxxxx6PW3T,2FH3UBC6JY76Pxxx.xxxxxxxxxx.xxx6EN2CT7,2e-6,2e-6,1.0,API Request
2023-11-13T15:00:00.000+0000,2023-11-13T16:00:00.000+0000,Recurring,$0.0 per request for ListEnvironments API in South America (Sao Paulo),Usage,2023-11-01T00:00:00.000+0000,2023-12-01T00:00:00.000+0000,AWS,"Amazon Web Services Canada, Inc.","Amazon Web Services Canada, Inc.",123412340534,0.0,USD,0.0,sa-east-1,,AWSMigrationHubRefactorSpaces,123412340534,,,,,,,,1.0,API Request,,2FH3Uxxxxxx6PW3T,2FH3UBC6JY76Pxxx.xxxxxxxxxx.xxx6EN2CT7,2e-6,2e-6,1.0,API Request
2023-11-04T23:00:00.000+0000,2023-11-05T00:00:00.000+0000,Recurring,$0.0 per request for ListEnvironments API in Asia Pacific (Tokyo),Usage,2023-11-01T00:00:00.000+0000,2023-12-01T00:00:00.000+0000,AWS,"Amazon Web Services Canada, Inc.","Amazon Web Services Canada, Inc.",123412340534,0.0,USD,0.0,ap-northeast-1,,AWSMigrationHubRefactorSpaces,123412340534,,,,,,,,1.0,API Request,,3V2KGxxxxxxCKUSD,3V2KGBJ5WUVCKxxx.xxxxxxxxxx.xxx6EN2CT7,2e-6,2e-6,1.0,API Request
2023-11-06T12:00:00.000+0000,2023-11-06T13:00:00.000+0000,Recurring,$0.0 per request for ListEnvironments API in Asia Pacific (Tokyo),Usage,2023-11-01T00:00:00.000+0000,2023-12-01T00:00:00.000+0000,AWS,"Amazon Web Services Canada, Inc.","Amazon Web Services Canada, Inc.",123412340534,0.0,USD,0.0,ap-northeast-1,,AWSMigrationHubRefactorSpaces,123412340534,,,,,,,,1.0,API Request,,3V2KGxxxxxxCKUSD,3V2KGBJ5WUVCKxxx.xxxxxxxxxx.xxx6EN2CT7,2e-6,2e-6,1.0,API Request
2023-11-11T12:00:00.000+0000,2023-11-11T13:00:00.000+0000,Recurring,$0.0 per request for ListEnvironments API in Asia Pacific (Tokyo),Usage,2023-11-01T00:00:00.000+0000,2023-12-01T00:00:00.000+0000,AWS,"Amazon Web Services Canada, Inc.","Amazon Web Services Canada, Inc.",123412340534,0.0,USD,0.0,ap-northeast-1,,AWSMigrationHubRefactorSpaces,123412340534,,,,,,,,1.0,API Request,,3V2KGxxxxxxCKUSD,3V2KGBJ5WUVCKxxx.xxxxxxxxxx.xxx6EN2CT7,2e-6,2e-6,1.0,API Request
2023-11-04T23:00:00.000+0000,2023-11-05T00:00:00.000+0000,Recurring,$0.0 per request for ListEnvironments API in Asia Pacific (Mumbai),Usage,2023-11-01T00:00:00.000+0000,2023-12-01T00:00:00.000+0000,AWS,"Amazon Web Services Canada, Inc.","Amazon Web Services Canada, Inc.",123412340534,0.0,USD,0.0,ap-south-1,,AWSMigrationHubRefactorSpaces,123412340534,,,,,,,,1.0,API Request,,69VMRxxxxxxMTZKD,69VMR53UJAAMTxxx.xxxxxxxxxx.xxx6EN2CT7,2e-6,2e-6,1.0,API Request
2023-11-09T10:00:00.000+0000,2023-11-09T11:00:00.000+0000,Recurring,$0.0 per request for ListEnvironments API in Asia Pacific (Mumbai),Usage,2023-11-01T00:00:00.000+0000,2023-12-01T00:00:00.000+0000,AWS,"Amazon Web Services Canada, Inc.","Amazon Web Services Canada, Inc.",123412340534,0.0,USD,0.0,ap-south-1,,AWSMigrationHubRefactorSpaces,123412340534,,,,,,,,1.0,API Request,,69VMRxxxxxxMTZKD,69VMR53UJAAMTxxx.xxxxxxxxxx.xxx6EN2CT7,2e-6,2e-6,1.0,API Request
2023-11-04T23:00:00.000+0000,2023-11-05T00:00:00.000+0000,Recurring,$0.0 per request for ListEnvironments API in EU (Paris),Usage,2023-11-01T00:00:00.000+0000,2023-12-01T00:00:00.000+0000,AWS,"Amazon Web Services Canada, Inc.","Amazon Web Services Canada, Inc.",123412340534,0.0,USD,0.0,eu-west-3,,AWSMigrationHubRefactorSpaces,123412340534,,,,,,,,1.0,API Request,,8DTMFxxxxxxHQRPV,8DTMF8WWSBWHQxxx.xxxxxxxxxx.xxx6EN2CT7,2e-6,2e-6,1.0,API Request
2023-11-10T13:00:00.000+0000,2023-11-10T14:00:00.000+0000,Recurring,$0.0 per request for ListEnvironments API in EU (Paris),Usage,2023-11-01T00:00:00.000+0000,2023-12-01T00:00:00.000+0000,AWS,"Amazon Web Services Canada, Inc.","Amazon Web Services Canada, Inc.",123412340534,0.0,USD,0.0,eu-west-3,,AWSMigrationHubRefactorSpaces,123412340534,,,,,,,,1.0,API Request,,8DTMFxxxxxxHQRPV,8DTMF8WWSBWHQxxx.xxxxxxxxxx.xxx6EN2CT7,2e-6,2e-6,1.0,API Request
2023-11-04T23:00:00.000+0000,2023-11-05T00:00:00.000+0000,Recurring,$0.0 per request for ListEnvironments API in EU (Frankfurt),Usage,2023-11-01T00:00:00.000+0000,2023-12-01T00:00:00.000+0000,AWS,"Amazon Web Services Canada, Inc.","Amazon Web Services Canada, Inc.",123412340534,0.0,USD,0.0,eu-central-1,,AWSMigrationHubRefactorSpaces,123412340534,,,,,,,,1.0,API Request,,BUTWWxxxxxx4RBHT,BUTWW7VAJDB4Rxxx.xxxxxxxxxx.xxx6EN2CT7,2e-6,2e-6,1.0,API Request
2023-11-07T19:00:00.000+0000,2023-11-07T20:00:00.000+0000,Recurring,$0.0 per request for ListEnvironments API in EU (Frankfurt),Usage,2023-11-01T00:00:00.000+0000,2023-12-01T00:00:00.000+0000,AWS,"Amazon Web Services Canada, Inc.","Amazon Web Services Canada, Inc.",123412340534,0.0,USD,0.0,eu-central-1,,AWSMigrationHubRefactorSpaces,123412340534,,,,,,,,1.0,API Request,,BUTWWxxxxxx4RBHT,BUTWW7VAJDB4Rxxx.xxxxxxxxxx.xxx6EN2CT7,2e-6,2e-6,1.0,API Request
2023-11-12T19:00:00.000+0000,2023-11-12T20:00:00.000+0000,Recurring,$0.0 per request for ListEnvironments API in EU (Frankfurt),Usage,2023-11-01T00:00:00.000+0000,2023-12-01T00:00:00.000+0000,AWS,"Amazon Web Services Canada, Inc.","Amazon Web Services Canada, Inc.",123412340534,0.0,USD,0.0,eu-central-1,,AWSMigrationHubRefactorSpaces,123412340534,,,,,,,,1.0,API Request,,BUTWWxxxxxx4RBHT,BUTWW7VAJDB4Rxxx.xxxxxxxxxx.xxx6EN2CT7,2e-6,2e-6,1.0,API Request
2023-11-04T23:00:00.000+0000,2023-11-05T00:00:00.000+0000,Recurring,$0.0 per request for ListEnvironments API in Asia Pacific (Osaka),Usage,2023-11-01T00:00:00.000+0000,2023-12-01T00:00:00.000+0000,AWS,"Amazon Web Services Canada, Inc.","Amazon Web Services Canada, Inc.",123412340534,0.0,USD,0.0,ap-northeast-3,,AWSMigrationHubRefactorSpaces,123412340534,,,,,,,,1.0,API Request,,C4BZCxxxxxxF4TYW,C4BZCUT8BDGF4xxx.xxxxxxxxxx.xxx6EN2CT7,2e-6,2e-6,1.0,API Request
2023-11-06T14:00:00.000+0000,2023-11-06T15:00:00.000+0000,Recurring,$0.0 per request for ListEnvironments API in Asia Pacific (Osaka),Usage,2023-11-01T00:00:00.000+0000,2023-12-01T00:00:00.000+0000,AWS,"Amazon Web Services Canada, Inc.","Amazon Web Services Canada, Inc.",123412340534,0.0,USD,0.0,ap-northeast-3,,AWSMigrationHubRefactorSpaces,123412340534,,,,,,,,1.0,API Request,,C4BZCxxxxxxF4TYW,C4BZCUT8BDGF4xxx.xxxxxxxxxx.xxx6EN2CT7,2e-6,2e-6,1.0,API Request
2023-11-11T14:00:00.000+0000,2023-11-11T15:00:00.000+0000,Recurring,$0.0 per request for ListEnvironments API in Asia Pacific (Osaka),Usage,2023-11-01T00:00:00.000+0000,2023-12-01T00:00:00.000+0000,AWS,"Amazon Web Services Canada, Inc.","Amazon Web Services Canada, Inc.",123412340534,0.0,USD,0.0,ap-northeast-3,,AWSMigrationHubRefactorSpaces,123412340534,,,,,,,,1.0,API Request,,C4BZCxxxxxxF4TYW,C4BZCUT8BDGF4xxx.xxxxxxxxxx.xxx6EN2CT7,2e-6,2e-6,1.0,API Request
2023-11-04T23:00:00.000+0000,2023-11-05T00:00:00.000+0000,Recurring,$0.0 per request for ListEnvironments API in Asia Pacific (Singapore),Usage,2023-11-01T00:00:00.000+0000,2023-12-01T00:00:00.000+0000,AWS,"Amazon Web Services Canada, Inc.","Amazon Web Services Canada, Inc.",123412340534,0.0,USD,0.0,ap-southeast-1,,AWSMigrationHubRefactorSpaces,123412340534,,,,,,,,1.0,API Request,,C6ZGTxxxxxxHMFKY,C6ZGT93HAB5HMxxx.xxxxxxxxxx.xxx6EN2CT7,2e-6,2e-6,1.0,API Request
2023-11-06T14:00:00.000+0000,2023-11-06T15:00:00.000+0000,Recurring,$0.0 per request for ListEnvironments API in Asia Pacific (Singapore),Usage,2023-11-01T00:00:00.000+0000,2023-12-01T00:00:00.000+0000,AWS,"Amazon Web Services Canada, Inc.","Amazon Web Services Canada, Inc.",123412340534,0.0,USD,0.0,ap-southeast-1,,AWSMigrationHubRefactorSpaces,123412340534,,,,,,,,1.0,API Request,,C6ZGTxxxxxxHMFKY,C6ZGT93HAB5HMxxx.xxxxxxxxxx.xxx6EN2CT7,2e-6,2e-6,1.0,API Request
2023-11-11T14:00:00.000+0000,2023-11-11T15:00:00.000+0000,Recurring,$0.0 per request for ListEnvironments API in Asia Pacific (Singapore),Usage,2023-11-01T00:00:00.000+0000,2023-12-01T00:00:00.000+0000,AWS,"Amazon Web Services Canada, Inc.","Amazon Web Services Canada, Inc.",123412340534,0.0,USD,0.0,ap-southeast-1,,AWSMigrationHubRefactorSpaces,123412340534,,,,,,,,1.0,API Request,,C6ZGTxxxxxxHMFKY,C6ZGT93HAB5HMxxx.xxxxxxxxxx.xxx6EN2CT7,2e-6,2e-6,1.0,API Request
2023-11-04T23:00:00.000+0000,2023-11-05T00:00:00.000+0000,Recurring,$0.0 per request for ListEnvironments API in US East (N. Virginia),Usage,2023-11-01T00:00:00.000+0000,2023-12-01T00:00:00.000+0000,AWS,"Amazon Web Services Canada, Inc.","Amazon Web Services Canada, Inc.",123412340534,0.0,USD,0.0,us-east-1,,AWSMigrationHubRefactorSpaces,123412340534,,,,,,,,1.0,API Request,,DHZTSxxxxxxN88RB,DHZTS58FF7AN8xxx.xxxxxxxxxx.xxx6EN2CT7,2e-6,2e-6,1.0,API Request
2023-11-08T20:00:00.000+0000,2023-11-08T21:00:00.000+0000,Recurring,$0.0 per request for ListEnvironments API in US East (N. Virginia),Usage,2023-11-01T00:00:00.000+0000,2023-12-01T00:00:00.000+0000,AWS,"Amazon Web Services Canada, Inc.","Amazon Web Services Canada, Inc.",123412340534,0.0,USD,0.0,us-east-1,,AWSMigrationHubRefactorSpaces,123412340534,,,,,,,,1.0,API Request,,DHZTSxxxxxxN88RB,DHZTS58FF7AN8xxx.xxxxxxxxxx.xxx6EN2CT7,2e-6,2e-6,1.0,API Request
2023-11-13T20:00:00.000+0000,2023-11-13T21:00:00.000+0000,Recurring,$0.0 per request for ListEnvironments API in US East (N. Virginia),Usage,2023-11-01T00:00:00.000+0000,2023-12-01T00:00:00.000+0000,AWS,"Amazon Web Services Canada, Inc.","Amazon Web Services Canada, Inc.",123412340534,0.0,USD,0.0,us-east-1,,AWSMigrationHubRefactorSpaces,123412340534,,,,,,,,1.0,API Request,,DHZTSxxxxxxN88RB,DHZTS58FF7AN8xxx.xxxxxxxxxx.xxx6EN2CT7,2e-6,2e-6,1.0,API Request
2023-11-04T23:00:00.000+0000,2023-11-05T00:00:00.000+0000,Recurring,$0.0 per request for ListEnvironments API in EU (London),Usage,2023-11-01T00:00:00.000+0000,2023-12-01T00:00:00.000+0000,AWS,"Amazon Web Services Canada, Inc.","Amazon Web Services Canada, Inc.",123412340534,0.0,USD,0.0,eu-west-2,,AWSMigrationHubRefactorSpaces,123412340534,,,,,,,,1.0,API Request,,G9JDVxxxxxxJXDZP,G9JDVAARK2MJXxxx.xxxxxxxxxx.xxx6EN2CT7,2e-6,2e-6,1.0,API Request
2023-11-10T02:00:00.000+0000,2023-11-10T03:00:00.000+0000,Recurring,$0.0 per request for ListEnvironments API in EU (London),Usage,2023-11-01T00:00:00.000+0000,2023-12-01T00:00:00.000+0000,AWS,"Amazon Web Services Canada, Inc.","Amazon Web Services Canada, Inc.",123412340534,0.0,USD,0.0,eu-west-2,,AWSMigrationHubRefactorSpaces,123412340534,,,,,,,,1.0,API Request,,G9JDVxxxxxxJXDZP,G9JDVAARK2MJXxxx.xxxxxxxxxx.xxx6EN2CT7,2e-6,2e-6,1.0,API Request
2023-11-04T23:00:00.000+0000,2023-11-05T00:00:00.000+0000,Recurring,$0.0 per request for ListEnvironments API in US West (Oregon),Usage,2023-11-01T00:00:00.000+0000,2023-12-01T00:00:00.000+0000,AWS,"Amazon Web Services Canada, Inc.","Amazon Web Services Canada, Inc.",123412340534,0.0,USD,0.0,us-west-2,,AWSMigrationHubRefactorSpaces,123412340534,,,,,,,,1.0,API Request,,GKXTGxxxxxxTJFNM,GKXTGSDKX2FTJxxx.xxxxxxxxxx.xxx6EN2CT7,2e-6,2e-6,1.0,API Request
2023-11-06T02:00:00.000+0000,2023-11-06T03:00:00.000+0000,Recurring,$0.0 per request for ListEnvironments API in US West (Oregon),Usage,2023-11-01T00:00:00.000+0000,2023-12-01T00:00:00.000+0000,AWS,"Amazon Web Services Canada, Inc.","Amazon Web Services Canada, Inc.",123412340534,0.0,USD,0.0,us-west-2,,AWSMigrationHubRefactorSpaces,123412340534,,,,,,,,1.0,API Request,,GKXTGxxxxxxTJFNM,GKXTGSDKX2FTJxxx.xxxxxxxxxx.xxx6EN2CT7,2e-6,2e-6,1.0,API Request
2023-11-11T02:00:00.000+0000,2023-11-11T03:00:00.000+0000,Recurring,$0.0 per request for ListEnvironments API in US West (Oregon),Usage,2023-11-01T00:00:00.000+0000,2023-12-01T00:00:00.000+0000,AWS,"Amazon Web Services Canada, Inc.","Amazon Web Services Canada, Inc.",123412340534,0.0,USD,0.0,us-west-2,,AWSMigrationHubRefactorSpaces,123412340534,,,,,,,,1.0,API Request,,GKXTGxxxxxxTJFNM,GKXTGSDKX2FTJxxx.xxxxxxxxxx.xxx6EN2CT7,2e-6,2e-6,1.0,API Request
2023-11-04T23:00:00.000+0000,2023-11-05T00:00:00.000+0000,Recurring,$0.0 per request for ListEnvironments API in US West (N. California),Usage,2023-11-01T00:00:00.000+0000,2023-12-01T00:00:00.000+0000,AWS,"Amazon Web Services Canada, Inc.","Amazon Web Services Canada, Inc.",123412340534,0.0,USD,0.0,us-west-1,,AWSMigrationHubRefactorSpaces,123412340534,,,,,,,,1.0,API Request,,JSTGQxxxxxx8H5C7,JSTGQ7RSKB38Hxxx.xxxxxxxxxx.xxx6EN2CT7,2e-6,2e-6,1.0,API Request
2023-11-09T03:00:00.000+0000,2023-11-09T04:00:00.000+0000,Recurring,$0.0 per request for ListEnvironments API in US West (N. California),Usage,2023-11-01T00:00:00.000+0000,2023-12-01T00:00:00.000+0000,AWS,"Amazon Web Services Canada, Inc.","Amazon Web Services Canada, Inc.",123412340534,0.0,USD,0.0,us-west-1,,AWSMigrationHubRefactorSpaces,123412340534,,,,,,,,1.0,API Request,,JSTGQxxxxxx8H5C7,JSTGQ7RSKB38Hxxx.xxxxxxxxxx.xxx6EN2CT7,2e-6,2e-6,1.0,API Request
2023-11-04T23:00:00.000+0000,2023-11-05T00:00:00.000+0000,Recurring,$0.0 per request for ListEnvironments API in US East (Ohio),Usage,2023-11-01T00:00:00.000+0000,2023-12-01T00:00:00.000+0000,AWS,"Amazon Web Services Canada, Inc.","Amazon Web Services Canada, Inc.",123412340534,0.0,USD,0.0,us-east-2,,AWSMigrationHubRefactorSpaces,123412340534,,,,,,,,1.0,API Request,,NS6MTxxxxxxVXM3W,NS6MT6SAYWXVXxxx.xxxxxxxxxx.xxx6EN2CT7,2e-6,2e-6,1.0,API Request
2023-11-08T06:00:00.000+0000,2023-11-08T07:00:00.000+0000,Recurring,$0.0 per request for ListEnvironments API in US East (Ohio),Usage,2023-11-01T00:00:00.000+0000,2023-12-01T00:00:00.000+0000,AWS,"Amazon Web Services Canada, Inc.","Amazon Web Services Canada, Inc.",123412340534,0.0,USD,0.0,us-east-2,,AWSMigrationHubRefactorSpaces,123412340534,,,,,,,,1.0,API Request,,NS6MTxxxxxxVXM3W,NS6MT6SAYWXVXxxx.xxxxxxxxxx.xxx6EN2CT7,2e-6,2e-6,1.0,API Request
2023-11-13T06:00:00.000+0000,2023-11-13T07:00:00.000+0000,Recurring,$0.0 per request for ListEnvironments API in US East (Ohio),Usage,2023-11-01T00:00:00.000+0000,2023-12-01T00:00:00.000+0000,AWS,"Amazon Web Services Canada, Inc.","Amazon Web Services Canada, Inc.",123412340534,0.0,USD,0.0,us-east-2,,AWSMigrationHubRefactorSpaces,123412340534,,,,,,,,1.0,API Request,,NS6MTxxxxxxVXM3W,NS6MT6SAYWXVXxxx.xxxxxxxxxx.xxx6EN2CT7,2e-6,2e-6,1.0,API Request
2023-11-04T23:00:00.000+0000,2023-11-05T00:00:00.000+0000,Recurring,$0.0 per request for ListEnvironments API in EU (Stockholm),Usage,2023-11-01T00:00:00.000+0000,2023-12-01T00:00:00.000+0000,AWS,"Amazon Web Services Canada, Inc.","Amazon Web Services Canada, Inc.",123412340534,0.0,USD,0.0,eu-north-1,,AWSMigrationHubRefactorSpaces,123412340534,,,,,,,,1.0,API Request,,PUSDBxxxxxxC4UKG,PUSDB8564RJC4xxx.xxxxxxxxxx.xxx6EN2CT7,2e-6,2e-6,1.0,API Request
2023-11-08T19:00:00.000+0000,2023-11-08T20:00:00.000+0000,Recurring,$0.0 per request for ListEnvironments API in EU (Stockholm),Usage,2023-11-01T00:00:00.000+0000,2023-12-01T00:00:00.000+0000,AWS,"Amazon Web Services Canada, Inc.","Amazon Web Services Canada, Inc.",123412340534,0.0,USD,0.0,eu-north-1,,AWSMigrationHubRefactorSpaces,123412340534,,,,,,,,1.0,API Request,,PUSDBxxxxxxC4UKG,PUSDB8564RJC4xxx.xxxxxxxxxx.xxx6EN2CT7,2e-6,2e-6,1.0,API Request
2023-11-13T19:00:00.000+0000,2023-11-13T20:00:00.000+0000,Recurring,$0.0 per request for ListEnvironments API in EU (Stockholm),Usage,2023-11-01T00:00:00.000+0000,2023-12-01T00:00:00.000+0000,AWS,"Amazon Web Services Canada, Inc.","Amazon Web Services Canada, Inc.",123412340534,0.0,USD,0.0,eu-north-1,,AWSMigrationHubRefactorSpaces,123412340534,,,,,,,,1.0,API Request,,PUSDBxxxxxxC4UKG,PUSDB8564RJC4xxx.xxxxxxxxxx.xxx6EN2CT7,2e-6,2e-6,1.0,API Request
2023-11-04T23:00:00.000+0000,2023-11-05T00:00:00.000+0000,Recurring,$0.0 per request for ListEnvironments API in EU (Ireland),Usage,2023-11-01T00:00:00.000+0000,2023-12-01T00:00:00.000+0000,AWS,"Amazon Web Services Canada, Inc.","Amazon Web Services Canada, Inc.",123412340534,0.0,USD,0.0,eu-west-1,,AWSMigrationHubRefactorSpaces,123412340534,,,,,,,,1.0,API Request,,PVZNYxxxxxxR6VXZ,PVZNY7XPMPNR6xxx.xxxxxxxxxx.xxx6EN2CT7,2e-6,2e-6,1.0,API Request
2023-11-09T06:00:00.000+0000,2023-11-09T07:00:00.000+0000,Recurring,$0.0 per request for ListEnvironments API in EU (Ireland),Usage,2023-11-01T00:00:00.000+0000,2023-12-01T00:00:00.000+0000,AWS,"Amazon Web Services Canada, Inc.","Amazon Web Services Canada, Inc.",123412340534,0.0,USD,0.0,eu-west-1,,AWSMigrationHubRefactorSpaces,123412340534,,,,,,,,1.0,API Request,,PVZNYxxxxxxR6VXZ,PVZNY7XPMPNR6xxx.xxxxxxxxxx.xxx6EN2CT7,2e-6,2e-6,1.0,API Request
2023-11-04T23:00:00.000+0000,2023-11-05T00:00:00.000+0000,Recurring,$0.0 per request for ListEnvironments API in Canada (Central),Usage,2023-11-01T00:00:00.000+0000,2023-12-01T00:00:00.000+0000,AWS,"Amazon Web Services Canada, Inc.","Amazon Web Services Canada, Inc.",123412340534,0.0,USD,0.0,ca-central-1,,AWSMigrationHubRefactorSpaces,123412340534,,,,,,,,1.0,API Request,,V3VJ8xxxxxxMCBPA,V3VJ8JVAFECMCxxx.xxxxxxxxxx.xxx6EN2CT7,2e-6,2e-6,1.0,API Request
2023-11-07T21:00:00.000+0000,2023-11-07T22:00:00.000+0000,Recurring,$0.0 per request for ListEnvironments API in Canada (Central),Usage,2023-11-01T00:00:00.000+0000,2023-12-01T00:00:00.000+0000,AWS,"Amazon Web Services Canada, Inc.","Amazon Web Services Canada, Inc.",123412340534,0.0,USD,0.0,ca-central-1,,AWSMigrationHubRefactorSpaces,123412340534,,,,,,,,1.0,API Request,,V3VJ8xxxxxxMCBPA,V3VJ8JVAFECMCxxx.xxxxxxxxxx.xxx6EN2CT7,2e-6,2e-6,1.0,API Request
2023-11-12T21:00:00.000+0000,2023-11-12T22:00:00.000+0000,Recurring,$0.0 per request for ListEnvironments API in Canada (Central),Usage,2023-11-01T00:00:00.000+0000,2023-12-01T00:00:00.000+0000,AWS,"Amazon Web Services Canada, Inc.","Amazon Web Services Canada, Inc.",123412340534,0.0,USD,0.0,ca-central-1,,AWSMigrationHubRefactorSpaces,123412340534,,,,,,,,1.0,API Request,,V3VJ8xxxxxxMCBPA,V3VJ8JVAFECMCxxx.xxxxxxxxxx.xxx6EN2CT7,2e-6,2e-6,1.0,API Request
2023-11-04T23:00:00.000+0000,2023-11-05T00:00:00.000+0000,Recurring,$0.0 per request for ListEnvironments API in Asia Pacific (Sydney),Usage,2023-11-01T00:00:00.000+0000,2023-12-01T00:00:00.000+0000,AWS,"Amazon Web Services Canada, Inc.","Amazon Web Services Canada, Inc.",123412340534,0.0,USD,0.0,ap-southeast-2,,AWSMigrationHubRefactorSpaces,123412340534,,,,,,,,1.0,API Request,,Y9WT6xxxxxx64CQV,Y9WT6HPJT7R64xxx.xxxxxxxxxx.xxx6EN2CT7,2e-6,2e-6,1.0,API Request
2023-11-11T14:00:00.000+0000,2023-11-11T15:00:00.000+0000,Recurring,$0.0 per request for ListEnvironments API in Asia Pacific (Sydney),Usage,2023-11-01T00:00:00.000+0000,2023-12-01T00:00:00.000+0000,AWS,"Amazon Web Services Canada, Inc.","Amazon Web Services Canada, Inc.",123412340534,0.0,USD,0.0,ap-southeast-2,,AWSMigrationHubRefactorSpaces,123412340534,,,,,,,,1.0,API Request,,Y9WT6xxxxxx64CQV,Y9WT6HPJT7R64xxx.xxxxxxxxxx.xxx6EN2CT7,2e-6,2e-6,1.0,API Request
2023-11-01T07:00:00.000+0000,2023-11-01T08:00:00.000+0000,Recurring,First 5GB-mo per month of logs storage is free.,Usage,2023-11-01T00:00:00.000+0000,2023-12-01T00:00:00.000+0000,AWS,"Amazon Web Services Canada, Inc.","Amazon Web Services Canada, Inc.",123412340534,0.0,USD,0.0,ca-central-1,Management and Governance,AmazonCloudWatch,123412340534,,,,,,,,0.0000430855,GB-Mo,,M8GRDxxxxxxPTTSF,M8GRD2GQYW8PTxxx.xxxxxxxxxx.xxx6EN2CT7,0.033,1.4218215e-6,0.0000430855,GB-Mo
2023-11-02T08:00:00.000+0000,2023-11-02T09:00:00.000+0000,Recurring,First 5GB-mo per month of logs storage is free.,Usage,2023-11-01T00:00:00.000+0000,2023-12-01T00:00:00.000+0000,AWS,"Amazon Web Services Canada, Inc.","Amazon Web Services Canada, Inc.",123412340534,0.0,USD,0.0,ca-central-1,Management and Governance,AmazonCloudWatch,123412340534,,,,,,,,0.0000430855,GB-Mo,,M8GRDxxxxxxPTTSF,M8GRD2GQYW8PTxxx.xxxxxxxxxx.xxx6EN2CT7,0.033,1.4218215e-6,0.0000430855,GB-Mo
2023-11-03T08:00:00.000+0000,2023-11-03T09:00:00.000+0000,Recurring,First 5GB-mo per month of logs storage is free.,Usage,2023-11-01T00:00:00.000+0000,2023-12-01T00:00:00.000+0000,AWS,"Amazon Web Services Canada, Inc.","Amazon Web Services Canada, Inc.",123412340534,0.0,USD,0.0,ca-central-1,Management and Governance,AmazonCloudWatch,123412340534,,,,,,,,0.0000430855,GB-Mo,,M8GRDxxxxxxPTTSF,M8GRD2GQYW8PTxxx.xxxxxxxxxx.xxx6EN2CT7,0.033,1.4218215e-6,0.0000430855,GB-Mo
2023-11-04T08:00:00.000+0000,2023-11-04T09:00:00.000+0000,Recurring,First 5GB-mo per month of logs storage is free.,Usage,2023-11-01T00:00:00.000+0000,2023-12-01T00:00:00.000+0000,AWS,"Amazon Web Services Canada, Inc.","Amazon Web Services Canada, Inc.",123412340534,0.0,USD,0.0,ca-central-1,Management and Governance,AmazonCloudWatch,123412340534,,,,,,,,0.0000430855,GB-Mo,,M8GRDxxxxxxPTTSF,M8GRD2GQYW8PTxxx.xxxxxxxxxx.xxx6EN2CT7,0.033,1.4218215e-6,0.0000430855,GB-Mo
2023-11-05T07:00:00.000+0000,2023-11-05T08:00:00.000+0000,Recurring,First 5GB-mo per month of logs storage is free.,Usage,2023-11-01T00:00:00.000+0000,2023-12-01T00:00:00.000+0000,AWS,"Amazon Web Services Canada, Inc.","Amazon Web Services Canada, Inc.",123412340534,0.0,USD,0.0,ca-central-1,Management and Governance,AmazonCloudWatch,123412340534,,,,,,,,0.0000430855,GB-Mo,,M8GRDxxxxxxPTTSF,M8GRD2GQYW8PTxxx.xxxxxxxxxx.xxx6EN2CT7,0.033,1.4218215e-6,0.0000430855,GB-Mo
2023-11-06T07:00:00.000+0000,2023-11-06T08:00:00.000+0000,Recurring,First 5GB-mo per month of logs storage is free.,Usage,2023-11-01T00:00:00.000+0000,2023-12-01T00:00:00.000+0000,AWS,"Amazon Web Services Canada, Inc.","Amazon Web Services Canada, Inc.",123412340534,0.0,USD,0.0,ca-central-1,Management and Governance,AmazonCloudWatch,123412340534,,,,,,,,0.0000430855,GB-Mo,,M8GRDxxxxxxPTTSF,M8GRD2GQYW8PTxxx.xxxxxxxxxx.xxx6EN2CT7,0.033,1.4218215e-6,0.0000430855,GB-Mo
2023-11-07T08:00:00.000+0000,2023-11-07T09:00:00.000+0000,Recurring,First 5GB-mo per month of logs storage is free.,Usage,2023-11-01T00:00:00.000+0000,2023-12-01T00:00:00.000+0000,AWS,"Amazon Web Services Canada, Inc.","Amazon Web Services Canada, Inc.",123412340534,0.0,USD,0.0,ca-central-1,Management and Governance,AmazonCloudWatch,123412340534,,,,,,,,0.0000430855,GB-Mo,,M8GRDxxxxxxPTTSF,M8GRD2GQYW8PTxxx.xxxxxxxxxx.xxx6EN2CT7,0.033,1.4218215e-6,0.0000430855,GB-Mo
2023-11-08T08:00:00.000+0000,2023-11-08T09:00:00.000+0000,Recurring,First 5GB-mo per month of logs storage is free.,Usage,2023-11-01T00:00:00.000+0000,2023-12-01T00:00:00.000+0000,AWS,"Amazon Web Services Canada, Inc.","Amazon Web Services Canada, Inc.",123412340534,0.0,USD,0.0,ca-central-1,Management and Governance,AmazonCloudWatch,123412340534,,,,,,,,0.0000430855,GB-Mo,,M8GRDxxxxxxPTTSF,M8GRD2GQYW8PTxxx.xxxxxxxxxx.xxx6EN2CT7,0.033,1.4218215e-6,0.0000430855,GB-Mo
2023-11-09T07:00:00.000+0000,2023-11-09T08:00:00.000+0000,Recurring,First 5GB-mo per month of logs storage is free.,Usage,2023-11-01T00:00:00.000+0000,2023-12-01T00:00:00.000+0000,AWS,"Amazon Web Services Canada, Inc.","Amazon Web Services Canada, Inc.",123412340534,0.0,USD,0.0,ca-central-1,Management and Governance,AmazonCloudWatch,123412340534,,,,,,,,0.0000430855,GB-Mo,,M8GRDxxxxxxPTTSF,M8GRD2GQYW8PTxxx.xxxxxxxxxx.xxx6EN2CT7,0.033,1.4218215e-6,0.0000430855,GB-Mo
2023-11-10T08:00:00.000+0000,2023-11-10T09:00:00.000+0000,Recurring,First 5GB-mo per month of logs storage is free.,Usage,2023-11-01T00:00:00.000+0000,2023-12-01T00:00:00.000+0000,AWS,"Amazon Web Services Canada, Inc.","Amazon Web Services Canada, Inc.",123412340534,0.0,USD,0.0,ca-central-1,Management and Governance,AmazonCloudWatch,123412340534,,,,,,,,0.0000430855,GB-Mo,,M8GRDxxxxxxPTTSF,M8GRD2GQYW8PTxxx.xxxxxxxxxx.xxx6EN2CT7,0.033,1.4218215e-6,0.0000430855,GB-Mo
2023-11-11T08:00:00.000+0000,2023-11-11T09:00:00.000+0000,Recurring,First 5GB-mo per month of logs storage is free.,Usage,2023-11-01T00:00:00.000+0000,2023-12-01T00:00:00.000+0000,AWS,"Amazon Web Services Canada, Inc.","Amazon Web Services Canada, Inc.",123412340534,0.0,USD,0.0,ca-central-1,Management and Governance,AmazonCloudWatch,123412340534,,,,,,,,0.0000430855,GB-Mo,,M8GRDxxxxxxPTTSF,M8GRD2GQYW8PTxxx.xxxxxxxxxx.xxx6EN2CT7,0.033,1.4218215e-6,0.0000430855,GB-Mo
2023-11-12T08:00:00.000+0000,2023-11-12T09:00:00.000+0000,Recurring,First 5GB-mo per month of logs storage is free.,Usage,2023-11-01T00:00:00.000+0000,2023-12-01T00:00:00.000+0000,AWS,"Amazon Web Services Canada, Inc.","Amazon Web Services Canada, Inc.",123412340534,0.0,USD,0.0,ca-central-1,Management and Governance,AmazonCloudWatch,123412340534,,,,,,,,0.0000430855,GB-Mo,,M8GRDxxxxxxPTTSF,M8GRD2GQYW8PTxxx.xxxxxxxxxx.xxx6EN2CT7,0.033,1.4218215e-6,0.0000430855,GB-Mo
2023-11-13T08:00:00.000+0000,2023-11-13T09:00:00.000+0000,Recurring,First 5GB-mo per month of logs storage is free.,Usage,2023-11-01T00:00:00.000+0000,2023-12-01T00:00:00.000+0000,AWS,"Amazon Web Services Canada, Inc.","Amazon Web Services Canada, Inc.",123412340534,0.0,USD,0.0,ca-central-1,Management and Governance,AmazonCloudWatch,123412340534,,,,,,,,0.0000430855,GB-Mo,,M8GRDxxxxxxPTTSF,M8GRD2GQYW8PTxxx.xxxxxxxxxx.xxx6EN2CT7,0.033,1.4218215e-6,0.0000430855,GB-Mo
2023-11-01T09:00:00.000+0000,2023-11-01T10:00:00.000+0000,Recurring,First 5GB-mo per month of logs storage is free.,Usage,2023-11-01T00:00:00.000+0000,2023-12-01T00:00:00.000+0000,AWS,"Amazon Web Services Canada, Inc.","Amazon Web Services Canada, Inc.",123412340534,0.0,USD,0.0,us-west-2,Management and Governance,AmazonCloudWatch,123412340534,,,,,,,,0.0000226799,GB-Mo,,MN45SxxxxxxPR9QA,MN45SJANDTCPRxxx.xxxxxxxxxx.xxx6EN2CT7,0.03,6.80397e-7,0.0000226799,GB-Mo
2023-11-02T09:00:00.000+0000,2023-11-02T10:00:00.000+0000,Recurring,First 5GB-mo per month of logs storage is free.,Usage,2023-11-01T00:00:00.000+0000,2023-12-01T00:00:00.000+0000,AWS,"Amazon Web Services Canada, Inc.","Amazon Web Services Canada, Inc.",123412340534,0.0,USD,0.0,us-west-2,Management and Governance,AmazonCloudWatch,123412340534,,,,,,,,0.0000226799,GB-Mo,,MN45SxxxxxxPR9QA,MN45SJANDTCPRxxx.xxxxxxxxxx.xxx6EN2CT7,0.03,6.80397e-7,0.0000226799,GB-Mo
2023-11-03T09:00:00.000+0000,2023-11-03T10:00:00.000+0000,Recurring,First 5GB-mo per month of logs storage is free.,Usage,2023-11-01T00:00:00.000+0000,2023-12-01T00:00:00.000+0000,AWS,"Amazon Web Services Canada, Inc.","Amazon Web Services Canada, Inc.",123412340534,0.0,USD,0.0,us-west-2,Management and Governance,AmazonCloudWatch,123412340534,,,,,,,,0.0000226799,GB-Mo,,MN45SxxxxxxPR9QA,MN45SJANDTCPRxxx.xxxxxxxxxx.xxx6EN2CT7,0.03,6.80397e-7,0.0000226799,GB-Mo
2023-11-04T09:00:00.000+0000,2023-11-04T10:00:00.000+0000,Recurring,First 5GB-mo per month of logs storage is free.,Usage,2023-11-01T00:00:00.000+0000,2023-12-01T00:00:00.000+0000,AWS,"Amazon Web Services Canada, Inc.","Amazon Web Services Canada, Inc.",123412340534,0.0,USD,0.0,us-west-2,Management and Governance,AmazonCloudWatch,123412340534,,,,,,,,0.0000226799,GB-Mo,,MN45SxxxxxxPR9QA,MN45SJANDTCPRxxx.xxxxxxxxxx.xxx6EN2CT7,0.03,6.80397e-7,0.0000226799,GB-Mo
2023-11-05T09:00:00.000+0000,2023-11-05T10:00:00.000+0000,Recurring,First 5GB-mo per month of logs storage is free.,Usage,2023-11-01T00:00:00.000+0000,2023-12-01T00:00:00.000+0000,AWS,"Amazon Web Services Canada, Inc.","Amazon Web Services Canada, Inc.",123412340534,0.0,USD,0.0,us-west-2,Management and Governance,AmazonCloudWatch,123412340534,,,,,,,,0.0000226799,GB-Mo,,MN45SxxxxxxPR9QA,MN45SJANDTCPRxxx.xxxxxxxxxx.xxx6EN2CT7,0.03,6.80397e-7,0.0000226799,GB-Mo
2023-11-06T09:00:00.000+0000,2023-11-06T10:00:00.000+0000,Recurring,First 5GB-mo per month of logs storage is free.,Usage,2023-11-01T00:00:00.000+0000,2023-12-01T00:00:00.000+0000,AWS,"Amazon Web Services Canada, Inc.","Amazon Web Services Canada, Inc.",123412340534,0.0,USD,0.0,us-west-2,Management and Governance,AmazonCloudWatch,123412340534,,,,,,,,0.0000226799,GB-Mo,,MN45SxxxxxxPR9QA,MN45SJANDTCPRxxx.xxxxxxxxxx.xxx6EN2CT7,0.03,6.80397e-7,0.0000226799,GB-Mo
2023-11-07T09:00:00.000+0000,2023-11-07T10:00:00.000+0000,Recurring,First 5GB-mo per month of logs storage is free.,Usage,2023-11-01T00:00:00.000+0000,2023-12-01T00:00:00.000+0000,AWS,"Amazon Web Services Canada, Inc.","Amazon Web Services Canada, Inc.",123412340534,0.0,USD,0.0,us-west-2,Management and Governance,AmazonCloudWatch,123412340534,,,,,,,,0.0000226799,GB-Mo,,MN45SxxxxxxPR9QA,MN45SJANDTCPRxxx.xxxxxxxxxx.xxx6EN2CT7,0.03,6.80397e-7,0.0000226799,GB-Mo
2023-11-08T09:00:00.000+0000,2023-11-08T10:00:00.000+0000,Recurring,First 5GB-mo per month of logs storage is free.,Usage,2023-11-01T00:00:00.000+0000,2023-12-01T00:00:00.000+0000,AWS,"Amazon Web Services Canada, Inc.","Amazon Web Services Canada, Inc.",123412340534,0.0,USD,0.0,us-west-2,Management and Governance,AmazonCloudWatch,123412340534,,,,,,,,0.0000226799,GB-Mo,,MN45SxxxxxxPR9QA,MN45SJANDTCPRxxx.xxxxxxxxxx.xxx6EN2CT7,0.03,6.80397e-7,0.0000226799,GB-Mo
2023-11-09T09:00:00.000+0000,2023-11-09T10:00:00.000+0000,Recurring,First 5GB-mo per month of logs storage is free.,Usage,2023-11-01T00:00:00.000+0000,2023-12-01T00:00:00.000+0000,AWS,"Amazon Web Services Canada, Inc.","Amazon Web Services Canada, Inc.",123412340534,0.0,USD,0.0,us-west-2,Management and Governance,AmazonCloudWatch,123412340534,,,,,,,,0.0000226799,GB-Mo,,MN45SxxxxxxPR9QA,MN45SJANDTCPRxxx.xxxxxxxxxx.xxx6EN2CT7,0.03,6.80397e-7,0.0000226799,GB-Mo
2023-11-10T09:00:00.000+0000,2023-11-10T10:00:00.000+0000,Recurring,First 5GB-mo per month of logs storage is free.,Usage,2023-11-01T00:00:00.000+0000,2023-12-01T00:00:00.000+0000,AWS,"Amazon Web Services Canada, Inc.","Amazon Web Services Canada, Inc.",123412340534,0.0,USD,0.0,us-west-2,Management and Governance,AmazonCloudWatch,123412340534,,,,,,,,0.0000226799,GB-Mo,,MN45SxxxxxxPR9QA,MN45SJANDTCPRxxx.xxxxxxxxxx.xxx6EN2CT7,0.03,6.80397e-7,0.0000226799,GB-Mo
2023-11-11T09:00:00.000+0000,2023-11-11T10:00:00.000+0000,Recurring,First 5GB-mo per month of logs storage is free.,Usage,2023-11-01T00:00:00.000+0000,2023-12-01T00:00:00.000+0000,AWS,"Amazon Web Services Canada, Inc.","Amazon Web Services Canada, Inc.",123412340534,0.0,USD,0.0,us-west-2,Management and Governance,AmazonCloudWatch,123412340534,,,,,,,,0.0000226799,GB-Mo,,MN45SxxxxxxPR9QA,MN45SJANDTCPRxxx.xxxxxxxxxx.xxx6EN2CT7,0.03,6.80397e-7,0.0000226799,GB-Mo
2023-11-12T09:00:00.000+0000,2023-11-12T10:00:00.000+0000,Recurring,First 5GB-mo per month of logs storage is free.,Usage,2023-11-01T00:00:00.000+0000,2023-12-01T00:00:00.000+0000,AWS,"Amazon Web Services Canada, Inc.","Amazon Web Services Canada, Inc.",123412340534,0.0,USD,0.0,us-west-2,Management and Governance,AmazonCloudWatch,123412340534,,,,,,,,0.0000226799,GB-Mo,,MN45SxxxxxxPR9QA,MN45SJANDTCPRxxx.xxxxxxxxxx.xxx6EN2CT7,0.03,6.80397e-7,0.0000226799,GB-Mo
2023-11-13T09:00:00.000+0000,2023-11-13T10:00:00.000+0000,Recurring,First 5GB-mo per month of logs storage is free.,Usage,2023-11-01T00:00:00.000+0000,2023-12-01T00:00:00.000+0000,AWS,"Amazon Web Services Canada, Inc.","Amazon Web Services Canada, Inc.",123412340534,0.0,USD,0.0,us-west-2,Management and Governance,AmazonCloudWatch,123412340534,,,,,,,,0.0000226799,GB-Mo,,MN45SxxxxxxPR9QA,MN45SJANDTCPRxxx.xxxxxxxxxx.xxx6EN2CT7,0.03,6.80397e-7,0.0000226799,GB-Mo
2023-11-01T05:00:00.000+0000,2023-11-01T06:00:00.000+0000,Recurring,First 5GB-mo per month of logs storage is free.,Usage,2023-11-01T00:00:00.000+0000,2023-12-01T00:00:00.000+0000,AWS,"Amazon Web Services Canada, Inc.","Amazon Web Services Canada, Inc.",123412340534,0.0,USD,0.0,us-east-2,Management and Governance,AmazonCloudWatch,123412340534,,,,,,,,0.0016930679,GB-Mo,,X7X4WxxxxxxDR9U5,X7X4WD4A95NDRxxx.xxxxxxxxxx.xxx6EN2CT7,0.03,0.000050792037,0.0016930679,GB-Mo
2023-11-02T05:00:00.000+0000,2023-11-02T06:00:00.000+0000,Recurring,First 5GB-mo per month of logs storage is free.,Usage,2023-11-01T00:00:00.000+0000,2023-12-01T00:00:00.000+0000,AWS,"Amazon Web Services Canada, Inc.","Amazon Web Services Canada, Inc.",123412340534,0.0,USD,0.0,us-east-2,Management and Governance,AmazonCloudWatch,123412340534,,,,,,,,0.0016930679,GB-Mo,,X7X4WxxxxxxDR9U5,X7X4WD4A95NDRxxx.xxxxxxxxxx.xxx6EN2CT7,0.03,0.000050792037,0.0016930679,GB-Mo
2023-11-03T05:00:00.000+0000,2023-11-03T06:00:00.000+0000,Recurring,First 5GB-mo per month of logs storage is free.,Usage,2023-11-01T00:00:00.000+0000,2023-12-01T00:00:00.000+0000,AWS,"Amazon Web Services Canada, Inc.","Amazon Web Services Canada, Inc.",123412340534,0.0,USD,0.0,us-east-2,Management and Governance,AmazonCloudWatch,123412340534,,,,,,,,0.0016930679,GB-Mo,,X7X4WxxxxxxDR9U5,X7X4WD4A95NDRxxx.xxxxxxxxxx.xxx6EN2CT7,0.03,0.000050792037,0.0016930679,GB-Mo
2023-11-04T05:00:00.000+0000,2023-11-04T06:00:00.000+0000,Recurring,First 5GB-mo per month of logs storage is free.,Usage,2023-11-01T00:00:00.000+0000,2023-12-01T00:00:00.000+0000,AWS,"Amazon Web Services Canada, Inc.","Amazon Web Services Canada, Inc.",123412340534,0.0,USD,0.0,us-east-2,Management and Governance,AmazonCloudWatch,123412340534,,,,,,,,0.0016930679,GB-Mo,,X7X4WxxxxxxDR9U5,X7X4WD4A95NDRxxx.xxxxxxxxxx.xxx6EN2CT7,0.03,0.000050792037,0.0016930679,GB-Mo
2023-11-05T05:00:00.000+0000,2023-11-05T06:00:00.000+0000,Recurring,First 5GB-mo per month of logs storage is free.,Usage,2023-11-01T00:00:00.000+0000,2023-12-01T00:00:00.000+0000,AWS,"Amazon Web Services Canada, Inc.","Amazon Web Services Canada, Inc.",123412340534,0.0,USD,0.0,us-east-2,Management and Governance,AmazonCloudWatch,123412340534,,,,,,,,0.0016930679,GB-Mo,,X7X4WxxxxxxDR9U5,X7X4WD4A95NDRxxx.xxxxxxxxxx.xxx6EN2CT7,0.03,0.000050792037,0.0016930679,GB-Mo
2023-11-06T05:00:00.000+0000,2023-11-06T06:00:00.000+0000,Recurring,First 5GB-mo per month of logs storage is free.,Usage,2023-11-01T00:00:00.000+0000,2023-12-01T00:00:00.000+0000,AWS,"Amazon Web Services Canada, Inc.","Amazon Web Services Canada, Inc.",123412340534,0.0,USD,0.0,us-east-2,Management and Governance,AmazonCloudWatch,123412340534,,,,,,,,0.0016930679,GB-Mo,,X7X4WxxxxxxDR9U5,X7X4WD4A95NDRxxx.xxxxxxxxxx.xxx6EN2CT7,0.03,0.000050792037,0.0016930679,GB-Mo
2023-11-07T05:00:00.000+0000,2023-11-07T06:00:00.000+0000,Recurring,First 5GB-mo per month of logs storage is free.,Usage,2023-11-01T00:00:00.000+0000,2023-12-01T00:00:00.000+0000,AWS,"Amazon Web Services Canada, Inc.","Amazon Web Services Canada, Inc.",123412340534,0.0,USD,0.0,us-east-2,Management and Governance,AmazonCloudWatch,123412340534,,,,,,,,0.0016930679,GB-Mo,,X7X4WxxxxxxDR9U5,X7X4WD4A95NDRxxx.xxxxxxxxxx.xxx6EN2CT7,0.03,0.000050792037,0.0016930679,GB-Mo
2023-11-08T05:00:00.000+0000,2023-11-08T06:00:00.000+0000,Recurring,First 5GB-mo per month of logs storage is free.,Usage,2023-11-01T00:00:00.000+0000,2023-12-01T00:00:00.000+0000,AWS,"Amazon Web Services Canada, Inc.","Amazon Web Services Canada, Inc.",123412340534,0.0,USD,0.0,us-east-2,Management and Governance,AmazonCloudWatch,123412340534,,,,,,,,0.0016930679,GB-Mo,,X7X4WxxxxxxDR9U5,X7X4WD4A95NDRxxx.xxxxxxxxxx.xxx6EN2CT7,0.03,0.000050792037,0.0016930679,GB-Mo
2023-11-09T05:00:00.000+0000,2023-11-09T06:00:00.000+0000,Recurring,First 5GB-mo per month of logs storage is free.,Usage,2023-11-01T00:00:00.000+0000,2023-12-01T00:00:00.000+0000,AWS,"Amazon Web Services Canada, Inc.","Amazon Web Services Canada, Inc.",123412340534,0.0,USD,0.0,us-east-2,Management and Governance,AmazonCloudWatch,123412340534,,,,,,,,0.0016930679,GB-Mo,,X7X4WxxxxxxDR9U5,X7X4WD4A95NDRxxx.xxxxxxxxxx.xxx6EN2CT7,0.03,0.000050792037,0.0016930679,GB-Mo
2023-11-10T05:00:00.000+0000,2023-11-10T06:00:00.000+0000,Recurring,First 5GB-mo per month of logs storage is free.,Usage,2023-11-01T00:00:00.000+0000,2023-12-01T00:00:00.000+0000,AWS,"Amazon Web Services Canada, Inc.","Amazon Web Services Canada, Inc.",123412340534,0.0,USD,0.0,us-east-2,Management and Governance,AmazonCloudWatch,123412340534,,,,,,,,0.0016930679,GB-Mo,,X7X4WxxxxxxDR9U5,X7X4WD4A95NDRxxx.xxxxxxxxxx.xxx6EN2CT7,0.03,0.000050792037,0.0016930679,GB-Mo
2023-11-11T05:00:00.000+0000,2023-11-11T06:00:00.000+0000,Recurring,First 5GB-mo per month of logs storage is free.,Usage,2023-11-01T00:00:00.000+0000,2023-12-01T00:00:00.000+0000,AWS,"Amazon Web Services Canada, Inc.","Amazon Web Services Canada, Inc.",123412340534,0.0,USD,0.0,us-east-2,Management and Governance,AmazonCloudWatch,123412340534,,,,,,,,0.0016930679,GB-Mo,,X7X4WxxxxxxDR9U5,X7X4WD4A95NDRxxx.xxxxxxxxxx.xxx6EN2CT7,0.03,0.000050792037,0.0016930679,GB-Mo
2023-11-12T05:00:00.000+0000,2023-11-12T06:00:00.000+0000,Recurring,First 5GB-mo per month of logs storage is free.,Usage,2023-11-01T00:00:00.000+0000,2023-12-01T00:00:00.000+0000,AWS,"Amazon Web Services Canada, Inc.","Amazon Web Services Canada, Inc.",123412340534,0.0,USD,0.0,us-east-2,Management and Governance,AmazonCloudWatch,123412340534,,,,,,,,0.0016930679,GB-Mo,,X7X4WxxxxxxDR9U5,X7X4WD4A95NDRxxx.xxxxxxxxxx.xxx6EN2CT7,0.03,0.000050792037,0.0016930679,GB-Mo
2023-11-13T05:00:00.000+0000,2023-11-13T06:00:00.000+0000,Recurring,First 5GB-mo per month of logs storage is free.,Usage,2023-11-01T00:00:00.000+0000,2023-12-01T00:00:00.000+0000,AWS,"Amazon Web Services Canada, Inc.","Amazon Web Services Canada, Inc.",123412340534,0.0,USD,0.0,us-east-2,Management and Governance,AmazonCloudWatch,123412340534,,,,,,,,0.0016930679,GB-Mo,,X7X4WxxxxxxDR9U5,X7X4WD4A95NDRxxx.xxxxxxxxxx.xxx6EN2CT7,0.03,0.000050792037,0.0016930679,GB-Mo
