ChargePeriodStart,ChargePeriodEnd,ChargeDescription,BillingPeriodStart,BillingPeriodEnd,Provider,BillingAccountId,BilledCost,BillingCurrency,EffectiveCost,RegionId,ServiceName,SubAccountId,AvailabilityZone,ResourceId,PricingUnit,SkuId,ConsumedQuantity,ConsumedUnit
2023-11-13T10:00:00.000000+0000,2023-11-13T11:00:00.000000+0000,Oracle APEX Application Development,2023-11-01,2023-11-30,Oracle,ocid1.organizationssubscription.oc1.us-sanjose-1.amaaaaaa33abj3qa7lv6zso4gq45je75qdvql5fmgrmzlic6nbtm33hlbt5q,,USD,0.012264277499950942,us-sanjose-1,DATABASE,ocid1.tenancy.oc1..aaaaaaaadsyhydp66mjpsohqocfcgzaabtrit47ex2igzu2j6lhuadrrglca,sj-1,ocid1.autonomousdatabase.oc1.us-sanjose-1.anzwuljr33abj3qa3ustmv6jdlw6elfui5qg3jd7ugfx6oq7x5qa5emjmpta,Hours,B92911,0.083333333333,Hours
2023-11-13T07:00:00.000000+0000,2023-11-13T08:00:00.000000+0000,Monitoring Service - Retrieval,2023-11-01,2023-11-30,Oracle,ocid1.organizationssubscription.oc1.us-sanjose-1.amaaaaaa33abj3qa7lv6zso4gq45je75qdvql5fmgrmzlic6nbtm33hlbt5q,,USD,2.32376e-9,us-sanjose-1,TELEMETRY,ocid1.tenancy.oc1..aaaaaaaadsyhydp66mjpsohqocfcgzaabtrit47ex2igzu2j6lhuadrrglca,,oci_compute_infrastructure_health,Million Datapoints,B90926,2e-6,Million Datapoints
2023-11-13T10:00:00.000000+0000,2023-11-13T11:00:00.000000+0000,Object Storage - Storage,2023-11-01,2023-11-30,Oracle,ocid1.organizationssubscription.oc1.us-sanjose-1.amaaaaaa33abj3qa7lv6zso4gq45je75qdvql5fmgrmzlic6nbtm33hlbt5q,,USD,6.26609e-12,us-sanjose-1,OBJECTSTORE,ocid1.tenancy.oc1..aaaaaaaadsyhydp66mjpsohqocfcgzaabtrit47ex2igzu2j6lhuadrrglca,,axi5rjbot4mp/MonitoringData,GB Months,B91628,6.32e-10,GB Months
2023-11-13T07:00:00.000000+0000,2023-11-13T08:00:00.000000+0000,Oracle APEX Application Development,2023-11-01,2023-11-30,Oracle,ocid1.organizationssubscription.oc1.us-sanjose-1.amaaaaaa33abj3qa7lv6zso4gq45je75qdvql5fmgrmzlic6nbtm33hlbt5q,,USD,0.024528554999901885,us-sanjose-1,DATABASE,ocid1.tenancy.oc1..aaaaaaaadsyhydp66mjpsohqocfcgzaabtrit47ex2igzu2j6lhuadrrglca,sj-1,ocid1.autonomousdatabase.oc1.us-sanjose-1.anzwuljr33abj3qa3ustmv6jdlw6elfui5qg3jd7ugfx6oq7x5qa5emjmpta,Hours,B92911,0.166666666666,Hours
2023-11-13T10:00:00.000000+0000,2023-11-13T11:00:00.000000+0000,MySQL Database Service - Storage,2023-11-01,2023-11-30,Oracle,ocid1.organizationssubscription.oc1.us-sanjose-1.amaaaaaa33abj3qa7lv6zso4gq45je75qdvql5fmgrmzlic6nbtm33hlbt5q,,USD,0.000710731182784594,us-sanjose-1,MYSQL,ocid1.tenancy.oc1..aaaaaaaadsyhydp66mjpsohqocfcgzaabtrit47ex2igzu2j6lhuadrrglca,sj-1,ocid1.mysqlinstance.oc1.us-sanjose-1.abzwuljrijxaukifprz6it6gvgse4lqermwyw6hsi6p2bei5ivfk3qth6x5q,GB Months,B92426,0.028673835125,GB Months
2023-11-13T08:00:00.000000+0000,2023-11-13T09:00:00.000000+0000,Oracle Autonomous Transaction Processing - Exadata Storage,2023-11-01,2023-11-30,Oracle,ocid1.organizationssubscription.oc1.us-sanjose-1.amaaaaaa33abj3qa7lv6zso4gq45je75qdvql5fmgrmzlic6nbtm33hlbt5q,,USD,0.005718340005699543,us-sanjose-1,DATABASE,ocid1.tenancy.oc1..aaaaaaaadsyhydp66mjpsohqocfcgzaabtrit47ex2igzu2j6lhuadrrglca,sj-1,ocid1.autonomousdatabase.oc1.us-sanjose-1.anzwuljr33abj3qa3ustmv6jdlw6elfui5qg3jd7ugfx6oq7x5qa5emjmpta,TB,B90455,0.000224014336,TB
2023-11-13T08:00:00.000000+0000,2023-11-13T09:00:00.000000+0000,Standard - E4 - Memory,2023-11-01,2023-11-30,Oracle,ocid1.organizationssubscription.oc1.us-sanjose-1.amaaaaaa33abj3qa7lv6zso4gq45je75qdvql5fmgrmzlic6nbtm33hlbt5q,,USD,0.00136084,us-sanjose-1,COMPUTE,ocid1.tenancy.oc1..aaaaaaaadsyhydp66mjpsohqocfcgzaabtrit47ex2igzu2j6lhuadrrglca,sj-1,ocid1.instance.oc1.us-sanjose-1.anzwuljr33abj3qcn6ugox3wetdefjnrjositn7hexayzgxipdxejwitp7aq,GB Hours,B93114,4.0,GB Hours
2023-11-13T05:00:00.000000+0000,2023-11-13T06:00:00.000000+0000,MySQL Database for HeatWave - Standard - Node per hour,2023-11-01,2023-11-30,Oracle,ocid1.organizationssubscription.oc1.us-sanjose-1.amaaaaaa33abj3qa7lv6zso4gq45je75qdvql5fmgrmzlic6nbtm33hlbt5q,,USD,0.036519144999853925,us-sanjose-1,MYSQL,ocid1.tenancy.oc1..aaaaaaaadsyhydp66mjpsohqocfcgzaabtrit47ex2igzu2j6lhuadrrglca,sj-1,ocid1.mysqlinstance.oc1.us-sanjose-1.abzwuljrijxaukifprz6it6gvgse4lqermwyw6hsi6p2bei5ivfk3qth6x5q,Instance per hour,B92024,0.166666666666,Instance per hour
2023-11-13T11:00:00.000000+0000,2023-11-13T12:00:00.000000+0000,Oracle Autonomous Transaction Processing - Exadata Storage,2023-11-01,2023-11-30,Oracle,ocid1.organizationssubscription.oc1.us-sanjose-1.amaaaaaa33abj3qa7lv6zso4gq45je75qdvql5fmgrmzlic6nbtm33hlbt5q,,USD,0.005718340005699543,us-sanjose-1,DATABASE,ocid1.tenancy.oc1..aaaaaaaadsyhydp66mjpsohqocfcgzaabtrit47ex2igzu2j6lhuadrrglca,sj-1,ocid1.autonomousdatabase.oc1.us-sanjose-1.anzwuljr33abj3qa3ustmv6jdlw6elfui5qg3jd7ugfx6oq7x5qa5emjmpta,TB,B90455,0.000224014336,TB
2023-11-13T09:00:00.000000+0000,2023-11-13T10:00:00.000000+0000,Oracle APEX Application Development,2023-11-01,2023-11-30,Oracle,ocid1.organizationssubscription.oc1.us-sanjose-1.amaaaaaa33abj3qa7lv6zso4gq45je75qdvql5fmgrmzlic6nbtm33hlbt5q,,USD,0.024528554999901885,us-sanjose-1,DATABASE,ocid1.tenancy.oc1..aaaaaaaadsyhydp66mjpsohqocfcgzaabtrit47ex2igzu2j6lhuadrrglca,sj-1,ocid1.autonomousdatabase.oc1.us-sanjose-1.anzwuljr33abj3qa3ustmv6jdlw6elfui5qg3jd7ugfx6oq7x5qa5emjmpta,Hours,B92911,0.166666666666,Hours
2023-11-13T06:00:00.000000+0000,2023-11-13T07:00:00.000000+0000,Monitoring Service - Retrieval,2023-11-01,2023-11-30,Oracle,ocid1.organizationssubscription.oc1.us-sanjose-1.amaaaaaa33abj3qa7lv6zso4gq45je75qdvql5fmgrmzlic6nbtm33hlbt5q,,USD,3.601828e-8,us-sanjose-1,TELEMETRY,ocid1.tenancy.oc1..aaaaaaaadsyhydp66mjpsohqocfcgzaabtrit47ex2igzu2j6lhuadrrglca,,oci_blockstore,Million Datapoints,B90926,0.000031,Million Datapoints
2023-11-13T09:00:00.000000+0000,2023-11-13T10:00:00.000000+0000,Oracle Autonomous Transaction Processing - Exadata Storage,2023-11-01,2023-11-30,Oracle,ocid1.organizationssubscription.oc1.us-sanjose-1.amaaaaaa33abj3qa7lv6zso4gq45je75qdvql5fmgrmzlic6nbtm33hlbt5q,,USD,0.005718340005699543,us-sanjose-1,DATABASE,ocid1.tenancy.oc1..aaaaaaaadsyhydp66mjpsohqocfcgzaabtrit47ex2igzu2j6lhuadrrglca,sj-1,ocid1.autonomousdatabase.oc1.us-sanjose-1.anzwuljr33abj3qa3ustmv6jdlw6elfui5qg3jd7ugfx6oq7x5qa5emjmpta,TB,B90455,0.000224014336,TB
2023-11-13T08:00:00.000000+0000,2023-11-13T09:00:00.000000+0000,Monitoring Service - Retrieval,2023-11-01,2023-11-30,Oracle,ocid1.organizationssubscription.oc1.us-sanjose-1.amaaaaaa33abj3qa7lv6zso4gq45je75qdvql5fmgrmzlic6nbtm33hlbt5q,,USD,2.32376e-9,us-sanjose-1,TELEMETRY,ocid1.tenancy.oc1..aaaaaaaadsyhydp66mjpsohqocfcgzaabtrit47ex2igzu2j6lhuadrrglca,,oci_compute_infrastructure_health,Million Datapoints,B90926,2e-6,Million Datapoints
2023-11-13T10:00:00.000000+0000,2023-11-13T11:00:00.000000+0000,Monitoring Service - Retrieval,2023-11-01,2023-11-30,Oracle,ocid1.organizationssubscription.oc1.us-sanjose-1.amaaaaaa33abj3qa7lv6zso4gq45je75qdvql5fmgrmzlic6nbtm33hlbt5q,,USD,4.182768e-8,us-sanjose-1,TELEMETRY,ocid1.tenancy.oc1..aaaaaaaadsyhydp66mjpsohqocfcgzaabtrit47ex2igzu2j6lhuadrrglca,,oci_compute,Million Datapoints,B90926,0.000036,Million Datapoints
2023-11-13T09:00:00.000000+0000,2023-11-13T10:00:00.000000+0000,Oracle Autonomous Transaction Processing - Exadata Storage,2023-11-01,2023-11-30,Oracle,ocid1.organizationssubscription.oc1.us-sanjose-1.amaaaaaa33abj3qa7lv6zso4gq45je75qdvql5fmgrmzlic6nbtm33hlbt5q,,USD,0.002859170002849772,us-sanjose-1,DATABASE,ocid1.tenancy.oc1..aaaaaaaadsyhydp66mjpsohqocfcgzaabtrit47ex2igzu2j6lhuadrrglca,sj-1,ocid1.autonomousdatabase.oc1.us-sanjose-1.anzwuljr33abj3qa3ustmv6jdlw6elfui5qg3jd7ugfx6oq7x5qa5emjmpta,TB,B90455,0.000112007168,TB
2023-11-13T11:00:00.000000+0000,2023-11-13T12:00:00.000000+0000,Monitoring Service - Retrieval,2023-11-01,2023-11-30,Oracle,ocid1.organizationssubscription.oc1.us-sanjose-1.amaaaaaa33abj3qa7lv6zso4gq45je75qdvql5fmgrmzlic6nbtm33hlbt5q,,USD,4.415144e-8,us-sanjose-1,TELEMETRY,ocid1.tenancy.oc1..aaaaaaaadsyhydp66mjpsohqocfcgzaabtrit47ex2igzu2j6lhuadrrglca,,oci_blockstore,Million Datapoints,B90926,0.000038,Million Datapoints
2023-11-13T05:00:00.000000+0000,2023-11-13T06:00:00.000000+0000,Outbound Data Transfer Zone 1,2023-11-01,2023-11-30,Oracle,ocid1.organizationssubscription.oc1.us-sanjose-1.amaaaaaa33abj3qa7lv6zso4gq45je75qdvql5fmgrmzlic6nbtm33hlbt5q,,USD,2.27205938461e-7,us-sanjose-1,NETWORK,ocid1.tenancy.oc1..aaaaaaaadsyhydp66mjpsohqocfcgzaabtrit47ex2igzu2j6lhuadrrglca,,ocid1.vnic.oc1.us-sanjose-1.abzwuljrnocy3fyperpqihyokz3nuvhcseslimhfr5rvl5wga4y4uq5oezea,GB Months,B88327,0.000037192367,GB Months
2023-11-13T10:00:00.000000+0000,2023-11-13T11:00:00.000000+0000,Monitoring Service - Retrieval,2023-11-01,2023-11-30,Oracle,ocid1.organizationssubscription.oc1.us-sanjose-1.amaaaaaa33abj3qa7lv6zso4gq45je75qdvql5fmgrmzlic6nbtm33hlbt5q,,USD,4.64752e-7,us-sanjose-1,TELEMETRY,ocid1.tenancy.oc1..aaaaaaaadsyhydp66mjpsohqocfcgzaabtrit47ex2igzu2j6lhuadrrglca,,oci_vcn,Million Datapoints,B90926,0.0004,Million Datapoints
2023-11-13T09:00:00.000000+0000,2023-11-13T10:00:00.000000+0000,Streaming - Storage,2023-11-01,2023-11-30,Oracle,ocid1.organizationssubscription.oc1.us-sanjose-1.amaaaaaa33abj3qa7lv6zso4gq45je75qdvql5fmgrmzlic6nbtm33hlbt5q,,USD,1.4164e-6,us-sanjose-1,ORACLE_STREAMING_SERVICE,ocid1.tenancy.oc1..aaaaaaaadsyhydp66mjpsohqocfcgzaabtrit47ex2igzu2j6lhuadrrglca,,ocid1.stream.oc1.us-sanjose-1.amaaaaaa33abj3qaih4sw37guxveujynj7kd57drzhbjre6cclcaf3bt4ofa,Gigabytes Per Hour,B90939,0.01,Gigabytes Per Hour
2023-11-13T08:00:00.000000+0000,2023-11-13T09:00:00.000000+0000,Monitoring Service - Retrieval,2023-11-01,2023-11-30,Oracle,ocid1.organizationssubscription.oc1.us-sanjose-1.amaaaaaa33abj3qa7lv6zso4gq45je75qdvql5fmgrmzlic6nbtm33hlbt5q,,USD,4.64752e-7,us-sanjose-1,TELEMETRY,ocid1.tenancy.oc1..aaaaaaaadsyhydp66mjpsohqocfcgzaabtrit47ex2igzu2j6lhuadrrglca,,oci_vcn,Million Datapoints,B90926,0.0004,Million Datapoints
2023-11-13T10:00:00.000000+0000,2023-11-13T11:00:00.000000+0000,MySQL Database Service - Storage,2023-11-01,2023-11-30,Oracle,ocid1.organizationssubscription.oc1.us-sanjose-1.amaaaaaa33abj3qa7lv6zso4gq45je75qdvql5fmgrmzlic6nbtm33hlbt5q,,USD,0.000355365591379904,us-sanjose-1,MYSQL,ocid1.tenancy.oc1..aaaaaaaadsyhydp66mjpsohqocfcgzaabtrit47ex2igzu2j6lhuadrrglca,sj-1,ocid1.mysqlinstance.oc1.us-sanjose-1.abzwuljrijxaukifprz6it6gvgse4lqermwyw6hsi6p2bei5ivfk3qth6x5q,GB Months,B92426,0.014336917562,GB Months
2023-11-13T08:00:00.000000+0000,2023-11-13T09:00:00.000000+0000,Outbound Data Transfer Zone 1,2023-11-01,2023-11-30,Oracle,ocid1.organizationssubscription.oc1.us-sanjose-1.amaaaaaa33abj3qa7lv6zso4gq45je75qdvql5fmgrmzlic6nbtm33hlbt5q,,USD,6.6292811824e-8,us-sanjose-1,NETWORK,ocid1.tenancy.oc1..aaaaaaaadsyhydp66mjpsohqocfcgzaabtrit47ex2igzu2j6lhuadrrglca,sj-1,ocid1.vnic.oc1.us-sanjose-1.abzwuljrnocy3fyperpqihyokz3nuvhcseslimhfr5rvl5wga4y4uq5oezea,GB Months,B88327,0.00001085177,GB Months
2023-11-13T06:00:00.000000+0000,2023-11-13T07:00:00.000000+0000,Monitoring Service - Retrieval,2023-11-01,2023-11-30,Oracle,ocid1.organizationssubscription.oc1.us-sanjose-1.amaaaaaa33abj3qa7lv6zso4gq45je75qdvql5fmgrmzlic6nbtm33hlbt5q,,USD,4.182768e-8,us-sanjose-1,TELEMETRY,ocid1.tenancy.oc1..aaaaaaaadsyhydp66mjpsohqocfcgzaabtrit47ex2igzu2j6lhuadrrglca,,oci_blockstore,Million Datapoints,B90926,0.000036,Million Datapoints
2023-11-13T10:00:00.000000+0000,2023-11-13T11:00:00.000000+0000,Oracle Autonomous Transaction Processing - Exadata Storage,2023-11-01,2023-11-30,Oracle,ocid1.organizationssubscription.oc1.us-sanjose-1.amaaaaaa33abj3qa7lv6zso4gq45je75qdvql5fmgrmzlic6nbtm33hlbt5q,,USD,0.008577510034075983,us-sanjose-1,DATABASE,ocid1.tenancy.oc1..aaaaaaaadsyhydp66mjpsohqocfcgzaabtrit47ex2igzu2j6lhuadrrglca,sj-1,ocid1.autonomousdatabase.oc1.us-sanjose-1.anzwuljr33abj3qa3ustmv6jdlw6elfui5qg3jd7ugfx6oq7x5qa5emjmpta,TB,B90455,0.000336021505,TB
2023-11-13T08:00:00.000000+0000,2023-11-13T09:00:00.000000+0000,MySQL Database for HeatWave - Standard - Node per hour,2023-11-01,2023-11-30,Oracle,ocid1.organizationssubscription.oc1.us-sanjose-1.amaaaaaa33abj3qa7lv6zso4gq45je75qdvql5fmgrmzlic6nbtm33hlbt5q,,USD,0.036519144999853925,us-sanjose-1,MYSQL,ocid1.tenancy.oc1..aaaaaaaadsyhydp66mjpsohqocfcgzaabtrit47ex2igzu2j6lhuadrrglca,sj-1,ocid1.mysqlinstance.oc1.us-sanjose-1.abzwuljrijxaukifprz6it6gvgse4lqermwyw6hsi6p2bei5ivfk3qth6x5q,Instance per hour,B92024,0.166666666666,Instance per hour
2023-11-13T06:00:00.000000+0000,2023-11-13T07:00:00.000000+0000,Block Volume - Storage,2023-11-01,2023-11-30,Oracle,ocid1.organizationssubscription.oc1.us-sanjose-1.amaaaaaa33abj3qa7lv6zso4gq45je75qdvql5fmgrmzlic6nbtm33hlbt5q,,USD,0.001351707606962962,us-sanjose-1,BLOCK_STORAGE,ocid1.tenancy.oc1..aaaaaaaadsyhydp66mjpsohqocfcgzaabtrit47ex2igzu2j6lhuadrrglca,sj-1,ocid1.bootvolume.oc1.us-sanjose-1.abzwuljrlmub5uedgtlbadwfu3hadymcy2xkymh3x2dw3b3rgxfjnzrxy4pa,GB Months,B91961,0.06260229988,GB Months
2023-11-13T07:00:00.000000+0000,2023-11-13T08:00:00.000000+0000,Oracle APEX Application Development,2023-11-01,2023-11-30,Oracle,ocid1.organizationssubscription.oc1.us-sanjose-1.amaaaaaa33abj3qa7lv6zso4gq45je75qdvql5fmgrmzlic6nbtm33hlbt5q,,USD,0.012264277499950942,us-sanjose-1,DATABASE,ocid1.tenancy.oc1..aaaaaaaadsyhydp66mjpsohqocfcgzaabtrit47ex2igzu2j6lhuadrrglca,sj-1,ocid1.autonomousdatabase.oc1.us-sanjose-1.anzwuljr33abj3qa3ustmv6jdlw6elfui5qg3jd7ugfx6oq7x5qa5emjmpta,Hours,B92911,0.083333333333,Hours
2023-11-13T11:00:00.000000+0000,2023-11-13T12:00:00.000000+0000,Outbound Data Transfer Zone 1,2023-11-01,2023-11-30,Oracle,ocid1.organizationssubscription.oc1.us-sanjose-1.amaaaaaa33abj3qa7lv6zso4gq45je75qdvql5fmgrmzlic6nbtm33hlbt5q,,USD,6.19825306934e-7,us-sanjose-1,NETWORK,ocid1.tenancy.oc1..aaaaaaaadsyhydp66mjpsohqocfcgzaabtrit47ex2igzu2j6lhuadrrglca,,ocid1.vnic.oc1.us-sanjose-1.abzwuljrnocy3fyperpqihyokz3nuvhcseslimhfr5rvl5wga4y4uq5oezea,GB Months,B88327,0.000101462006,GB Months
2023-11-13T08:00:00.000000+0000,2023-11-13T09:00:00.000000+0000,Outbound Data Transfer Zone 1,2023-11-01,2023-11-30,Oracle,ocid1.organizationssubscription.oc1.us-sanjose-1.amaaaaaa33abj3qa7lv6zso4gq45je75qdvql5fmgrmzlic6nbtm33hlbt5q,,USD,2.12817460445e-7,us-sanjose-1,NETWORK,ocid1.tenancy.oc1..aaaaaaaadsyhydp66mjpsohqocfcgzaabtrit47ex2igzu2j6lhuadrrglca,,ocid1.vnic.oc1.us-sanjose-1.abzwuljrnocy3fyperpqihyokz3nuvhcseslimhfr5rvl5wga4y4uq5oezea,GB Months,B88327,0.000034837052,GB Months
2023-11-13T07:00:00.000000+0000,2023-11-13T08:00:00.000000+0000,MySQL Database for HeatWave - Standard - Node per hour,2023-11-01,2023-11-30,Oracle,ocid1.organizationssubscription.oc1.us-sanjose-1.amaaaaaa33abj3qa7lv6zso4gq45je75qdvql5fmgrmzlic6nbtm33hlbt5q,,USD,0.036519144999853925,us-sanjose-1,MYSQL,ocid1.tenancy.oc1..aaaaaaaadsyhydp66mjpsohqocfcgzaabtrit47ex2igzu2j6lhuadrrglca,sj-1,ocid1.mysqlinstance.oc1.us-sanjose-1.abzwuljrijxaukifprz6it6gvgse4lqermwyw6hsi6p2bei5ivfk3qth6x5q,Instance per hour,B92024,0.166666666666,Instance per hour
2023-11-13T06:00:00.000000+0000,2023-11-13T07:00:00.000000+0000,Monitoring Service - Retrieval,2023-11-01,2023-11-30,Oracle,ocid1.organizationssubscription.oc1.us-sanjose-1.amaaaaaa33abj3qa7lv6zso4gq45je75qdvql5fmgrmzlic6nbtm33hlbt5q,,USD,4.3221936e-7,us-sanjose-1,TELEMETRY,ocid1.tenancy.oc1..aaaaaaaadsyhydp66mjpsohqocfcgzaabtrit47ex2igzu2j6lhuadrrglca,,oci_autonomous_database,Million Datapoints,B90926,0.000372,Million Datapoints
2023-11-13T08:00:00.000000+0000,2023-11-13T09:00:00.000000+0000,MySQL Database Service - Storage,2023-11-01,2023-11-30,Oracle,ocid1.organizationssubscription.oc1.us-sanjose-1.amaaaaaa33abj3qa7lv6zso4gq45je75qdvql5fmgrmzlic6nbtm33hlbt5q,,USD,0.000710731182784594,us-sanjose-1,MYSQL,ocid1.tenancy.oc1..aaaaaaaadsyhydp66mjpsohqocfcgzaabtrit47ex2igzu2j6lhuadrrglca,sj-1,ocid1.mysqlinstance.oc1.us-sanjose-1.abzwuljrijxaukifprz6it6gvgse4lqermwyw6hsi6p2bei5ivfk3qth6x5q,GB Months,B92426,0.028673835125,GB Months
2023-11-13T08:00:00.000000+0000,2023-11-13T09:00:00.000000+0000,Monitoring Service - Retrieval,2023-11-01,2023-11-30,Oracle,ocid1.organizationssubscription.oc1.us-sanjose-1.amaaaaaa33abj3qa7lv6zso4gq45je75qdvql5fmgrmzlic6nbtm33hlbt5q,,USD,4.64752e-7,us-sanjose-1,TELEMETRY,ocid1.tenancy.oc1..aaaaaaaadsyhydp66mjpsohqocfcgzaabtrit47ex2igzu2j6lhuadrrglca,,oci_vcn,Million Datapoints,B90926,0.0004,Million Datapoints
2023-11-13T08:00:00.000000+0000,2023-11-13T09:00:00.000000+0000,Monitoring Service - Retrieval,2023-11-01,2023-11-30,Oracle,ocid1.organizationssubscription.oc1.us-sanjose-1.amaaaaaa33abj3qa7lv6zso4gq45je75qdvql5fmgrmzlic6nbtm33hlbt5q,,USD,1.16188e-8,us-sanjose-1,TELEMETRY,ocid1.tenancy.oc1..aaaaaaaadsyhydp66mjpsohqocfcgzaabtrit47ex2igzu2j6lhuadrrglca,,oci_compute,Million Datapoints,B90926,0.00001,Million Datapoints
2023-11-13T08:00:00.000000+0000,2023-11-13T09:00:00.000000+0000,Streaming - Storage,2023-11-01,2023-11-30,Oracle,ocid1.organizationssubscription.oc1.us-sanjose-1.amaaaaaa33abj3qa7lv6zso4gq45je75qdvql5fmgrmzlic6nbtm33hlbt5q,,USD,1.4164e-6,us-sanjose-1,ORACLE_STREAMING_SERVICE,ocid1.tenancy.oc1..aaaaaaaadsyhydp66mjpsohqocfcgzaabtrit47ex2igzu2j6lhuadrrglca,,ocid1.stream.oc1.us-sanjose-1.amaaaaaa33abj3qaih4sw37guxveujynj7kd57drzhbjre6cclcaf3bt4ofa,Gigabytes Per Hour,B90939,0.01,Gigabytes Per Hour
2023-11-13T09:00:00.000000+0000,2023-11-13T10:00:00.000000+0000,Container Image Storage,2023-11-01,2023-11-30,Oracle,ocid1.organizationssubscription.oc1.us-sanjose-1.amaaaaaa33abj3qa7lv6zso4gq45je75qdvql5fmgrmzlic6nbtm33hlbt5q,,USD,7.21947119616e-7,us-sanjose-1,COMPUTE,ocid1.tenancy.oc1..aaaaaaaadsyhydp66mjpsohqocfcgzaabtrit47ex2igzu2j6lhuadrrglca,,ocid1.containerrepo.oc1.us-sanjose-1.0.axi5rjbot4mp.aaaaaaaaslfwxxoeeoxnrk7vfyqv77jupswli7ko4e3tvuegtqrwoqtkgb5a,GB Months,B91628,0.000072815831,GB Months
2023-11-13T07:00:00.000000+0000,2023-11-13T08:00:00.000000+0000,Container Image Storage,2023-11-01,2023-11-30,Oracle,ocid1.organizationssubscription.oc1.us-sanjose-1.amaaaaaa33abj3qa7lv6zso4gq45je75qdvql5fmgrmzlic6nbtm33hlbt5q,,USD,4.81298076439e-7,us-sanjose-1,COMPUTE,ocid1.tenancy.oc1..aaaaaaaadsyhydp66mjpsohqocfcgzaabtrit47ex2igzu2j6lhuadrrglca,,ocid1.containerrepo.oc1.us-sanjose-1.0.axi5rjbot4mp.aaaaaaaaslfwxxoeeoxnrk7vfyqv77jupswli7ko4e3tvuegtqrwoqtkgb5a,GB Months,B91628,0.000048543887,GB Months
2023-11-13T06:00:00.000000+0000,2023-11-13T07:00:00.000000+0000,Outbound Data Transfer Zone 1,2023-11-01,2023-11-30,Oracle,ocid1.organizationssubscription.oc1.us-sanjose-1.amaaaaaa33abj3qa7lv6zso4gq45je75qdvql5fmgrmzlic6nbtm33hlbt5q,,USD,1.15227290559e-7,us-sanjose-1,NETWORK,ocid1.tenancy.oc1..aaaaaaaadsyhydp66mjpsohqocfcgzaabtrit47ex2igzu2j6lhuadrrglca,sj-1,ocid1.vnic.oc1.us-sanjose-1.abzwuljrnocy3fyperpqihyokz3nuvhcseslimhfr5rvl5wga4y4uq5oezea,GB Months,B88327,0.000018862076,GB Months
2023-11-13T07:00:00.000000+0000,2023-11-13T08:00:00.000000+0000,Monitoring Service - Retrieval,2023-11-01,2023-11-30,Oracle,ocid1.organizationssubscription.oc1.us-sanjose-1.amaaaaaa33abj3qa7lv6zso4gq45je75qdvql5fmgrmzlic6nbtm33hlbt5q,,USD,1.975196e-8,us-sanjose-1,TELEMETRY,ocid1.tenancy.oc1..aaaaaaaadsyhydp66mjpsohqocfcgzaabtrit47ex2igzu2j6lhuadrrglca,,oci_blockstore,Million Datapoints,B90926,0.000017,Million Datapoints
2023-11-13T05:00:00.000000+0000,2023-11-13T06:00:00.000000+0000,MySQL Database Service - Storage,2023-11-01,2023-11-30,Oracle,ocid1.organizationssubscription.oc1.us-sanjose-1.amaaaaaa33abj3qa7lv6zso4gq45je75qdvql5fmgrmzlic6nbtm33hlbt5q,,USD,0.000710731182784594,us-sanjose-1,MYSQL,ocid1.tenancy.oc1..aaaaaaaadsyhydp66mjpsohqocfcgzaabtrit47ex2igzu2j6lhuadrrglca,sj-1,ocid1.mysqlinstance.oc1.us-sanjose-1.abzwuljrijxaukifprz6it6gvgse4lqermwyw6hsi6p2bei5ivfk3qth6x5q,GB Months,B92426,0.028673835125,GB Months
2023-11-13T10:00:00.000000+0000,2023-11-13T11:00:00.000000+0000,Oracle APEX Application Development,2023-11-01,2023-11-30,Oracle,ocid1.organizationssubscription.oc1.us-sanjose-1.amaaaaaa33abj3qa7lv6zso4gq45je75qdvql5fmgrmzlic6nbtm33hlbt5q,,USD,0.024528554999901885,us-sanjose-1,DATABASE,ocid1.tenancy.oc1..aaaaaaaadsyhydp66mjpsohqocfcgzaabtrit47ex2igzu2j6lhuadrrglca,sj-1,ocid1.autonomousdatabase.oc1.us-sanjose-1.anzwuljr33abj3qa3ustmv6jdlw6elfui5qg3jd7ugfx6oq7x5qa5emjmpta,Hours,B92911,0.166666666666,Hours
2023-11-13T05:00:00.000000+0000,2023-11-13T06:00:00.000000+0000,Standard - E4 - Memory,2023-11-01,2023-11-30,Oracle,ocid1.organizationssubscription.oc1.us-sanjose-1.amaaaaaa33abj3qa7lv6zso4gq45je75qdvql5fmgrmzlic6nbtm33hlbt5q,,USD,0.00136084,us-sanjose-1,COMPUTE,ocid1.tenancy.oc1..aaaaaaaadsyhydp66mjpsohqocfcgzaabtrit47ex2igzu2j6lhuadrrglca,sj-1,ocid1.instance.oc1.us-sanjose-1.anzwuljr33abj3qcn6ugox3wetdefjnrjositn7hexayzgxipdxejwitp7aq,GB Hours,B93114,4.0,GB Hours
2023-11-13T06:00:00.000000+0000,2023-11-13T07:00:00.000000+0000,Monitoring Service - Retrieval,2023-11-01,2023-11-30,Oracle,ocid1.organizationssubscription.oc1.us-sanjose-1.amaaaaaa33abj3qa7lv6zso4gq45je75qdvql5fmgrmzlic6nbtm33hlbt5q,,USD,4.64752e-9,us-sanjose-1,TELEMETRY,ocid1.tenancy.oc1..aaaaaaaadsyhydp66mjpsohqocfcgzaabtrit47ex2igzu2j6lhuadrrglca,,oci_compute_infrastructure_health,Million Datapoints,B90926,4e-6,Million Datapoints
2023-11-13T09:00:00.000000+0000,2023-11-13T10:00:00.000000+0000,Monitoring Service - Retrieval,2023-11-01,2023-11-30,Oracle,ocid1.organizationssubscription.oc1.us-sanjose-1.amaaaaaa33abj3qa7lv6zso4gq45je75qdvql5fmgrmzlic6nbtm33hlbt5q,,USD,2.788512e-8,us-sanjose-1,TELEMETRY,ocid1.tenancy.oc1..aaaaaaaadsyhydp66mjpsohqocfcgzaabtrit47ex2igzu2j6lhuadrrglca,,oci_compute,Million Datapoints,B90926,0.000024,Million Datapoints
2023-11-13T07:00:00.000000+0000,2023-11-13T08:00:00.000000+0000,Standard - E4,2023-11-01,2023-11-30,Oracle,ocid1.organizationssubscription.oc1.us-sanjose-1.amaaaaaa33abj3qa7lv6zso4gq45je75qdvql5fmgrmzlic6nbtm33hlbt5q,,USD,0.0018230675,us-sanjose-1,COMPUTE,ocid1.tenancy.oc1..aaaaaaaadsyhydp66mjpsohqocfcgzaabtrit47ex2igzu2j6lhuadrrglca,sj-1,ocid1.instance.oc1.us-sanjose-1.anzwuljr33abj3qcn6ugox3wetdefjnrjositn7hexayzgxipdxejwitp7aq,OCPU Hours,B93113,0.25,OCPU Hours
2023-11-13T09:00:00.000000+0000,2023-11-13T10:00:00.000000+0000,MySQL Database Service - Storage,2023-11-01,2023-11-30,Oracle,ocid1.organizationssubscription.oc1.us-sanjose-1.amaaaaaa33abj3qa7lv6zso4gq45je75qdvql5fmgrmzlic6nbtm33hlbt5q,,USD,0.001066096774189284,us-sanjose-1,MYSQL,ocid1.tenancy.oc1..aaaaaaaadsyhydp66mjpsohqocfcgzaabtrit47ex2igzu2j6lhuadrrglca,sj-1,ocid1.mysqlinstance.oc1.us-sanjose-1.abzwuljrijxaukifprz6it6gvgse4lqermwyw6hsi6p2bei5ivfk3qth6x5q,GB Months,B92426,0.043010752688,GB Months
2023-11-13T07:00:00.000000+0000,2023-11-13T08:00:00.000000+0000,Monitoring Service - Retrieval,2023-11-01,2023-11-30,Oracle,ocid1.organizationssubscription.oc1.us-sanjose-1.amaaaaaa33abj3qa7lv6zso4gq45je75qdvql5fmgrmzlic6nbtm33hlbt5q,,USD,1.8241516e-7,us-sanjose-1,TELEMETRY,ocid1.tenancy.oc1..aaaaaaaadsyhydp66mjpsohqocfcgzaabtrit47ex2igzu2j6lhuadrrglca,,oci_autonomous_database,Million Datapoints,B90926,0.000157,Million Datapoints
2023-11-13T09:00:00.000000+0000,2023-11-13T10:00:00.000000+0000,Monitoring Service - Retrieval,2023-11-01,2023-11-30,Oracle,ocid1.organizationssubscription.oc1.us-sanjose-1.amaaaaaa33abj3qa7lv6zso4gq45je75qdvql5fmgrmzlic6nbtm33hlbt5q,,USD,2.672324e-8,us-sanjose-1,TELEMETRY,ocid1.tenancy.oc1..aaaaaaaadsyhydp66mjpsohqocfcgzaabtrit47ex2igzu2j6lhuadrrglca,,oci_blockstore,Million Datapoints,B90926,0.000023,Million Datapoints
2023-11-13T10:00:00.000000+0000,2023-11-13T11:00:00.000000+0000,Container Image Storage,2023-11-01,2023-11-30,Oracle,ocid1.organizationssubscription.oc1.us-sanjose-1.amaaaaaa33abj3qa7lv6zso4gq45je75qdvql5fmgrmzlic6nbtm33hlbt5q,,USD,2.40649033262e-7,us-sanjose-1,COMPUTE,ocid1.tenancy.oc1..aaaaaaaadsyhydp66mjpsohqocfcgzaabtrit47ex2igzu2j6lhuadrrglca,,ocid1.containerrepo.oc1.us-sanjose-1.0.axi5rjbot4mp.aaaaaaaaslfwxxoeeoxnrk7vfyqv77jupswli7ko4e3tvuegtqrwoqtkgb5a,GB Months,B91628,0.000024271943,GB Months
2023-11-13T08:00:00.000000+0000,2023-11-13T09:00:00.000000+0000,Block Volume - Storage,2023-11-01,2023-11-30,Oracle,ocid1.organizationssubscription.oc1.us-sanjose-1.amaaaaaa33abj3qa7lv6zso4gq45je75qdvql5fmgrmzlic6nbtm33hlbt5q,,USD,0.001351707606962962,us-sanjose-1,BLOCK_STORAGE,ocid1.tenancy.oc1..aaaaaaaadsyhydp66mjpsohqocfcgzaabtrit47ex2igzu2j6lhuadrrglca,sj-1,ocid1.bootvolume.oc1.us-sanjose-1.abzwuljrlmub5uedgtlbadwfu3hadymcy2xkymh3x2dw3b3rgxfjnzrxy4pa,GB Months,B91961,0.06260229988,GB Months
2023-11-13T10:00:00.000000+0000,2023-11-13T11:00:00.000000+0000,MySQL Database for HeatWave - Standard - Node per hour,2023-11-01,2023-11-30,Oracle,ocid1.organizationssubscription.oc1.us-sanjose-1.amaaaaaa33abj3qa7lv6zso4gq45je75qdvql5fmgrmzlic6nbtm33hlbt5q,,USD,0.036519144999853925,us-sanjose-1,MYSQL,ocid1.tenancy.oc1..aaaaaaaadsyhydp66mjpsohqocfcgzaabtrit47ex2igzu2j6lhuadrrglca,sj-1,ocid1.mysqlinstance.oc1.us-sanjose-1.abzwuljrijxaukifprz6it6gvgse4lqermwyw6hsi6p2bei5ivfk3qth6x5q,Instance per hour,B92024,0.166666666666,Instance per hour
2023-11-13T09:00:00.000000+0000,2023-11-13T10:00:00.000000+0000,Standard - E4,2023-11-01,2023-11-30,Oracle,ocid1.organizationssubscription.oc1.us-sanjose-1.amaaaaaa33abj3qa7lv6zso4gq45je75qdvql5fmgrmzlic6nbtm33hlbt5q,,USD,0.0018230675,us-sanjose-1,COMPUTE,ocid1.tenancy.oc1..aaaaaaaadsyhydp66mjpsohqocfcgzaabtrit47ex2igzu2j6lhuadrrglca,sj-1,ocid1.instance.oc1.us-sanjose-1.anzwuljr33abj3qcn6ugox3wetdefjnrjositn7hexayzgxipdxejwitp7aq,OCPU Hours,B93113,0.25,OCPU Hours
2023-11-13T09:00:00.000000+0000,2023-11-13T10:00:00.000000+0000,Monitoring Service - Retrieval,2023-11-01,2023-11-30,Oracle,ocid1.organizationssubscription.oc1.us-sanjose-1.amaaaaaa33abj3qa7lv6zso4gq45je75qdvql5fmgrmzlic6nbtm33hlbt5q,,USD,4.64752e-7,us-sanjose-1,TELEMETRY,ocid1.tenancy.oc1..aaaaaaaadsyhydp66mjpsohqocfcgzaabtrit47ex2igzu2j6lhuadrrglca,,oci_vcn,Million Datapoints,B90926,0.0004,Million Datapoints
2023-11-13T09:00:00.000000+0000,2023-11-13T10:00:00.000000+0000,Standard - E4 - Memory,2023-11-01,2023-11-30,Oracle,ocid1.organizationssubscription.oc1.us-sanjose-1.amaaaaaa33abj3qa7lv6zso4gq45je75qdvql5fmgrmzlic6nbtm33hlbt5q,,USD,0.00136084,us-sanjose-1,COMPUTE,ocid1.tenancy.oc1..aaaaaaaadsyhydp66mjpsohqocfcgzaabtrit47ex2igzu2j6lhuadrrglca,sj-1,ocid1.instance.oc1.us-sanjose-1.anzwuljr33abj3qcn6ugox3wetdefjnrjositn7hexayzgxipdxejwitp7aq,GB Hours,B93114,4.0,GB Hours
2023-11-13T06:00:00.000000+0000,2023-11-13T07:00:00.000000+0000,Monitoring Service - Retrieval,2023-11-01,2023-11-30,Oracle,ocid1.organizationssubscription.oc1.us-sanjose-1.amaaaaaa33abj3qa7lv6zso4gq45je75qdvql5fmgrmzlic6nbtm33hlbt5q,,USD,4.182768e-8,us-sanjose-1,TELEMETRY,ocid1.tenancy.oc1..aaaaaaaadsyhydp66mjpsohqocfcgzaabtrit47ex2igzu2j6lhuadrrglca,,oci_blockstore,Million Datapoints,B90926,0.000036,Million Datapoints
2023-11-13T10:00:00.000000+0000,2023-11-13T11:00:00.000000+0000,Monitoring Service - Retrieval,2023-11-01,2023-11-30,Oracle,ocid1.organizationssubscription.oc1.us-sanjose-1.amaaaaaa33abj3qa7lv6zso4gq45je75qdvql5fmgrmzlic6nbtm33hlbt5q,,USD,1.626632e-8,us-sanjose-1,TELEMETRY,ocid1.tenancy.oc1..aaaaaaaadsyhydp66mjpsohqocfcgzaabtrit47ex2igzu2j6lhuadrrglca,,oci_compute,Million Datapoints,B90926,0.000014,Million Datapoints
2023-11-13T08:00:00.000000+0000,2023-11-13T09:00:00.000000+0000,Container Image Storage,2023-11-01,2023-11-30,Oracle,ocid1.organizationssubscription.oc1.us-sanjose-1.amaaaaaa33abj3qa7lv6zso4gq45je75qdvql5fmgrmzlic6nbtm33hlbt5q,,USD,4.81298076439e-7,us-sanjose-1,COMPUTE,ocid1.tenancy.oc1..aaaaaaaadsyhydp66mjpsohqocfcgzaabtrit47ex2igzu2j6lhuadrrglca,,ocid1.containerrepo.oc1.us-sanjose-1.0.axi5rjbot4mp.aaaaaaaaslfwxxoeeoxnrk7vfyqv77jupswli7ko4e3tvuegtqrwoqtkgb5a,GB Months,B91628,0.000048543887,GB Months
2023-11-13T10:00:00.000000+0000,2023-11-13T11:00:00.000000+0000,Container Image Storage,2023-11-01,2023-11-30,Oracle,ocid1.organizationssubscription.oc1.us-sanjose-1.amaaaaaa33abj3qa7lv6zso4gq45je75qdvql5fmgrmzlic6nbtm33hlbt5q,,USD,4.81298076439e-7,us-sanjose-1,COMPUTE,ocid1.tenancy.oc1..aaaaaaaadsyhydp66mjpsohqocfcgzaabtrit47ex2igzu2j6lhuadrrglca,,ocid1.containerrepo.oc1.us-sanjose-1.0.axi5rjbot4mp.aaaaaaaaslfwxxoeeoxnrk7vfyqv77jupswli7ko4e3tvuegtqrwoqtkgb5a,GB Months,B91628,0.000048543887,GB Months
2023-11-13T11:00:00.000000+0000,2023-11-13T12:00:00.000000+0000,Streaming - Storage,2023-11-01,2023-11-30,Oracle,ocid1.organizationssubscription.oc1.us-sanjose-1.amaaaaaa33abj3qa7lv6zso4gq45je75qdvql5fmgrmzlic6nbtm33hlbt5q,,USD,1.4164e-6,us-sanjose-1,ORACLE_STREAMING_SERVICE,ocid1.tenancy.oc1..aaaaaaaadsyhydp66mjpsohqocfcgzaabtrit47ex2igzu2j6lhuadrrglca,,ocid1.stream.oc1.us-sanjose-1.amaaaaaa33abj3qaih4sw37guxveujynj7kd57drzhbjre6cclcaf3bt4ofa,Gigabytes Per Hour,B90939,0.01,Gigabytes Per Hour
2023-11-13T05:00:00.000000+0000,2023-11-13T06:00:00.000000+0000,Outbound Data Transfer Zone 1,2023-11-01,2023-11-30,Oracle,ocid1.organizationssubscription.oc1.us-sanjose-1.amaaaaaa33abj3qa7lv6zso4gq45je75qdvql5fmgrmzlic6nbtm33hlbt5q,,USD,1.76422405766e-7,us-sanjose-1,NETWORK,ocid1.tenancy.oc1..aaaaaaaadsyhydp66mjpsohqocfcgzaabtrit47ex2igzu2j6lhuadrrglca,,ocid1.vnic.oc1.us-sanjose-1.abzwuljrnocy3fyperpqihyokz3nuvhcseslimhfr5rvl5wga4y4uq5oezea,GB Months,B88327,0.000028879381,GB Months
2023-11-13T06:00:00.000000+0000,2023-11-13T07:00:00.000000+0000,Monitoring Service - Retrieval,2023-11-01,2023-11-30,Oracle,ocid1.organizationssubscription.oc1.us-sanjose-1.amaaaaaa33abj3qa7lv6zso4gq45je75qdvql5fmgrmzlic6nbtm33hlbt5q,,USD,4.64752e-7,us-sanjose-1,TELEMETRY,ocid1.tenancy.oc1..aaaaaaaadsyhydp66mjpsohqocfcgzaabtrit47ex2igzu2j6lhuadrrglca,,oci_vcn,Million Datapoints,B90926,0.0004,Million Datapoints
2023-11-13T07:00:00.000000+0000,2023-11-13T08:00:00.000000+0000,Outbound Data Transfer Zone 1,2023-11-01,2023-11-30,Oracle,ocid1.organizationssubscription.oc1.us-sanjose-1.amaaaaaa33abj3qa7lv6zso4gq45je75qdvql5fmgrmzlic6nbtm33hlbt5q,,USD,2.54116766047e-7,us-sanjose-1,NETWORK,ocid1.tenancy.oc1..aaaaaaaadsyhydp66mjpsohqocfcgzaabtrit47ex2igzu2j6lhuadrrglca,sj-1,ocid1.vnic.oc1.us-sanjose-1.abzwuljrnocy3fyperpqihyokz3nuvhcseslimhfr5rvl5wga4y4uq5oezea,GB Months,B88327,0.000041597522,GB Months
2023-11-13T08:00:00.000000+0000,2023-11-13T09:00:00.000000+0000,Standard - E4,2023-11-01,2023-11-30,Oracle,ocid1.organizationssubscription.oc1.us-sanjose-1.amaaaaaa33abj3qa7lv6zso4gq45je75qdvql5fmgrmzlic6nbtm33hlbt5q,,USD,0.0018230675,us-sanjose-1,COMPUTE,ocid1.tenancy.oc1..aaaaaaaadsyhydp66mjpsohqocfcgzaabtrit47ex2igzu2j6lhuadrrglca,sj-1,ocid1.instance.oc1.us-sanjose-1.anzwuljr33abj3qcn6ugox3wetdefjnrjositn7hexayzgxipdxejwitp7aq,OCPU Hours,B93113,0.25,OCPU Hours
2023-11-13T07:00:00.000000+0000,2023-11-13T08:00:00.000000+0000,Monitoring Service - Retrieval,2023-11-01,2023-11-30,Oracle,ocid1.organizationssubscription.oc1.us-sanjose-1.amaaaaaa33abj3qa7lv6zso4gq45je75qdvql5fmgrmzlic6nbtm33hlbt5q,,USD,3.020888e-8,us-sanjose-1,TELEMETRY,ocid1.tenancy.oc1..aaaaaaaadsyhydp66mjpsohqocfcgzaabtrit47ex2igzu2j6lhuadrrglca,,oci_compute,Million Datapoints,B90926,0.000026,Million Datapoints
2023-11-13T05:00:00.000000+0000,2023-11-13T06:00:00.000000+0000,Block Volume - Storage,2023-11-01,2023-11-30,Oracle,ocid1.organizationssubscription.oc1.us-sanjose-1.amaaaaaa33abj3qa7lv6zso4gq45je75qdvql5fmgrmzlic6nbtm33hlbt5q,,USD,0.001351707606962962,us-sanjose-1,BLOCK_STORAGE,ocid1.tenancy.oc1..aaaaaaaadsyhydp66mjpsohqocfcgzaabtrit47ex2igzu2j6lhuadrrglca,sj-1,ocid1.bootvolume.oc1.us-sanjose-1.abzwuljrb4wzk5tikdkt6ugea3ntrr3lohyscahdouj3spcnizk7rmjt7feq,GB Months,B91961,0.06260229988,GB Months
2023-11-13T10:00:00.000000+0000,2023-11-13T11:00:00.000000+0000,Outbound Data Transfer Zone 1,2023-11-01,2023-11-30,Oracle,ocid1.organizationssubscription.oc1.us-sanjose-1.amaaaaaa33abj3qa7lv6zso4gq45je75qdvql5fmgrmzlic6nbtm33hlbt5q,,USD,9.3687241427e-8,us-sanjose-1,NETWORK,ocid1.tenancy.oc1..aaaaaaaadsyhydp66mjpsohqocfcgzaabtrit47ex2igzu2j6lhuadrrglca,,ocid1.vnic.oc1.us-sanjose-1.abzwuljrnocy3fyperpqihyokz3nuvhcseslimhfr5rvl5wga4y4uq5oezea,GB Months,B88327,0.000015336088,GB Months
2023-11-13T09:00:00.000000+0000,2023-11-13T10:00:00.000000+0000,Oracle Autonomous Transaction Processing - Exadata Storage,2023-11-01,2023-11-30,Oracle,ocid1.organizationssubscription.oc1.us-sanjose-1.amaaaaaa33abj3qa7lv6zso4gq45je75qdvql5fmgrmzlic6nbtm33hlbt5q,,USD,0.005718340005699543,us-sanjose-1,DATABASE,ocid1.tenancy.oc1..aaaaaaaadsyhydp66mjpsohqocfcgzaabtrit47ex2igzu2j6lhuadrrglca,sj-1,ocid1.autonomousdatabase.oc1.us-sanjose-1.anzwuljr33abj3qa3ustmv6jdlw6elfui5qg3jd7ugfx6oq7x5qa5emjmpta,TB,B90455,0.000224014336,TB
2023-11-13T09:00:00.000000+0000,2023-11-13T10:00:00.000000+0000,Object Storage - Storage,2023-11-01,2023-11-30,Oracle,ocid1.organizationssubscription.oc1.us-sanjose-1.amaaaaaa33abj3qa7lv6zso4gq45je75qdvql5fmgrmzlic6nbtm33hlbt5q,,USD,6.26609e-12,us-sanjose-1,OBJECTSTORE,ocid1.tenancy.oc1..aaaaaaaadsyhydp66mjpsohqocfcgzaabtrit47ex2igzu2j6lhuadrrglca,,axi5rjbot4mp/MonitoringData,GB Months,B91628,6.32e-10,GB Months
2023-11-13T05:00:00.000000+0000,2023-11-13T06:00:00.000000+0000,Monitoring Service - Retrieval,2023-11-01,2023-11-30,Oracle,ocid1.organizationssubscription.oc1.us-sanjose-1.amaaaaaa33abj3qa7lv6zso4gq45je75qdvql5fmgrmzlic6nbtm33hlbt5q,,USD,4.415144e-8,us-sanjose-1,TELEMETRY,ocid1.tenancy.oc1..aaaaaaaadsyhydp66mjpsohqocfcgzaabtrit47ex2igzu2j6lhuadrrglca,,oci_compute,Million Datapoints,B90926,0.000038,Million Datapoints
2023-11-13T08:00:00.000000+0000,2023-11-13T09:00:00.000000+0000,Monitoring Service - Retrieval,2023-11-01,2023-11-30,Oracle,ocid1.organizationssubscription.oc1.us-sanjose-1.amaaaaaa33abj3qa7lv6zso4gq45je75qdvql5fmgrmzlic6nbtm33hlbt5q,,USD,2.091384e-8,us-sanjose-1,TELEMETRY,ocid1.tenancy.oc1..aaaaaaaadsyhydp66mjpsohqocfcgzaabtrit47ex2igzu2j6lhuadrrglca,,oci_compute,Million Datapoints,B90926,0.000018,Million Datapoints
2023-11-13T09:00:00.000000+0000,2023-11-13T10:00:00.000000+0000,Monitoring Service - Retrieval,2023-11-01,2023-11-30,Oracle,ocid1.organizationssubscription.oc1.us-sanjose-1.amaaaaaa33abj3qa7lv6zso4gq45je75qdvql5fmgrmzlic6nbtm33hlbt5q,,USD,6.97128e-7,us-sanjose-1,TELEMETRY,ocid1.tenancy.oc1..aaaaaaaadsyhydp66mjpsohqocfcgzaabtrit47ex2igzu2j6lhuadrrglca,,oci_vcn,Million Datapoints,B90926,0.0006,Million Datapoints
2023-11-13T07:00:00.000000+0000,2023-11-13T08:00:00.000000+0000,Monitoring Service - Retrieval,2023-11-01,2023-11-30,Oracle,ocid1.organizationssubscription.oc1.us-sanjose-1.amaaaaaa33abj3qa7lv6zso4gq45je75qdvql5fmgrmzlic6nbtm33hlbt5q,,USD,3.020888e-8,us-sanjose-1,TELEMETRY,ocid1.tenancy.oc1..aaaaaaaadsyhydp66mjpsohqocfcgzaabtrit47ex2igzu2j6lhuadrrglca,,oci_blockstore,Million Datapoints,B90926,0.000026,Million Datapoints
2023-11-13T09:00:00.000000+0000,2023-11-13T10:00:00.000000+0000,Monitoring Service - Retrieval,2023-11-01,2023-11-30,Oracle,ocid1.organizationssubscription.oc1.us-sanjose-1.amaaaaaa33abj3qa7lv6zso4gq45je75qdvql5fmgrmzlic6nbtm33hlbt5q,,USD,2.32376e-8,us-sanjose-1,TELEMETRY,ocid1.tenancy.oc1..aaaaaaaadsyhydp66mjpsohqocfcgzaabtrit47ex2igzu2j6lhuadrrglca,,oci_compute,Million Datapoints,B90926,0.00002,Million Datapoints
2023-11-13T05:00:00.000000+0000,2023-11-13T06:00:00.000000+0000,Standard - E4,2023-11-01,2023-11-30,Oracle,ocid1.organizationssubscription.oc1.us-sanjose-1.amaaaaaa33abj3qa7lv6zso4gq45je75qdvql5fmgrmzlic6nbtm33hlbt5q,,USD,0.0018230675,us-sanjose-1,COMPUTE,ocid1.tenancy.oc1..aaaaaaaadsyhydp66mjpsohqocfcgzaabtrit47ex2igzu2j6lhuadrrglca,sj-1,ocid1.instance.oc1.us-sanjose-1.anzwuljr33abj3qcn6ugox3wetdefjnrjositn7hexayzgxipdxejwitp7aq,OCPU Hours,B93113,0.25,OCPU Hours
2023-11-13T08:00:00.000000+0000,2023-11-13T09:00:00.000000+0000,MySQL Database Service - Storage,2023-11-01,2023-11-30,Oracle,ocid1.organizationssubscription.oc1.us-sanjose-1.amaaaaaa33abj3qa7lv6zso4gq45je75qdvql5fmgrmzlic6nbtm33hlbt5q,,USD,0.000710731182784594,us-sanjose-1,MYSQL,ocid1.tenancy.oc1..aaaaaaaadsyhydp66mjpsohqocfcgzaabtrit47ex2igzu2j6lhuadrrglca,sj-1,ocid1.mysqlinstance.oc1.us-sanjose-1.abzwuljrijxaukifprz6it6gvgse4lqermwyw6hsi6p2bei5ivfk3qth6x5q,GB Months,B92426,0.028673835125,GB Months
2023-11-13T05:00:00.000000+0000,2023-11-13T06:00:00.000000+0000,Oracle APEX Application Development,2023-11-01,2023-11-30,Oracle,ocid1.organizationssubscription.oc1.us-sanjose-1.amaaaaaa33abj3qa7lv6zso4gq45je75qdvql5fmgrmzlic6nbtm33hlbt5q,,USD,0.024528554999901885,us-sanjose-1,DATABASE,ocid1.tenancy.oc1..aaaaaaaadsyhydp66mjpsohqocfcgzaabtrit47ex2igzu2j6lhuadrrglca,sj-1,ocid1.autonomousdatabase.oc1.us-sanjose-1.anzwuljr33abj3qa3ustmv6jdlw6elfui5qg3jd7ugfx6oq7x5qa5emjmpta,Hours,B92911,0.166666666666,Hours
2023-11-13T07:00:00.000000+0000,2023-11-13T08:00:00.000000+0000,Monitoring Service - Retrieval,2023-11-01,2023-11-30,Oracle,ocid1.organizationssubscription.oc1.us-sanjose-1.amaaaaaa33abj3qa7lv6zso4gq45je75qdvql5fmgrmzlic6nbtm33hlbt5q,,USD,6.97128e-7,us-sanjose-1,TELEMETRY,ocid1.tenancy.oc1..aaaaaaaadsyhydp66mjpsohqocfcgzaabtrit47ex2igzu2j6lhuadrrglca,,oci_vcn,Million Datapoints,B90926,0.0006,Million Datapoints
2023-11-13T09:00:00.000000+0000,2023-11-13T10:00:00.000000+0000,Monitoring Service - Retrieval,2023-11-01,2023-11-30,Oracle,ocid1.organizationssubscription.oc1.us-sanjose-1.amaaaaaa33abj3qa7lv6zso4gq45je75qdvql5fmgrmzlic6nbtm33hlbt5q,,USD,6.97128e-9,us-sanjose-1,TELEMETRY,ocid1.tenancy.oc1..aaaaaaaadsyhydp66mjpsohqocfcgzaabtrit47ex2igzu2j6lhuadrrglca,,oci_compute_infrastructure_health,Million Datapoints,B90926,6e-6,Million Datapoints
2023-11-13T11:00:00.000000+0000,2023-11-13T12:00:00.000000+0000,MySQL Database Service - Storage,2023-11-01,2023-11-30,Oracle,ocid1.organizationssubscription.oc1.us-sanjose-1.amaaaaaa33abj3qa7lv6zso4gq45je75qdvql5fmgrmzlic6nbtm33hlbt5q,,USD,0.000710731182784594,us-sanjose-1,MYSQL,ocid1.tenancy.oc1..aaaaaaaadsyhydp66mjpsohqocfcgzaabtrit47ex2igzu2j6lhuadrrglca,sj-1,ocid1.mysqlinstance.oc1.us-sanjose-1.abzwuljrijxaukifprz6it6gvgse4lqermwyw6hsi6p2bei5ivfk3qth6x5q,GB Months,B92426,0.028673835125,GB Months
2023-11-13T10:00:00.000000+0000,2023-11-13T11:00:00.000000+0000,Outbound Data Transfer Zone 1,2023-11-01,2023-11-30,Oracle,ocid1.organizationssubscription.oc1.us-sanjose-1.amaaaaaa33abj3qa7lv6zso4gq45je75qdvql5fmgrmzlic6nbtm33hlbt5q,,USD,2.98915052559e-7,us-sanjose-1,NETWORK,ocid1.tenancy.oc1..aaaaaaaadsyhydp66mjpsohqocfcgzaabtrit47ex2igzu2j6lhuadrrglca,,ocid1.vnic.oc1.us-sanjose-1.abzwuljrnocy3fyperpqihyokz3nuvhcseslimhfr5rvl5wga4y4uq5oezea,GB Months,B88327,0.000048930756,GB Months
2023-11-13T08:00:00.000000+0000,2023-11-13T09:00:00.000000+0000,Monitoring Service - Retrieval,2023-11-01,2023-11-30,Oracle,ocid1.organizationssubscription.oc1.us-sanjose-1.amaaaaaa33abj3qa7lv6zso4gq45je75qdvql5fmgrmzlic6nbtm33hlbt5q,,USD,2.32376e-9,us-sanjose-1,TELEMETRY,ocid1.tenancy.oc1..aaaaaaaadsyhydp66mjpsohqocfcgzaabtrit47ex2igzu2j6lhuadrrglca,,oci_compute_infrastructure_health,Million Datapoints,B90926,2e-6,Million Datapoints
2023-11-13T05:00:00.000000+0000,2023-11-13T06:00:00.000000+0000,Container Image Storage,2023-11-01,2023-11-30,Oracle,ocid1.organizationssubscription.oc1.us-sanjose-1.amaaaaaa33abj3qa7lv6zso4gq45je75qdvql5fmgrmzlic6nbtm33hlbt5q,,USD,4.81298076439e-7,us-sanjose-1,COMPUTE,ocid1.tenancy.oc1..aaaaaaaadsyhydp66mjpsohqocfcgzaabtrit47ex2igzu2j6lhuadrrglca,,ocid1.containerrepo.oc1.us-sanjose-1.0.axi5rjbot4mp.aaaaaaaaslfwxxoeeoxnrk7vfyqv77jupswli7ko4e3tvuegtqrwoqtkgb5a,GB Months,B91628,0.000048543887,GB Months
2023-11-13T06:00:00.000000+0000,2023-11-13T07:00:00.000000+0000,Standard - E4,2023-11-01,2023-11-30,Oracle,ocid1.organizationssubscription.oc1.us-sanjose-1.amaaaaaa33abj3qa7lv6zso4gq45je75qdvql5fmgrmzlic6nbtm33hlbt5q,,USD,0.0018230675,us-sanjose-1,COMPUTE,ocid1.tenancy.oc1..aaaaaaaadsyhydp66mjpsohqocfcgzaabtrit47ex2igzu2j6lhuadrrglca,sj-1,ocid1.instance.oc1.us-sanjose-1.anzwuljr33abj3qcn6ugox3wetdefjnrjositn7hexayzgxipdxejwitp7aq,OCPU Hours,B93113,0.25,OCPU Hours
2023-11-13T10:00:00.000000+0000,2023-11-13T11:00:00.000000+0000,Monitoring Service - Retrieval,2023-11-01,2023-11-30,Oracle,ocid1.organizationssubscription.oc1.us-sanjose-1.amaaaaaa33abj3qa7lv6zso4gq45je75qdvql5fmgrmzlic6nbtm33hlbt5q,,USD,4.2524808e-7,us-sanjose-1,TELEMETRY,ocid1.tenancy.oc1..aaaaaaaadsyhydp66mjpsohqocfcgzaabtrit47ex2igzu2j6lhuadrrglca,,oci_autonomous_database,Million Datapoints,B90926,0.000366,Million Datapoints
2023-11-13T06:00:00.000000+0000,2023-11-13T07:00:00.000000+0000,Monitoring Service - Retrieval,2023-11-01,2023-11-30,Oracle,ocid1.organizationssubscription.oc1.us-sanjose-1.amaaaaaa33abj3qa7lv6zso4gq45je75qdvql5fmgrmzlic6nbtm33hlbt5q,,USD,4.64752e-7,us-sanjose-1,TELEMETRY,ocid1.tenancy.oc1..aaaaaaaadsyhydp66mjpsohqocfcgzaabtrit47ex2igzu2j6lhuadrrglca,,oci_vcn,Million Datapoints,B90926,0.0004,Million Datapoints
2023-11-13T06:00:00.000000+0000,2023-11-13T07:00:00.000000+0000,MySQL Database for HeatWave - Standard - Node per hour,2023-11-01,2023-11-30,Oracle,ocid1.organizationssubscription.oc1.us-sanjose-1.amaaaaaa33abj3qa7lv6zso4gq45je75qdvql5fmgrmzlic6nbtm33hlbt5q,,USD,0.036519144999853925,us-sanjose-1,MYSQL,ocid1.tenancy.oc1..aaaaaaaadsyhydp66mjpsohqocfcgzaabtrit47ex2igzu2j6lhuadrrglca,sj-1,ocid1.mysqlinstance.oc1.us-sanjose-1.abzwuljrijxaukifprz6it6gvgse4lqermwyw6hsi6p2bei5ivfk3qth6x5q,Instance per hour,B92024,0.166666666666,Instance per hour
2023-11-13T05:00:00.000000+0000,2023-11-13T06:00:00.000000+0000,Monitoring Service - Retrieval,2023-11-01,2023-11-30,Oracle,ocid1.organizationssubscription.oc1.us-sanjose-1.amaaaaaa33abj3qa7lv6zso4gq45je75qdvql5fmgrmzlic6nbtm33hlbt5q,,USD,4.64752e-7,us-sanjose-1,TELEMETRY,ocid1.tenancy.oc1..aaaaaaaadsyhydp66mjpsohqocfcgzaabtrit47ex2igzu2j6lhuadrrglca,,oci_vcn,Million Datapoints,B90926,0.0004,Million Datapoints
2023-11-13T07:00:00.000000+0000,2023-11-13T08:00:00.000000+0000,Monitoring Service - Retrieval,2023-11-01,2023-11-30,Oracle,ocid1.organizationssubscription.oc1.us-sanjose-1.amaaaaaa33abj3qa7lv6zso4gq45je75qdvql5fmgrmzlic6nbtm33hlbt5q,,USD,2.5445172e-7,us-sanjose-1,TELEMETRY,ocid1.tenancy.oc1..aaaaaaaadsyhydp66mjpsohqocfcgzaabtrit47ex2igzu2j6lhuadrrglca,,oci_autonomous_database,Million Datapoints,B90926,0.000219,Million Datapoints
2023-11-13T11:00:00.000000+0000,2023-11-13T12:00:00.000000+0000,Monitoring Service - Retrieval,2023-11-01,2023-11-30,Oracle,ocid1.organizationssubscription.oc1.us-sanjose-1.amaaaaaa33abj3qa7lv6zso4gq45je75qdvql5fmgrmzlic6nbtm33hlbt5q,,USD,4.415144e-8,us-sanjose-1,TELEMETRY,ocid1.tenancy.oc1..aaaaaaaadsyhydp66mjpsohqocfcgzaabtrit47ex2igzu2j6lhuadrrglca,,oci_compute,Million Datapoints,B90926,0.000038,Million Datapoints
2023-11-13T08:00:00.000000+0000,2023-11-13T09:00:00.000000+0000,Monitoring Service - Retrieval,2023-11-01,2023-11-30,Oracle,ocid1.organizationssubscription.oc1.us-sanjose-1.amaaaaaa33abj3qa7lv6zso4gq45je75qdvql5fmgrmzlic6nbtm33hlbt5q,,USD,4.182768e-6,us-sanjose-1,TELEMETRY,ocid1.tenancy.oc1..aaaaaaaadsyhydp66mjpsohqocfcgzaabtrit47ex2igzu2j6lhuadrrglca,,oci_objectstorage,Million Datapoints,B90926,0.0036,Million Datapoints
2023-11-13T07:00:00.000000+0000,2023-11-13T08:00:00.000000+0000,Monitoring Service - Retrieval,2023-11-01,2023-11-30,Oracle,ocid1.organizationssubscription.oc1.us-sanjose-1.amaaaaaa33abj3qa7lv6zso4gq45je75qdvql5fmgrmzlic6nbtm33hlbt5q,,USD,4.3221936e-7,us-sanjose-1,TELEMETRY,ocid1.tenancy.oc1..aaaaaaaadsyhydp66mjpsohqocfcgzaabtrit47ex2igzu2j6lhuadrrglca,,oci_autonomous_database,Million Datapoints,B90926,0.000372,Million Datapoints
2023-11-13T06:00:00.000000+0000,2023-11-13T07:00:00.000000+0000,Monitoring Service - Retrieval,2023-11-01,2023-11-30,Oracle,ocid1.organizationssubscription.oc1.us-sanjose-1.amaaaaaa33abj3qa7lv6zso4gq45je75qdvql5fmgrmzlic6nbtm33hlbt5q,,USD,4.415144e-8,us-sanjose-1,TELEMETRY,ocid1.tenancy.oc1..aaaaaaaadsyhydp66mjpsohqocfcgzaabtrit47ex2igzu2j6lhuadrrglca,,oci_compute,Million Datapoints,B90926,0.000038,Million Datapoints
2023-11-13T09:00:00.000000+0000,2023-11-13T10:00:00.000000+0000,MySQL Database Service - Storage,2023-11-01,2023-11-30,Oracle,ocid1.organizationssubscription.oc1.us-sanjose-1.amaaaaaa33abj3qa7lv6zso4gq45je75qdvql5fmgrmzlic6nbtm33hlbt5q,,USD,0.000710731182784594,us-sanjose-1,MYSQL,ocid1.tenancy.oc1..aaaaaaaadsyhydp66mjpsohqocfcgzaabtrit47ex2igzu2j6lhuadrrglca,sj-1,ocid1.mysqlinstance.oc1.us-sanjose-1.abzwuljrijxaukifprz6it6gvgse4lqermwyw6hsi6p2bei5ivfk3qth6x5q,GB Months,B92426,0.028673835125,GB Months
2023-11-13T06:00:00.000000+0000,2023-11-13T07:00:00.000000+0000,Monitoring Service - Retrieval,2023-11-01,2023-11-30,Oracle,ocid1.organizationssubscription.oc1.us-sanjose-1.amaaaaaa33abj3qa7lv6zso4gq45je75qdvql5fmgrmzlic6nbtm33hlbt5q,,USD,2.439948e-8,us-sanjose-1,TELEMETRY,ocid1.tenancy.oc1..aaaaaaaadsyhydp66mjpsohqocfcgzaabtrit47ex2igzu2j6lhuadrrglca,,oci_blockstore,Million Datapoints,B90926,0.000021,Million Datapoints
2023-11-13T07:00:00.000000+0000,2023-11-13T08:00:00.000000+0000,Oracle Autonomous Transaction Processing - Exadata Storage,2023-11-01,2023-11-30,Oracle,ocid1.organizationssubscription.oc1.us-sanjose-1.amaaaaaa33abj3qa7lv6zso4gq45je75qdvql5fmgrmzlic6nbtm33hlbt5q,,USD,0.005718340005699543,us-sanjose-1,DATABASE,ocid1.tenancy.oc1..aaaaaaaadsyhydp66mjpsohqocfcgzaabtrit47ex2igzu2j6lhuadrrglca,sj-1,ocid1.autonomousdatabase.oc1.us-sanjose-1.anzwuljr33abj3qa3ustmv6jdlw6elfui5qg3jd7ugfx6oq7x5qa5emjmpta,TB,B90455,0.000224014336,TB
2023-11-13T06:00:00.000000+0000,2023-11-13T07:00:00.000000+0000,Oracle Autonomous Transaction Processing - Exadata Storage,2023-11-01,2023-11-30,Oracle,ocid1.organizationssubscription.oc1.us-sanjose-1.amaaaaaa33abj3qa7lv6zso4gq45je75qdvql5fmgrmzlic6nbtm33hlbt5q,,USD,0.005718340005699543,us-sanjose-1,DATABASE,ocid1.tenancy.oc1..aaaaaaaadsyhydp66mjpsohqocfcgzaabtrit47ex2igzu2j6lhuadrrglca,sj-1,ocid1.autonomousdatabase.oc1.us-sanjose-1.anzwuljr33abj3qa3ustmv6jdlw6elfui5qg3jd7ugfx6oq7x5qa5emjmpta,TB,B90455,0.000224014336,TB
2023-11-13T05:00:00.000000+0000,2023-11-13T06:00:00.000000+0000,Monitoring Service - Retrieval,2023-11-01,2023-11-30,Oracle,ocid1.organizationssubscription.oc1.us-sanjose-1.amaaaaaa33abj3qa7lv6zso4gq45je75qdvql5fmgrmzlic6nbtm33hlbt5q,,USD,1.859008e-8,us-sanjose-1,TELEMETRY,ocid1.tenancy.oc1..aaaaaaaadsyhydp66mjpsohqocfcgzaabtrit47ex2igzu2j6lhuadrrglca,,oci_compute,Million Datapoints,B90926,0.000016,Million Datapoints
2023-11-13T08:00:00.000000+0000,2023-11-13T09:00:00.000000+0000,Object Storage - Storage,2023-11-01,2023-11-30,Oracle,ocid1.organizationssubscription.oc1.us-sanjose-1.amaaaaaa33abj3qa7lv6zso4gq45je75qdvql5fmgrmzlic6nbtm33hlbt5q,,USD,6.26609e-12,us-sanjose-1,OBJECTSTORE,ocid1.tenancy.oc1..aaaaaaaadsyhydp66mjpsohqocfcgzaabtrit47ex2igzu2j6lhuadrrglca,,axi5rjbot4mp/MonitoringData,GB Months,B91628,6.32e-10,GB Months
2023-11-13T10:00:00.000000+0000,2023-11-13T11:00:00.000000+0000,Monitoring Service - Retrieval,2023-11-01,2023-11-30,Oracle,ocid1.organizationssubscription.oc1.us-sanjose-1.amaaaaaa33abj3qa7lv6zso4gq45je75qdvql5fmgrmzlic6nbtm33hlbt5q,,USD,3.48564e-8,us-sanjose-1,TELEMETRY,ocid1.tenancy.oc1..aaaaaaaadsyhydp66mjpsohqocfcgzaabtrit47ex2igzu2j6lhuadrrglca,,oci_compute,Million Datapoints,B90926,0.00003,Million Datapoints
2023-11-13T05:00:00.000000+0000,2023-11-13T06:00:00.000000+0000,Monitoring Service - Retrieval,2023-11-01,2023-11-30,Oracle,ocid1.organizationssubscription.oc1.us-sanjose-1.amaaaaaa33abj3qa7lv6zso4gq45je75qdvql5fmgrmzlic6nbtm33hlbt5q,,USD,4.64752e-7,us-sanjose-1,TELEMETRY,ocid1.tenancy.oc1..aaaaaaaadsyhydp66mjpsohqocfcgzaabtrit47ex2igzu2j6lhuadrrglca,,oci_vcn,Million Datapoints,B90926,0.0004,Million Datapoints
2023-11-13T09:00:00.000000+0000,2023-11-13T10:00:00.000000+0000,Standard - E4,2023-11-01,2023-11-30,Oracle,ocid1.organizationssubscription.oc1.us-sanjose-1.amaaaaaa33abj3qa7lv6zso4gq45je75qdvql5fmgrmzlic6nbtm33hlbt5q,,USD,0.0018230675,us-sanjose-1,COMPUTE,ocid1.tenancy.oc1..aaaaaaaadsyhydp66mjpsohqocfcgzaabtrit47ex2igzu2j6lhuadrrglca,sj-1,ocid1.instance.oc1.us-sanjose-1.anzwuljr33abj3qcn6ugox3wetdefjnrjositn7hexayzgxipdxejwitp7aq,OCPU Hours,B93113,0.25,OCPU Hours
2023-11-13T09:00:00.000000+0000,2023-11-13T10:00:00.000000+0000,Monitoring Service - Retrieval,2023-11-01,2023-11-30,Oracle,ocid1.organizationssubscription.oc1.us-sanjose-1.amaaaaaa33abj3qa7lv6zso4gq45je75qdvql5fmgrmzlic6nbtm33hlbt5q,,USD,6.041776e-8,us-sanjose-1,TELEMETRY,ocid1.tenancy.oc1..aaaaaaaadsyhydp66mjpsohqocfcgzaabtrit47ex2igzu2j6lhuadrrglca,,oci_blockstore,Million Datapoints,B90926,0.000052,Million Datapoints
2023-11-13T05:00:00.000000+0000,2023-11-13T06:00:00.000000+0000,Monitoring Service - Retrieval,2023-11-01,2023-11-30,Oracle,ocid1.organizationssubscription.oc1.us-sanjose-1.amaaaaaa33abj3qa7lv6zso4gq45je75qdvql5fmgrmzlic6nbtm33hlbt5q,,USD,4.64752e-9,us-sanjose-1,TELEMETRY,ocid1.tenancy.oc1..aaaaaaaadsyhydp66mjpsohqocfcgzaabtrit47ex2igzu2j6lhuadrrglca,,oci_compute_infrastructure_health,Million Datapoints,B90926,4e-6,Million Datapoints
2023-11-13T09:00:00.000000+0000,2023-11-13T10:00:00.000000+0000,MySQL Database for HeatWave - Standard - Node per hour,2023-11-01,2023-11-30,Oracle,ocid1.organizationssubscription.oc1.us-sanjose-1.amaaaaaa33abj3qa7lv6zso4gq45je75qdvql5fmgrmzlic6nbtm33hlbt5q,,USD,0.036519144999853925,us-sanjose-1,MYSQL,ocid1.tenancy.oc1..aaaaaaaadsyhydp66mjpsohqocfcgzaabtrit47ex2igzu2j6lhuadrrglca,sj-1,ocid1.mysqlinstance.oc1.us-sanjose-1.abzwuljrijxaukifprz6it6gvgse4lqermwyw6hsi6p2bei5ivfk3qth6x5q,Instance per hour,B92024,0.166666666666,Instance per hour
2023-11-13T10:00:00.000000+0000,2023-11-13T11:00:00.000000+0000,Standard - E4 - Memory,2023-11-01,2023-11-30,Oracle,ocid1.organizationssubscription.oc1.us-sanjose-1.amaaaaaa33abj3qa7lv6zso4gq45je75qdvql5fmgrmzlic6nbtm33hlbt5q,,USD,0.00136084,us-sanjose-1,COMPUTE,ocid1.tenancy.oc1..aaaaaaaadsyhydp66mjpsohqocfcgzaabtrit47ex2igzu2j6lhuadrrglca,sj-1,ocid1.instance.oc1.us-sanjose-1.anzwuljr33abj3qcn6ugox3wetdefjnrjositn7hexayzgxipdxejwitp7aq,GB Hours,B93114,4.0,GB Hours
2023-11-13T07:00:00.000000+0000,2023-11-13T08:00:00.000000+0000,MySQL Database for HeatWave - Standard - Node per hour,2023-11-01,2023-11-30,Oracle,ocid1.organizationssubscription.oc1.us-sanjose-1.amaaaaaa33abj3qa7lv6zso4gq45je75qdvql5fmgrmzlic6nbtm33hlbt5q,,USD,0.036519144999853925,us-sanjose-1,MYSQL,ocid1.tenancy.oc1..aaaaaaaadsyhydp66mjpsohqocfcgzaabtrit47ex2igzu2j6lhuadrrglca,sj-1,ocid1.mysqlinstance.oc1.us-sanjose-1.abzwuljrijxaukifprz6it6gvgse4lqermwyw6hsi6p2bei5ivfk3qth6x5q,Instance per hour,B92024,0.166666666666,Instance per hour
2023-11-13T11:00:00.000000+0000,2023-11-13T12:00:00.000000+0000,Container Image Storage,2023-11-01,2023-11-30,Oracle,ocid1.organizationssubscription.oc1.us-sanjose-1.amaaaaaa33abj3qa7lv6zso4gq45je75qdvql5fmgrmzlic6nbtm33hlbt5q,,USD,4.81298076439e-7,us-sanjose-1,COMPUTE,ocid1.tenancy.oc1..aaaaaaaadsyhydp66mjpsohqocfcgzaabtrit47ex2igzu2j6lhuadrrglca,,ocid1.containerrepo.oc1.us-sanjose-1.0.axi5rjbot4mp.aaaaaaaaslfwxxoeeoxnrk7vfyqv77jupswli7ko4e3tvuegtqrwoqtkgb5a,GB Months,B91628,0.000048543887,GB Months
2023-11-13T10:00:00.000000+0000,2023-11-13T11:00:00.000000+0000,Block Volume - Storage,2023-11-01,2023-11-30,Oracle,ocid1.organizationssubscription.oc1.us-sanjose-1.amaaaaaa33abj3qa7lv6zso4gq45je75qdvql5fmgrmzlic6nbtm33hlbt5q,,USD,0.001351707606962962,us-sanjose-1,BLOCK_STORAGE,ocid1.tenancy.oc1..aaaaaaaadsyhydp66mjpsohqocfcgzaabtrit47ex2igzu2j6lhuadrrglca,sj-1,ocid1.bootvolume.oc1.us-sanjose-1.abzwuljrlmub5uedgtlbadwfu3hadymcy2xkymh3x2dw3b3rgxfjnzrxy4pa,GB Months,B91961,0.06260229988,GB Months
2023-11-13T09:00:00.000000+0000,2023-11-13T10:00:00.000000+0000,Oracle APEX Application Development,2023-11-01,2023-11-30,Oracle,ocid1.organizationssubscription.oc1.us-sanjose-1.amaaaaaa33abj3qa7lv6zso4gq45je75qdvql5fmgrmzlic6nbtm33hlbt5q,,USD,0.024528554999901885,us-sanjose-1,DATABASE,ocid1.tenancy.oc1..aaaaaaaadsyhydp66mjpsohqocfcgzaabtrit47ex2igzu2j6lhuadrrglca,sj-1,ocid1.autonomousdatabase.oc1.us-sanjose-1.anzwuljr33abj3qa3ustmv6jdlw6elfui5qg3jd7ugfx6oq7x5qa5emjmpta,Hours,B92911,0.166666666666,Hours
2023-11-13T06:00:00.000000+0000,2023-11-13T07:00:00.000000+0000,Standard - E4 - Memory,2023-11-01,2023-11-30,Oracle,ocid1.organizationssubscription.oc1.us-sanjose-1.amaaaaaa33abj3qa7lv6zso4gq45je75qdvql5fmgrmzlic6nbtm33hlbt5q,,USD,0.00136084,us-sanjose-1,COMPUTE,ocid1.tenancy.oc1..aaaaaaaadsyhydp66mjpsohqocfcgzaabtrit47ex2igzu2j6lhuadrrglca,sj-1,ocid1.instance.oc1.us-sanjose-1.anzwuljr33abj3qcn6ugox3wetdefjnrjositn7hexayzgxipdxejwitp7aq,GB Hours,B93114,4.0,GB Hours
2023-11-13T10:00:00.000000+0000,2023-11-13T11:00:00.000000+0000,MySQL Database for HeatWave - Standard - Node per hour,2023-11-01,2023-11-30,Oracle,ocid1.organizationssubscription.oc1.us-sanjose-1.amaaaaaa33abj3qa7lv6zso4gq45je75qdvql5fmgrmzlic6nbtm33hlbt5q,,USD,0.036519144999853925,us-sanjose-1,MYSQL,ocid1.tenancy.oc1..aaaaaaaadsyhydp66mjpsohqocfcgzaabtrit47ex2igzu2j6lhuadrrglca,sj-1,ocid1.mysqlinstance.oc1.us-sanjose-1.abzwuljrijxaukifprz6it6gvgse4lqermwyw6hsi6p2bei5ivfk3qth6x5q,Instance per hour,B92024,0.166666666666,Instance per hour
2023-11-13T08:00:00.000000+0000,2023-11-13T09:00:00.000000+0000,Monitoring Service - Retrieval,2023-11-01,2023-11-30,Oracle,ocid1.organizationssubscription.oc1.us-sanjose-1.amaaaaaa33abj3qa7lv6zso4gq45je75qdvql5fmgrmzlic6nbtm33hlbt5q,,USD,2.5212796e-7,us-sanjose-1,TELEMETRY,ocid1.tenancy.oc1..aaaaaaaadsyhydp66mjpsohqocfcgzaabtrit47ex2igzu2j6lhuadrrglca,,oci_autonomous_database,Million Datapoints,B90926,0.000217,Million Datapoints
2023-11-13T06:00:00.000000+0000,2023-11-13T07:00:00.000000+0000,Oracle Autonomous Transaction Processing - Exadata Storage,2023-11-01,2023-11-30,Oracle,ocid1.organizationssubscription.oc1.us-sanjose-1.amaaaaaa33abj3qa7lv6zso4gq45je75qdvql5fmgrmzlic6nbtm33hlbt5q,,USD,0.005718340005699543,us-sanjose-1,DATABASE,ocid1.tenancy.oc1..aaaaaaaadsyhydp66mjpsohqocfcgzaabtrit47ex2igzu2j6lhuadrrglca,sj-1,ocid1.autonomousdatabase.oc1.us-sanjose-1.anzwuljr33abj3qa3ustmv6jdlw6elfui5qg3jd7ugfx6oq7x5qa5emjmpta,TB,B90455,0.000224014336,TB
2023-11-13T10:00:00.000000+0000,2023-11-13T11:00:00.000000+0000,Monitoring Service - Retrieval,2023-11-01,2023-11-30,Oracle,ocid1.organizationssubscription.oc1.us-sanjose-1.amaaaaaa33abj3qa7lv6zso4gq45je75qdvql5fmgrmzlic6nbtm33hlbt5q,,USD,4.2524808e-7,us-sanjose-1,TELEMETRY,ocid1.tenancy.oc1..aaaaaaaadsyhydp66mjpsohqocfcgzaabtrit47ex2igzu2j6lhuadrrglca,,oci_autonomous_database,Million Datapoints,B90926,0.000366,Million Datapoints
2023-11-13T08:00:00.000000+0000,2023-11-13T09:00:00.000000+0000,Standard - E4,2023-11-01,2023-11-30,Oracle,ocid1.organizationssubscription.oc1.us-sanjose-1.amaaaaaa33abj3qa7lv6zso4gq45je75qdvql5fmgrmzlic6nbtm33hlbt5q,,USD,0.0018230675,us-sanjose-1,COMPUTE,ocid1.tenancy.oc1..aaaaaaaadsyhydp66mjpsohqocfcgzaabtrit47ex2igzu2j6lhuadrrglca,sj-1,ocid1.instance.oc1.us-sanjose-1.anzwuljr33abj3qcn6ugox3wetdefjnrjositn7hexayzgxipdxejwitp7aq,OCPU Hours,B93113,0.25,OCPU Hours
2023-11-13T08:00:00.000000+0000,2023-11-13T09:00:00.000000+0000,Oracle APEX Application Development,2023-11-01,2023-11-30,Oracle,ocid1.organizationssubscription.oc1.us-sanjose-1.amaaaaaa33abj3qa7lv6zso4gq45je75qdvql5fmgrmzlic6nbtm33hlbt5q,,USD,0.024528554999901885,us-sanjose-1,DATABASE,ocid1.tenancy.oc1..aaaaaaaadsyhydp66mjpsohqocfcgzaabtrit47ex2igzu2j6lhuadrrglca,sj-1,ocid1.autonomousdatabase.oc1.us-sanjose-1.anzwuljr33abj3qa3ustmv6jdlw6elfui5qg3jd7ugfx6oq7x5qa5emjmpta,Hours,B92911,0.166666666666,Hours
2023-11-13T07:00:00.000000+0000,2023-11-13T08:00:00.000000+0000,Oracle APEX Application Development,2023-11-01,2023-11-30,Oracle,ocid1.organizationssubscription.oc1.us-sanjose-1.amaaaaaa33abj3qa7lv6zso4gq45je75qdvql5fmgrmzlic6nbtm33hlbt5q,,USD,0.024528554999901885,us-sanjose-1,DATABASE,ocid1.tenancy.oc1..aaaaaaaadsyhydp66mjpsohqocfcgzaabtrit47ex2igzu2j6lhuadrrglca,sj-1,ocid1.autonomousdatabase.oc1.us-sanjose-1.anzwuljr33abj3qa3ustmv6jdlw6elfui5qg3jd7ugfx6oq7x5qa5emjmpta,Hours,B92911,0.166666666666,Hours
2023-11-13T05:00:00.000000+0000,2023-11-13T06:00:00.000000+0000,Monitoring Service - Retrieval,2023-11-01,2023-11-30,Oracle,ocid1.organizationssubscription.oc1.us-sanjose-1.amaaaaaa33abj3qa7lv6zso4gq45je75qdvql5fmgrmzlic6nbtm33hlbt5q,,USD,1.859008e-7,us-sanjose-1,TELEMETRY,ocid1.tenancy.oc1..aaaaaaaadsyhydp66mjpsohqocfcgzaabtrit47ex2igzu2j6lhuadrrglca,,oci_autonomous_database,Million Datapoints,B90926,0.00016,Million Datapoints
2023-11-13T08:00:00.000000+0000,2023-11-13T09:00:00.000000+0000,Standard - E4 - Memory,2023-11-01,2023-11-30,Oracle,ocid1.organizationssubscription.oc1.us-sanjose-1.amaaaaaa33abj3qa7lv6zso4gq45je75qdvql5fmgrmzlic6nbtm33hlbt5q,,USD,0.00136084,us-sanjose-1,COMPUTE,ocid1.tenancy.oc1..aaaaaaaadsyhydp66mjpsohqocfcgzaabtrit47ex2igzu2j6lhuadrrglca,sj-1,ocid1.instance.oc1.us-sanjose-1.anzwuljr33abj3qcn6ugox3wetdefjnrjositn7hexayzgxipdxejwitp7aq,GB Hours,B93114,4.0,GB Hours
2023-11-13T10:00:00.000000+0000,2023-11-13T11:00:00.000000+0000,MySQL Database Service - Storage,2023-11-01,2023-11-30,Oracle,ocid1.organizationssubscription.oc1.us-sanjose-1.amaaaaaa33abj3qa7lv6zso4gq45je75qdvql5fmgrmzlic6nbtm33hlbt5q,,USD,0.000710731182784594,us-sanjose-1,MYSQL,ocid1.tenancy.oc1..aaaaaaaadsyhydp66mjpsohqocfcgzaabtrit47ex2igzu2j6lhuadrrglca,sj-1,ocid1.mysqlinstance.oc1.us-sanjose-1.abzwuljrijxaukifprz6it6gvgse4lqermwyw6hsi6p2bei5ivfk3qth6x5q,GB Months,B92426,0.028673835125,GB Months
2023-11-13T09:00:00.000000+0000,2023-11-13T10:00:00.000000+0000,Monitoring Service - Retrieval,2023-11-01,2023-11-30,Oracle,ocid1.organizationssubscription.oc1.us-sanjose-1.amaaaaaa33abj3qa7lv6zso4gq45je75qdvql5fmgrmzlic6nbtm33hlbt5q,,USD,2.5212796e-7,us-sanjose-1,TELEMETRY,ocid1.tenancy.oc1..aaaaaaaadsyhydp66mjpsohqocfcgzaabtrit47ex2igzu2j6lhuadrrglca,,oci_autonomous_database,Million Datapoints,B90926,0.000217,Million Datapoints
2023-11-13T07:00:00.000000+0000,2023-11-13T08:00:00.000000+0000,Monitoring Service - Retrieval,2023-11-01,2023-11-30,Oracle,ocid1.organizationssubscription.oc1.us-sanjose-1.amaaaaaa33abj3qa7lv6zso4gq45je75qdvql5fmgrmzlic6nbtm33hlbt5q,,USD,4.64752e-7,us-sanjose-1,TELEMETRY,ocid1.tenancy.oc1..aaaaaaaadsyhydp66mjpsohqocfcgzaabtrit47ex2igzu2j6lhuadrrglca,,oci_vcn,Million Datapoints,B90926,0.0004,Million Datapoints
2023-11-13T06:00:00.000000+0000,2023-11-13T07:00:00.000000+0000,Standard - E4 - Memory,2023-11-01,2023-11-30,Oracle,ocid1.organizationssubscription.oc1.us-sanjose-1.amaaaaaa33abj3qa7lv6zso4gq45je75qdvql5fmgrmzlic6nbtm33hlbt5q,,USD,0.00136084,us-sanjose-1,COMPUTE,ocid1.tenancy.oc1..aaaaaaaadsyhydp66mjpsohqocfcgzaabtrit47ex2igzu2j6lhuadrrglca,sj-1,ocid1.instance.oc1.us-sanjose-1.anzwuljr33abj3qcn6ugox3wetdefjnrjositn7hexayzgxipdxejwitp7aq,GB Hours,B93114,4.0,GB Hours
2023-11-13T06:00:00.000000+0000,2023-11-13T07:00:00.000000+0000,Monitoring Service - Retrieval,2023-11-01,2023-11-30,Oracle,ocid1.organizationssubscription.oc1.us-sanjose-1.amaaaaaa33abj3qa7lv6zso4gq45je75qdvql5fmgrmzlic6nbtm33hlbt5q,,USD,4.415144e-8,us-sanjose-1,TELEMETRY,ocid1.tenancy.oc1..aaaaaaaadsyhydp66mjpsohqocfcgzaabtrit47ex2igzu2j6lhuadrrglca,,oci_blockstore,Million Datapoints,B90926,0.000038,Million Datapoints
2023-11-13T07:00:00.000000+0000,2023-11-13T08:00:00.000000+0000,Monitoring Service - Retrieval,2023-11-01,2023-11-30,Oracle,ocid1.organizationssubscription.oc1.us-sanjose-1.amaaaaaa33abj3qa7lv6zso4gq45je75qdvql5fmgrmzlic6nbtm33hlbt5q,,USD,2.32376e-7,us-sanjose-1,TELEMETRY,ocid1.tenancy.oc1..aaaaaaaadsyhydp66mjpsohqocfcgzaabtrit47ex2igzu2j6lhuadrrglca,,oci_vcn,Million Datapoints,B90926,0.0002,Million Datapoints
2023-11-13T08:00:00.000000+0000,2023-11-13T09:00:00.000000+0000,MySQL Database for HeatWave - Standard - Node per hour,2023-11-01,2023-11-30,Oracle,ocid1.organizationssubscription.oc1.us-sanjose-1.amaaaaaa33abj3qa7lv6zso4gq45je75qdvql5fmgrmzlic6nbtm33hlbt5q,,USD,0.036519144999853925,us-sanjose-1,MYSQL,ocid1.tenancy.oc1..aaaaaaaadsyhydp66mjpsohqocfcgzaabtrit47ex2igzu2j6lhuadrrglca,sj-1,ocid1.mysqlinstance.oc1.us-sanjose-1.abzwuljrijxaukifprz6it6gvgse4lqermwyw6hsi6p2bei5ivfk3qth6x5q,Instance per hour,B92024,0.166666666666,Instance per hour
2023-11-13T08:00:00.000000+0000,2023-11-13T09:00:00.000000+0000,Container Image Storage,2023-11-01,2023-11-30,Oracle,ocid1.organizationssubscription.oc1.us-sanjose-1.amaaaaaa33abj3qa7lv6zso4gq45je75qdvql5fmgrmzlic6nbtm33hlbt5q,,USD,4.81298076439e-7,us-sanjose-1,COMPUTE,ocid1.tenancy.oc1..aaaaaaaadsyhydp66mjpsohqocfcgzaabtrit47ex2igzu2j6lhuadrrglca,,ocid1.containerrepo.oc1.us-sanjose-1.0.axi5rjbot4mp.aaaaaaaaslfwxxoeeoxnrk7vfyqv77jupswli7ko4e3tvuegtqrwoqtkgb5a,GB Months,B91628,0.000048543887,GB Months
2023-11-13T09:00:00.000000+0000,2023-11-13T10:00:00.000000+0000,Monitoring Service - Retrieval,2023-11-01,2023-11-30,Oracle,ocid1.organizationssubscription.oc1.us-sanjose-1.amaaaaaa33abj3qa7lv6zso4gq45je75qdvql5fmgrmzlic6nbtm33hlbt5q,,USD,2.32376e-9,us-sanjose-1,TELEMETRY,ocid1.tenancy.oc1..aaaaaaaadsyhydp66mjpsohqocfcgzaabtrit47ex2igzu2j6lhuadrrglca,,oci_compute_infrastructure_health,Million Datapoints,B90926,2e-6,Million Datapoints
2023-11-13T10:00:00.000000+0000,2023-11-13T11:00:00.000000+0000,Monitoring Service - Retrieval,2023-11-01,2023-11-30,Oracle,ocid1.organizationssubscription.oc1.us-sanjose-1.amaaaaaa33abj3qa7lv6zso4gq45je75qdvql5fmgrmzlic6nbtm33hlbt5q,,USD,4.64752e-9,us-sanjose-1,TELEMETRY,ocid1.tenancy.oc1..aaaaaaaadsyhydp66mjpsohqocfcgzaabtrit47ex2igzu2j6lhuadrrglca,,oci_blockstore,Million Datapoints,B90926,4e-6,Million Datapoints
2023-11-13T10:00:00.000000+0000,2023-11-13T11:00:00.000000+0000,MySQL Database Service - Storage,2023-11-01,2023-11-30,Oracle,ocid1.organizationssubscription.oc1.us-sanjose-1.amaaaaaa33abj3qa7lv6zso4gq45je75qdvql5fmgrmzlic6nbtm33hlbt5q,,USD,0.000710731182784594,us-sanjose-1,MYSQL,ocid1.tenancy.oc1..aaaaaaaadsyhydp66mjpsohqocfcgzaabtrit47ex2igzu2j6lhuadrrglca,sj-1,ocid1.mysqlinstance.oc1.us-sanjose-1.abzwuljrijxaukifprz6it6gvgse4lqermwyw6hsi6p2bei5ivfk3qth6x5q,GB Months,B92426,0.028673835125,GB Months
2023-11-13T09:00:00.000000+0000,2023-11-13T10:00:00.000000+0000,Oracle APEX Application Development,2023-11-01,2023-11-30,Oracle,ocid1.organizationssubscription.oc1.us-sanjose-1.amaaaaaa33abj3qa7lv6zso4gq45je75qdvql5fmgrmzlic6nbtm33hlbt5q,,USD,0.024528554999901885,us-sanjose-1,DATABASE,ocid1.tenancy.oc1..aaaaaaaadsyhydp66mjpsohqocfcgzaabtrit47ex2igzu2j6lhuadrrglca,sj-1,ocid1.autonomousdatabase.oc1.us-sanjose-1.anzwuljr33abj3qa3ustmv6jdlw6elfui5qg3jd7ugfx6oq7x5qa5emjmpta,Hours,B92911,0.166666666666,Hours
2023-11-13T10:00:00.000000+0000,2023-11-13T11:00:00.000000+0000,Oracle Autonomous Transaction Processing - Exadata Storage,2023-11-01,2023-11-30,Oracle,ocid1.organizationssubscription.oc1.us-sanjose-1.amaaaaaa33abj3qa7lv6zso4gq45je75qdvql5fmgrmzlic6nbtm33hlbt5q,,USD,0.002859170002849772,us-sanjose-1,DATABASE,ocid1.tenancy.oc1..aaaaaaaadsyhydp66mjpsohqocfcgzaabtrit47ex2igzu2j6lhuadrrglca,sj-1,ocid1.autonomousdatabase.oc1.us-sanjose-1.anzwuljr33abj3qa3ustmv6jdlw6elfui5qg3jd7ugfx6oq7x5qa5emjmpta,TB,B90455,0.000112007168,TB
2023-11-13T09:00:00.000000+0000,2023-11-13T10:00:00.000000+0000,Container Image Storage,2023-11-01,2023-11-30,Oracle,ocid1.organizationssubscription.oc1.us-sanjose-1.amaaaaaa33abj3qa7lv6zso4gq45je75qdvql5fmgrmzlic6nbtm33hlbt5q,,USD,4.81298076439e-7,us-sanjose-1,COMPUTE,ocid1.tenancy.oc1..aaaaaaaadsyhydp66mjpsohqocfcgzaabtrit47ex2igzu2j6lhuadrrglca,,ocid1.containerrepo.oc1.us-sanjose-1.0.axi5rjbot4mp.aaaaaaaaslfwxxoeeoxnrk7vfyqv77jupswli7ko4e3tvuegtqrwoqtkgb5a,GB Months,B91628,0.000048543887,GB Months
2023-11-13T07:00:00.000000+0000,2023-11-13T08:00:00.000000+0000,Oracle Autonomous Transaction Processing - Exadata Storage,2023-11-01,2023-11-30,Oracle,ocid1.organizationssubscription.oc1.us-sanjose-1.amaaaaaa33abj3qa7lv6zso4gq45je75qdvql5fmgrmzlic6nbtm33hlbt5q,,USD,0.008577510034075983,us-sanjose-1,DATABASE,ocid1.tenancy.oc1..aaaaaaaadsyhydp66mjpsohqocfcgzaabtrit47ex2igzu2j6lhuadrrglca,sj-1,ocid1.autonomousdatabase.oc1.us-sanjose-1.anzwuljr33abj3qa3ustmv6jdlw6elfui5qg3jd7ugfx6oq7x5qa5emjmpta,TB,B90455,0.000336021505,TB
2023-11-13T09:00:00.000000+0000,2023-11-13T10:00:00.000000+0000,Oracle Autonomous Transaction Processing - Exadata Storage,2023-11-01,2023-11-30,Oracle,ocid1.organizationssubscription.oc1.us-sanjose-1.amaaaaaa33abj3qa7lv6zso4gq45je75qdvql5fmgrmzlic6nbtm33hlbt5q,,USD,0.008577510034075983,us-sanjose-1,DATABASE,ocid1.tenancy.oc1..aaaaaaaadsyhydp66mjpsohqocfcgzaabtrit47ex2igzu2j6lhuadrrglca,sj-1,ocid1.autonomousdatabase.oc1.us-sanjose-1.anzwuljr33abj3qa3ustmv6jdlw6elfui5qg3jd7ugfx6oq7x5qa5emjmpta,TB,B90455,0.000336021505,TB
2023-11-13T07:00:00.000000+0000,2023-11-13T08:00:00.000000+0000,Oracle Autonomous Transaction Processing - Exadata Storage,2023-11-01,2023-11-30,Oracle,ocid1.organizationssubscription.oc1.us-sanjose-1.amaaaaaa33abj3qa7lv6zso4gq45je75qdvql5fmgrmzlic6nbtm33hlbt5q,,USD,0.005718340005699543,us-sanjose-1,DATABASE,ocid1.tenancy.oc1..aaaaaaaadsyhydp66mjpsohqocfcgzaabtrit47ex2igzu2j6lhuadrrglca,sj-1,ocid1.autonomousdatabase.oc1.us-sanjose-1.anzwuljr33abj3qa3ustmv6jdlw6elfui5qg3jd7ugfx6oq7x5qa5emjmpta,TB,B90455,0.000224014336,TB
2023-11-13T11:00:00.000000+0000,2023-11-13T12:00:00.000000+0000,Standard - E4,2023-11-01,2023-11-30,Oracle,ocid1.organizationssubscription.oc1.us-sanjose-1.amaaaaaa33abj3qa7lv6zso4gq45je75qdvql5fmgrmzlic6nbtm33hlbt5q,,USD,0.0018230675,us-sanjose-1,COMPUTE,ocid1.tenancy.oc1..aaaaaaaadsyhydp66mjpsohqocfcgzaabtrit47ex2igzu2j6lhuadrrglca,sj-1,ocid1.instance.oc1.us-sanjose-1.anzwuljr33abj3qcn6ugox3wetdefjnrjositn7hexayzgxipdxejwitp7aq,OCPU Hours,B93113,0.25,OCPU Hours
2023-11-13T10:00:00.000000+0000,2023-11-13T11:00:00.000000+0000,Streaming - Storage,2023-11-01,2023-11-30,Oracle,ocid1.organizationssubscription.oc1.us-sanjose-1.amaaaaaa33abj3qa7lv6zso4gq45je75qdvql5fmgrmzlic6nbtm33hlbt5q,,USD,1.4164e-6,us-sanjose-1,ORACLE_STREAMING_SERVICE,ocid1.tenancy.oc1..aaaaaaaadsyhydp66mjpsohqocfcgzaabtrit47ex2igzu2j6lhuadrrglca,,ocid1.stream.oc1.us-sanjose-1.amaaaaaa33abj3qaih4sw37guxveujynj7kd57drzhbjre6cclcaf3bt4ofa,Gigabytes Per Hour,B90939,0.01,Gigabytes Per Hour
2023-11-13T07:00:00.000000+0000,2023-11-13T08:00:00.000000+0000,Monitoring Service - Retrieval,2023-11-01,2023-11-30,Oracle,ocid1.organizationssubscription.oc1.us-sanjose-1.amaaaaaa33abj3qa7lv6zso4gq45je75qdvql5fmgrmzlic6nbtm33hlbt5q,,USD,4.64752e-7,us-sanjose-1,TELEMETRY,ocid1.tenancy.oc1..aaaaaaaadsyhydp66mjpsohqocfcgzaabtrit47ex2igzu2j6lhuadrrglca,,oci_vcn,Million Datapoints,B90926,0.0004,Million Datapoints
2023-11-13T06:00:00.000000+0000,2023-11-13T07:00:00.000000+0000,Container Image Storage,2023-11-01,2023-11-30,Oracle,ocid1.organizationssubscription.oc1.us-sanjose-1.amaaaaaa33abj3qa7lv6zso4gq45je75qdvql5fmgrmzlic6nbtm33hlbt5q,,USD,4.81298076439e-7,us-sanjose-1,COMPUTE,ocid1.tenancy.oc1..aaaaaaaadsyhydp66mjpsohqocfcgzaabtrit47ex2igzu2j6lhuadrrglca,,ocid1.containerrepo.oc1.us-sanjose-1.0.axi5rjbot4mp.aaaaaaaaslfwxxoeeoxnrk7vfyqv77jupswli7ko4e3tvuegtqrwoqtkgb5a,GB Months,B91628,0.000048543887,GB Months
2023-11-13T05:00:00.000000+0000,2023-11-13T06:00:00.000000+0000,Oracle Autonomous Transaction Processing - Exadata Storage,2023-11-01,2023-11-30,Oracle,ocid1.organizationssubscription.oc1.us-sanjose-1.amaaaaaa33abj3qa7lv6zso4gq45je75qdvql5fmgrmzlic6nbtm33hlbt5q,,USD,0.005718340005699543,us-sanjose-1,DATABASE,ocid1.tenancy.oc1..aaaaaaaadsyhydp66mjpsohqocfcgzaabtrit47ex2igzu2j6lhuadrrglca,sj-1,ocid1.autonomousdatabase.oc1.us-sanjose-1.anzwuljr33abj3qa3ustmv6jdlw6elfui5qg3jd7ugfx6oq7x5qa5emjmpta,TB,B90455,0.000224014336,TB
2023-11-13T10:00:00.000000+0000,2023-11-13T11:00:00.000000+0000,Outbound Data Transfer Zone 1,2023-11-01,2023-11-30,Oracle,ocid1.organizationssubscription.oc1.us-sanjose-1.amaaaaaa33abj3qa7lv6zso4gq45je75qdvql5fmgrmzlic6nbtm33hlbt5q,,USD,6.3863439109e-8,us-sanjose-1,NETWORK,ocid1.tenancy.oc1..aaaaaaaadsyhydp66mjpsohqocfcgzaabtrit47ex2igzu2j6lhuadrrglca,sj-1,ocid1.vnic.oc1.us-sanjose-1.abzwuljrnocy3fyperpqihyokz3nuvhcseslimhfr5rvl5wga4y4uq5oezea,GB Months,B88327,0.000010454095,GB Months
2023-11-13T09:00:00.000000+0000,2023-11-13T10:00:00.000000+0000,Oracle Autonomous Transaction Processing - Exadata Storage,2023-11-01,2023-11-30,Oracle,ocid1.organizationssubscription.oc1.us-sanjose-1.amaaaaaa33abj3qa7lv6zso4gq45je75qdvql5fmgrmzlic6nbtm33hlbt5q,,USD,0.005718340005699543,us-sanjose-1,DATABASE,ocid1.tenancy.oc1..aaaaaaaadsyhydp66mjpsohqocfcgzaabtrit47ex2igzu2j6lhuadrrglca,sj-1,ocid1.autonomousdatabase.oc1.us-sanjose-1.anzwuljr33abj3qa3ustmv6jdlw6elfui5qg3jd7ugfx6oq7x5qa5emjmpta,TB,B90455,0.000224014336,TB
2023-11-13T09:00:00.000000+0000,2023-11-13T10:00:00.000000+0000,Monitoring Service - Retrieval,2023-11-01,2023-11-30,Oracle,ocid1.organizationssubscription.oc1.us-sanjose-1.amaaaaaa33abj3qa7lv6zso4gq45je75qdvql5fmgrmzlic6nbtm33hlbt5q,,USD,2.32376e-9,us-sanjose-1,TELEMETRY,ocid1.tenancy.oc1..aaaaaaaadsyhydp66mjpsohqocfcgzaabtrit47ex2igzu2j6lhuadrrglca,,oci_compute_infrastructure_health,Million Datapoints,B90926,2e-6,Million Datapoints
2023-11-13T07:00:00.000000+0000,2023-11-13T08:00:00.000000+0000,Standard - E4 - Memory,2023-11-01,2023-11-30,Oracle,ocid1.organizationssubscription.oc1.us-sanjose-1.amaaaaaa33abj3qa7lv6zso4gq45je75qdvql5fmgrmzlic6nbtm33hlbt5q,,USD,0.00136084,us-sanjose-1,COMPUTE,ocid1.tenancy.oc1..aaaaaaaadsyhydp66mjpsohqocfcgzaabtrit47ex2igzu2j6lhuadrrglca,sj-1,ocid1.instance.oc1.us-sanjose-1.anzwuljr33abj3qcn6ugox3wetdefjnrjositn7hexayzgxipdxejwitp7aq,GB Hours,B93114,4.0,GB Hours
2023-11-13T08:00:00.000000+0000,2023-11-13T09:00:00.000000+0000,Monitoring Service - Retrieval,2023-11-01,2023-11-30,Oracle,ocid1.organizationssubscription.oc1.us-sanjose-1.amaaaaaa33abj3qa7lv6zso4gq45je75qdvql5fmgrmzlic6nbtm33hlbt5q,,USD,4.64752e-8,us-sanjose-1,TELEMETRY,ocid1.tenancy.oc1..aaaaaaaadsyhydp66mjpsohqocfcgzaabtrit47ex2igzu2j6lhuadrrglca,,oci_blockstore,Million Datapoints,B90926,0.00004,Million Datapoints
2023-11-13T08:00:00.000000+0000,2023-11-13T09:00:00.000000+0000,MySQL Database Service - Storage,2023-11-01,2023-11-30,Oracle,ocid1.organizationssubscription.oc1.us-sanjose-1.amaaaaaa33abj3qa7lv6zso4gq45je75qdvql5fmgrmzlic6nbtm33hlbt5q,,USD,0.000710731182784594,us-sanjose-1,MYSQL,ocid1.tenancy.oc1..aaaaaaaadsyhydp66mjpsohqocfcgzaabtrit47ex2igzu2j6lhuadrrglca,sj-1,ocid1.mysqlinstance.oc1.us-sanjose-1.abzwuljrijxaukifprz6it6gvgse4lqermwyw6hsi6p2bei5ivfk3qth6x5q,GB Months,B92426,0.028673835125,GB Months
2023-11-13T07:00:00.000000+0000,2023-11-13T08:00:00.000000+0000,Oracle APEX Application Development,2023-11-01,2023-11-30,Oracle,ocid1.organizationssubscription.oc1.us-sanjose-1.amaaaaaa33abj3qa7lv6zso4gq45je75qdvql5fmgrmzlic6nbtm33hlbt5q,,USD,0.024528554999901885,us-sanjose-1,DATABASE,ocid1.tenancy.oc1..aaaaaaaadsyhydp66mjpsohqocfcgzaabtrit47ex2igzu2j6lhuadrrglca,sj-1,ocid1.autonomousdatabase.oc1.us-sanjose-1.anzwuljr33abj3qa3ustmv6jdlw6elfui5qg3jd7ugfx6oq7x5qa5emjmpta,Hours,B92911,0.166666666666,Hours
2023-11-13T07:00:00.000000+0000,2023-11-13T08:00:00.000000+0000,Block Volume - Storage,2023-11-01,2023-11-30,Oracle,ocid1.organizationssubscription.oc1.us-sanjose-1.amaaaaaa33abj3qa7lv6zso4gq45je75qdvql5fmgrmzlic6nbtm33hlbt5q,,USD,0.001351707606962962,us-sanjose-1,BLOCK_STORAGE,ocid1.tenancy.oc1..aaaaaaaadsyhydp66mjpsohqocfcgzaabtrit47ex2igzu2j6lhuadrrglca,sj-1,ocid1.bootvolume.oc1.us-sanjose-1.abzwuljrb4wzk5tikdkt6ugea3ntrr3lohyscahdouj3spcnizk7rmjt7feq,GB Months,B91961,0.06260229988,GB Months
2023-11-13T08:00:00.000000+0000,2023-11-13T09:00:00.000000+0000,Oracle APEX Application Development,2023-11-01,2023-11-30,Oracle,ocid1.organizationssubscription.oc1.us-sanjose-1.amaaaaaa33abj3qa7lv6zso4gq45je75qdvql5fmgrmzlic6nbtm33hlbt5q,,USD,0.024528554999901885,us-sanjose-1,DATABASE,ocid1.tenancy.oc1..aaaaaaaadsyhydp66mjpsohqocfcgzaabtrit47ex2igzu2j6lhuadrrglca,sj-1,ocid1.autonomousdatabase.oc1.us-sanjose-1.anzwuljr33abj3qa3ustmv6jdlw6elfui5qg3jd7ugfx6oq7x5qa5emjmpta,Hours,B92911,0.166666666666,Hours
2023-11-13T05:00:00.000000+0000,2023-11-13T06:00:00.000000+0000,Monitoring Service - Retrieval,2023-11-01,2023-11-30,Oracle,ocid1.organizationssubscription.oc1.us-sanjose-1.amaaaaaa33abj3qa7lv6zso4gq45je75qdvql5fmgrmzlic6nbtm33hlbt5q,,USD,4.3919064e-7,us-sanjose-1,TELEMETRY,ocid1.tenancy.oc1..aaaaaaaadsyhydp66mjpsohqocfcgzaabtrit47ex2igzu2j6lhuadrrglca,,oci_autonomous_database,Million Datapoints,B90926,0.000378,Million Datapoints
2023-11-13T06:00:00.000000+0000,2023-11-13T07:00:00.000000+0000,Standard - E4 - Memory,2023-11-01,2023-11-30,Oracle,ocid1.organizationssubscription.oc1.us-sanjose-1.amaaaaaa33abj3qa7lv6zso4gq45je75qdvql5fmgrmzlic6nbtm33hlbt5q,,USD,0.00136084,us-sanjose-1,COMPUTE,ocid1.tenancy.oc1..aaaaaaaadsyhydp66mjpsohqocfcgzaabtrit47ex2igzu2j6lhuadrrglca,sj-1,ocid1.instance.oc1.us-sanjose-1.anzwuljr33abj3qcn6ugox3wetdefjnrjositn7hexayzgxipdxejwitp7aq,GB Hours,B93114,4.0,GB Hours
2023-11-13T09:00:00.000000+0000,2023-11-13T10:00:00.000000+0000,Block Volume - Performance Units,2023-11-01,2023-11-30,Oracle,ocid1.organizationssubscription.oc1.us-sanjose-1.amaaaaaa33abj3qa7lv6zso4gq45je75qdvql5fmgrmzlic6nbtm33hlbt5q,,USD,0.000263787625649341,us-sanjose-1,BLOCK_STORAGE,ocid1.tenancy.oc1..aaaaaaaadsyhydp66mjpsohqocfcgzaabtrit47ex2igzu2j6lhuadrrglca,sj-1,ocid1.bootvolume.oc1.us-sanjose-1.abzwuljrb4wzk5tikdkt6ugea3ntrr3lohyscahdouj3spcnizk7rmjt7feq,GB Months,B91962,0.626023745519,GB Months
2023-11-13T10:00:00.000000+0000,2023-11-13T11:00:00.000000+0000,Monitoring Service - Retrieval,2023-11-01,2023-11-30,Oracle,ocid1.organizationssubscription.oc1.us-sanjose-1.amaaaaaa33abj3qa7lv6zso4gq45je75qdvql5fmgrmzlic6nbtm33hlbt5q,,USD,4.64752e-9,us-sanjose-1,TELEMETRY,ocid1.tenancy.oc1..aaaaaaaadsyhydp66mjpsohqocfcgzaabtrit47ex2igzu2j6lhuadrrglca,,oci_compute,Million Datapoints,B90926,4e-6,Million Datapoints
2023-11-13T06:00:00.000000+0000,2023-11-13T07:00:00.000000+0000,Monitoring Service - Retrieval,2023-11-01,2023-11-30,Oracle,ocid1.organizationssubscription.oc1.us-sanjose-1.amaaaaaa33abj3qa7lv6zso4gq45je75qdvql5fmgrmzlic6nbtm33hlbt5q,,USD,4.64752e-7,us-sanjose-1,TELEMETRY,ocid1.tenancy.oc1..aaaaaaaadsyhydp66mjpsohqocfcgzaabtrit47ex2igzu2j6lhuadrrglca,,oci_vcn,Million Datapoints,B90926,0.0004,Million Datapoints
2023-11-13T07:00:00.000000+0000,2023-11-13T08:00:00.000000+0000,Monitoring Service - Retrieval,2023-11-01,2023-11-30,Oracle,ocid1.organizationssubscription.oc1.us-sanjose-1.amaaaaaa33abj3qa7lv6zso4gq45je75qdvql5fmgrmzlic6nbtm33hlbt5q,,USD,2.32376e-7,us-sanjose-1,TELEMETRY,ocid1.tenancy.oc1..aaaaaaaadsyhydp66mjpsohqocfcgzaabtrit47ex2igzu2j6lhuadrrglca,,oci_vcn,Million Datapoints,B90926,0.0002,Million Datapoints
2023-11-13T09:00:00.000000+0000,2023-11-13T10:00:00.000000+0000,Monitoring Service - Retrieval,2023-11-01,2023-11-30,Oracle,ocid1.organizationssubscription.oc1.us-sanjose-1.amaaaaaa33abj3qa7lv6zso4gq45je75qdvql5fmgrmzlic6nbtm33hlbt5q,,USD,1.394256e-8,us-sanjose-1,TELEMETRY,ocid1.tenancy.oc1..aaaaaaaadsyhydp66mjpsohqocfcgzaabtrit47ex2igzu2j6lhuadrrglca,,oci_compute,Million Datapoints,B90926,0.000012,Million Datapoints
2023-11-13T06:00:00.000000+0000,2023-11-13T07:00:00.000000+0000,Standard - E4 - Memory,2023-11-01,2023-11-30,Oracle,ocid1.organizationssubscription.oc1.us-sanjose-1.amaaaaaa33abj3qa7lv6zso4gq45je75qdvql5fmgrmzlic6nbtm33hlbt5q,,USD,0.00136084,us-sanjose-1,COMPUTE,ocid1.tenancy.oc1..aaaaaaaadsyhydp66mjpsohqocfcgzaabtrit47ex2igzu2j6lhuadrrglca,sj-1,ocid1.instance.oc1.us-sanjose-1.anzwuljr33abj3qcn6ugox3wetdefjnrjositn7hexayzgxipdxejwitp7aq,GB Hours,B93114,4.0,GB Hours
2023-11-13T07:00:00.000000+0000,2023-11-13T08:00:00.000000+0000,Monitoring Service - Retrieval,2023-11-01,2023-11-30,Oracle,ocid1.organizationssubscription.oc1.us-sanjose-1.amaaaaaa33abj3qa7lv6zso4gq45je75qdvql5fmgrmzlic6nbtm33hlbt5q,,USD,9.29504e-9,us-sanjose-1,TELEMETRY,ocid1.tenancy.oc1..aaaaaaaadsyhydp66mjpsohqocfcgzaabtrit47ex2igzu2j6lhuadrrglca,,oci_blockstore,Million Datapoints,B90926,8e-6,Million Datapoints
2023-11-13T10:00:00.000000+0000,2023-11-13T11:00:00.000000+0000,MySQL Database for HeatWave - Standard - Node per hour,2023-11-01,2023-11-30,Oracle,ocid1.organizationssubscription.oc1.us-sanjose-1.amaaaaaa33abj3qa7lv6zso4gq45je75qdvql5fmgrmzlic6nbtm33hlbt5q,,USD,0.036519144999853925,us-sanjose-1,MYSQL,ocid1.tenancy.oc1..aaaaaaaadsyhydp66mjpsohqocfcgzaabtrit47ex2igzu2j6lhuadrrglca,sj-1,ocid1.mysqlinstance.oc1.us-sanjose-1.abzwuljrijxaukifprz6it6gvgse4lqermwyw6hsi6p2bei5ivfk3qth6x5q,Instance per hour,B92024,0.166666666666,Instance per hour
2023-11-13T11:00:00.000000+0000,2023-11-13T12:00:00.000000+0000,Oracle APEX Application Development,2023-11-01,2023-11-30,Oracle,ocid1.organizationssubscription.oc1.us-sanjose-1.amaaaaaa33abj3qa7lv6zso4gq45je75qdvql5fmgrmzlic6nbtm33hlbt5q,,USD,0.024528554999901885,us-sanjose-1,DATABASE,ocid1.tenancy.oc1..aaaaaaaadsyhydp66mjpsohqocfcgzaabtrit47ex2igzu2j6lhuadrrglca,sj-1,ocid1.autonomousdatabase.oc1.us-sanjose-1.anzwuljr33abj3qa3ustmv6jdlw6elfui5qg3jd7ugfx6oq7x5qa5emjmpta,Hours,B92911,0.166666666666,Hours
2023-11-13T08:00:00.000000+0000,2023-11-13T09:00:00.000000+0000,Monitoring Service - Retrieval,2023-11-01,2023-11-30,Oracle,ocid1.organizationssubscription.oc1.us-sanjose-1.amaaaaaa33abj3qa7lv6zso4gq45je75qdvql5fmgrmzlic6nbtm33hlbt5q,,USD,4.64752e-7,us-sanjose-1,TELEMETRY,ocid1.tenancy.oc1..aaaaaaaadsyhydp66mjpsohqocfcgzaabtrit47ex2igzu2j6lhuadrrglca,,oci_vcn,Million Datapoints,B90926,0.0004,Million Datapoints
2023-11-13T10:00:00.000000+0000,2023-11-13T11:00:00.000000+0000,Oracle APEX Application Development,2023-11-01,2023-11-30,Oracle,ocid1.organizationssubscription.oc1.us-sanjose-1.amaaaaaa33abj3qa7lv6zso4gq45je75qdvql5fmgrmzlic6nbtm33hlbt5q,,USD,0.012264277499950942,us-sanjose-1,DATABASE,ocid1.tenancy.oc1..aaaaaaaadsyhydp66mjpsohqocfcgzaabtrit47ex2igzu2j6lhuadrrglca,sj-1,ocid1.autonomousdatabase.oc1.us-sanjose-1.anzwuljr33abj3qa3ustmv6jdlw6elfui5qg3jd7ugfx6oq7x5qa5emjmpta,Hours,B92911,0.083333333333,Hours
2023-11-13T07:00:00.000000+0000,2023-11-13T08:00:00.000000+0000,Oracle Autonomous Transaction Processing - Exadata Storage,2023-11-01,2023-11-30,Oracle,ocid1.organizationssubscription.oc1.us-sanjose-1.amaaaaaa33abj3qa7lv6zso4gq45je75qdvql5fmgrmzlic6nbtm33hlbt5q,,USD,0.005718340005699543,us-sanjose-1,DATABASE,ocid1.tenancy.oc1..aaaaaaaadsyhydp66mjpsohqocfcgzaabtrit47ex2igzu2j6lhuadrrglca,sj-1,ocid1.autonomousdatabase.oc1.us-sanjose-1.anzwuljr33abj3qa3ustmv6jdlw6elfui5qg3jd7ugfx6oq7x5qa5emjmpta,TB,B90455,0.000224014336,TB
2023-11-13T08:00:00.000000+0000,2023-11-13T09:00:00.000000+0000,Monitoring Service - Retrieval,2023-11-01,2023-11-30,Oracle,ocid1.organizationssubscription.oc1.us-sanjose-1.amaaaaaa33abj3qa7lv6zso4gq45je75qdvql5fmgrmzlic6nbtm33hlbt5q,,USD,4.64752e-9,us-sanjose-1,TELEMETRY,ocid1.tenancy.oc1..aaaaaaaadsyhydp66mjpsohqocfcgzaabtrit47ex2igzu2j6lhuadrrglca,,oci_compute_infrastructure_health,Million Datapoints,B90926,4e-6,Million Datapoints
2023-11-13T06:00:00.000000+0000,2023-11-13T07:00:00.000000+0000,Monitoring Service - Retrieval,2023-11-01,2023-11-30,Oracle,ocid1.organizationssubscription.oc1.us-sanjose-1.amaaaaaa33abj3qa7lv6zso4gq45je75qdvql5fmgrmzlic6nbtm33hlbt5q,,USD,4.6010448e-7,us-sanjose-1,TELEMETRY,ocid1.tenancy.oc1..aaaaaaaadsyhydp66mjpsohqocfcgzaabtrit47ex2igzu2j6lhuadrrglca,,oci_autonomous_database,Million Datapoints,B90926,0.000396,Million Datapoints
2023-11-13T06:00:00.000000+0000,2023-11-13T07:00:00.000000+0000,Monitoring Service - Retrieval,2023-11-01,2023-11-30,Oracle,ocid1.organizationssubscription.oc1.us-sanjose-1.amaaaaaa33abj3qa7lv6zso4gq45je75qdvql5fmgrmzlic6nbtm33hlbt5q,,USD,4.64752e-9,us-sanjose-1,TELEMETRY,ocid1.tenancy.oc1..aaaaaaaadsyhydp66mjpsohqocfcgzaabtrit47ex2igzu2j6lhuadrrglca,,oci_compute_infrastructure_health,Million Datapoints,B90926,4e-6,Million Datapoints
2023-11-13T07:00:00.000000+0000,2023-11-13T08:00:00.000000+0000,Monitoring Service - Retrieval,2023-11-01,2023-11-30,Oracle,ocid1.organizationssubscription.oc1.us-sanjose-1.amaaaaaa33abj3qa7lv6zso4gq45je75qdvql5fmgrmzlic6nbtm33hlbt5q,,USD,4.64752e-9,us-sanjose-1,TELEMETRY,ocid1.tenancy.oc1..aaaaaaaadsyhydp66mjpsohqocfcgzaabtrit47ex2igzu2j6lhuadrrglca,,oci_compute_infrastructure_health,Million Datapoints,B90926,4e-6,Million Datapoints
2023-11-13T08:00:00.000000+0000,2023-11-13T09:00:00.000000+0000,Monitoring Service - Retrieval,2023-11-01,2023-11-30,Oracle,ocid1.organizationssubscription.oc1.us-sanjose-1.amaaaaaa33abj3qa7lv6zso4gq45je75qdvql5fmgrmzlic6nbtm33hlbt5q,,USD,2.32376e-9,us-sanjose-1,TELEMETRY,ocid1.tenancy.oc1..aaaaaaaadsyhydp66mjpsohqocfcgzaabtrit47ex2igzu2j6lhuadrrglca,,oci_compute_infrastructure_health,Million Datapoints,B90926,2e-6,Million Datapoints
2023-11-13T10:00:00.000000+0000,2023-11-13T11:00:00.000000+0000,Standard - E4,2023-11-01,2023-11-30,Oracle,ocid1.organizationssubscription.oc1.us-sanjose-1.amaaaaaa33abj3qa7lv6zso4gq45je75qdvql5fmgrmzlic6nbtm33hlbt5q,,USD,0.0018230675,us-sanjose-1,COMPUTE,ocid1.tenancy.oc1..aaaaaaaadsyhydp66mjpsohqocfcgzaabtrit47ex2igzu2j6lhuadrrglca,sj-1,ocid1.instance.oc1.us-sanjose-1.anzwuljr33abj3qcn6ugox3wetdefjnrjositn7hexayzgxipdxejwitp7aq,OCPU Hours,B93113,0.25,OCPU Hours
2023-11-13T09:00:00.000000+0000,2023-11-13T10:00:00.000000+0000,Container Image Storage,2023-11-01,2023-11-30,Oracle,ocid1.organizationssubscription.oc1.us-sanjose-1.amaaaaaa33abj3qa7lv6zso4gq45je75qdvql5fmgrmzlic6nbtm33hlbt5q,,USD,4.81298076439e-7,us-sanjose-1,COMPUTE,ocid1.tenancy.oc1..aaaaaaaadsyhydp66mjpsohqocfcgzaabtrit47ex2igzu2j6lhuadrrglca,,ocid1.containerrepo.oc1.us-sanjose-1.0.axi5rjbot4mp.aaaaaaaaslfwxxoeeoxnrk7vfyqv77jupswli7ko4e3tvuegtqrwoqtkgb5a,GB Months,B91628,0.000048543887,GB Months
2023-11-13T07:00:00.000000+0000,2023-11-13T08:00:00.000000+0000,Monitoring Service - Retrieval,2023-11-01,2023-11-30,Oracle,ocid1.organizationssubscription.oc1.us-sanjose-1.amaaaaaa33abj3qa7lv6zso4gq45je75qdvql5fmgrmzlic6nbtm33hlbt5q,,USD,2.5909924e-7,us-sanjose-1,TELEMETRY,ocid1.tenancy.oc1..aaaaaaaadsyhydp66mjpsohqocfcgzaabtrit47ex2igzu2j6lhuadrrglca,,oci_autonomous_database,Million Datapoints,B90926,0.000223,Million Datapoints
2023-11-13T06:00:00.000000+0000,2023-11-13T07:00:00.000000+0000,Monitoring Service - Retrieval,2023-11-01,2023-11-30,Oracle,ocid1.organizationssubscription.oc1.us-sanjose-1.amaaaaaa33abj3qa7lv6zso4gq45je75qdvql5fmgrmzlic6nbtm33hlbt5q,,USD,2.32376e-9,us-sanjose-1,TELEMETRY,ocid1.tenancy.oc1..aaaaaaaadsyhydp66mjpsohqocfcgzaabtrit47ex2igzu2j6lhuadrrglca,,oci_compute_infrastructure_health,Million Datapoints,B90926,2e-6,Million Datapoints
2023-11-13T07:00:00.000000+0000,2023-11-13T08:00:00.000000+0000,MySQL Database Service - Storage,2023-11-01,2023-11-30,Oracle,ocid1.organizationssubscription.oc1.us-sanjose-1.amaaaaaa33abj3qa7lv6zso4gq45je75qdvql5fmgrmzlic6nbtm33hlbt5q,,USD,0.001066096774189284,us-sanjose-1,MYSQL,ocid1.tenancy.oc1..aaaaaaaadsyhydp66mjpsohqocfcgzaabtrit47ex2igzu2j6lhuadrrglca,sj-1,ocid1.mysqlinstance.oc1.us-sanjose-1.abzwuljrijxaukifprz6it6gvgse4lqermwyw6hsi6p2bei5ivfk3qth6x5q,GB Months,B92426,0.043010752688,GB Months
2023-11-13T06:00:00.000000+0000,2023-11-13T07:00:00.000000+0000,Monitoring Service - Retrieval,2023-11-01,2023-11-30,Oracle,ocid1.organizationssubscription.oc1.us-sanjose-1.amaaaaaa33abj3qa7lv6zso4gq45je75qdvql5fmgrmzlic6nbtm33hlbt5q,,USD,4.182768e-8,us-sanjose-1,TELEMETRY,ocid1.tenancy.oc1..aaaaaaaadsyhydp66mjpsohqocfcgzaabtrit47ex2igzu2j6lhuadrrglca,,oci_compute,Million Datapoints,B90926,0.000036,Million Datapoints
2023-11-13T09:00:00.000000+0000,2023-11-13T10:00:00.000000+0000,Monitoring Service - Retrieval,2023-11-01,2023-11-30,Oracle,ocid1.organizationssubscription.oc1.us-sanjose-1.amaaaaaa33abj3qa7lv6zso4gq45je75qdvql5fmgrmzlic6nbtm33hlbt5q,,USD,6.97128e-9,us-sanjose-1,TELEMETRY,ocid1.tenancy.oc1..aaaaaaaadsyhydp66mjpsohqocfcgzaabtrit47ex2igzu2j6lhuadrrglca,,oci_compute_infrastructure_health,Million Datapoints,B90926,6e-6,Million Datapoints
2023-11-13T11:00:00.000000+0000,2023-11-13T12:00:00.000000+0000,Oracle Autonomous Transaction Processing - Exadata Storage,2023-11-01,2023-11-30,Oracle,ocid1.organizationssubscription.oc1.us-sanjose-1.amaaaaaa33abj3qa7lv6zso4gq45je75qdvql5fmgrmzlic6nbtm33hlbt5q,,USD,0.005718340005699543,us-sanjose-1,DATABASE,ocid1.tenancy.oc1..aaaaaaaadsyhydp66mjpsohqocfcgzaabtrit47ex2igzu2j6lhuadrrglca,sj-1,ocid1.autonomousdatabase.oc1.us-sanjose-1.anzwuljr33abj3qa3ustmv6jdlw6elfui5qg3jd7ugfx6oq7x5qa5emjmpta,TB,B90455,0.000224014336,TB
2023-11-13T10:00:00.000000+0000,2023-11-13T11:00:00.000000+0000,Oracle Autonomous Transaction Processing - Exadata Storage,2023-11-01,2023-11-30,Oracle,ocid1.organizationssubscription.oc1.us-sanjose-1.amaaaaaa33abj3qa7lv6zso4gq45je75qdvql5fmgrmzlic6nbtm33hlbt5q,,USD,0.005718340005699543,us-sanjose-1,DATABASE,ocid1.tenancy.oc1..aaaaaaaadsyhydp66mjpsohqocfcgzaabtrit47ex2igzu2j6lhuadrrglca,sj-1,ocid1.autonomousdatabase.oc1.us-sanjose-1.anzwuljr33abj3qa3ustmv6jdlw6elfui5qg3jd7ugfx6oq7x5qa5emjmpta,TB,B90455,0.000224014336,TB
2023-11-13T07:00:00.000000+0000,2023-11-13T08:00:00.000000+0000,Standard - E4 - Memory,2023-11-01,2023-11-30,Oracle,ocid1.organizationssubscription.oc1.us-sanjose-1.amaaaaaa33abj3qa7lv6zso4gq45je75qdvql5fmgrmzlic6nbtm33hlbt5q,,USD,0.00136084,us-sanjose-1,COMPUTE,ocid1.tenancy.oc1..aaaaaaaadsyhydp66mjpsohqocfcgzaabtrit47ex2igzu2j6lhuadrrglca,sj-1,ocid1.instance.oc1.us-sanjose-1.anzwuljr33abj3qcn6ugox3wetdefjnrjositn7hexayzgxipdxejwitp7aq,GB Hours,B93114,4.0,GB Hours
2023-11-13T07:00:00.000000+0000,2023-11-13T08:00:00.000000+0000,Outbound Data Transfer Zone 1,2023-11-01,2023-11-30,Oracle,ocid1.organizationssubscription.oc1.us-sanjose-1.amaaaaaa33abj3qa7lv6zso4gq45je75qdvql5fmgrmzlic6nbtm33hlbt5q,,USD,8.8401798757e-8,us-sanjose-1,NETWORK,ocid1.tenancy.oc1..aaaaaaaadsyhydp66mjpsohqocfcgzaabtrit47ex2igzu2j6lhuadrrglca,,ocid1.vnic.oc1.us-sanjose-1.abzwuljrnocy3fyperpqihyokz3nuvhcseslimhfr5rvl5wga4y4uq5oezea,GB Months,B88327,0.00001447089,GB Months
2023-11-13T09:00:00.000000+0000,2023-11-13T10:00:00.000000+0000,Monitoring Service - Retrieval,2023-11-01,2023-11-30,Oracle,ocid1.organizationssubscription.oc1.us-sanjose-1.amaaaaaa33abj3qa7lv6zso4gq45je75qdvql5fmgrmzlic6nbtm33hlbt5q,,USD,3.137076e-8,us-sanjose-1,TELEMETRY,ocid1.tenancy.oc1..aaaaaaaadsyhydp66mjpsohqocfcgzaabtrit47ex2igzu2j6lhuadrrglca,,oci_blockstore,Million Datapoints,B90926,0.000027,Million Datapoints
2023-11-13T07:00:00.000000+0000,2023-11-13T08:00:00.000000+0000,Block Volume - Performance Units,2023-11-01,2023-11-30,Oracle,ocid1.organizationssubscription.oc1.us-sanjose-1.amaaaaaa33abj3qa7lv6zso4gq45je75qdvql5fmgrmzlic6nbtm33hlbt5q,,USD,0.000263787625649341,us-sanjose-1,BLOCK_STORAGE,ocid1.tenancy.oc1..aaaaaaaadsyhydp66mjpsohqocfcgzaabtrit47ex2igzu2j6lhuadrrglca,sj-1,ocid1.bootvolume.oc1.us-sanjose-1.abzwuljrb4wzk5tikdkt6ugea3ntrr3lohyscahdouj3spcnizk7rmjt7feq,GB Months,B91962,0.626023745519,GB Months
2023-11-13T08:00:00.000000+0000,2023-11-13T09:00:00.000000+0000,Monitoring Service - Retrieval,2023-11-01,2023-11-30,Oracle,ocid1.organizationssubscription.oc1.us-sanjose-1.amaaaaaa33abj3qa7lv6zso4gq45je75qdvql5fmgrmzlic6nbtm33hlbt5q,,USD,4.3454312e-7,us-sanjose-1,TELEMETRY,ocid1.tenancy.oc1..aaaaaaaadsyhydp66mjpsohqocfcgzaabtrit47ex2igzu2j6lhuadrrglca,,oci_autonomous_database,Million Datapoints,B90926,0.000374,Million Datapoints
2023-11-13T10:00:00.000000+0000,2023-11-13T11:00:00.000000+0000,Standard - E4,2023-11-01,2023-11-30,Oracle,ocid1.organizationssubscription.oc1.us-sanjose-1.amaaaaaa33abj3qa7lv6zso4gq45je75qdvql5fmgrmzlic6nbtm33hlbt5q,,USD,0.0018230675,us-sanjose-1,COMPUTE,ocid1.tenancy.oc1..aaaaaaaadsyhydp66mjpsohqocfcgzaabtrit47ex2igzu2j6lhuadrrglca,sj-1,ocid1.instance.oc1.us-sanjose-1.anzwuljr33abj3qcn6ugox3wetdefjnrjositn7hexayzgxipdxejwitp7aq,OCPU Hours,B93113,0.25,OCPU Hours
2023-11-13T09:00:00.000000+0000,2023-11-13T10:00:00.000000+0000,Oracle APEX Application Development,2023-11-01,2023-11-30,Oracle,ocid1.organizationssubscription.oc1.us-sanjose-1.amaaaaaa33abj3qa7lv6zso4gq45je75qdvql5fmgrmzlic6nbtm33hlbt5q,,USD,0.0367928325,us-sanjose-1,DATABASE,ocid1.tenancy.oc1..aaaaaaaadsyhydp66mjpsohqocfcgzaabtrit47ex2igzu2j6lhuadrrglca,sj-1,ocid1.autonomousdatabase.oc1.us-sanjose-1.anzwuljr33abj3qa3ustmv6jdlw6elfui5qg3jd7ugfx6oq7x5qa5emjmpta,Hours,B92911,0.25,Hours
2023-11-13T07:00:00.000000+0000,2023-11-13T08:00:00.000000+0000,MySQL Database for HeatWave - Standard - Node per hour,2023-11-01,2023-11-30,Oracle,ocid1.organizationssubscription.oc1.us-sanjose-1.amaaaaaa33abj3qa7lv6zso4gq45je75qdvql5fmgrmzlic6nbtm33hlbt5q,,USD,0.018259572499926963,us-sanjose-1,MYSQL,ocid1.tenancy.oc1..aaaaaaaadsyhydp66mjpsohqocfcgzaabtrit47ex2igzu2j6lhuadrrglca,sj-1,ocid1.mysqlinstance.oc1.us-sanjose-1.abzwuljrijxaukifprz6it6gvgse4lqermwyw6hsi6p2bei5ivfk3qth6x5q,Instance per hour,B92024,0.083333333333,Instance per hour
2023-11-13T09:00:00.000000+0000,2023-11-13T10:00:00.000000+0000,Monitoring Service - Retrieval,2023-11-01,2023-11-30,Oracle,ocid1.organizationssubscription.oc1.us-sanjose-1.amaaaaaa33abj3qa7lv6zso4gq45je75qdvql5fmgrmzlic6nbtm33hlbt5q,,USD,6.041776e-8,us-sanjose-1,TELEMETRY,ocid1.tenancy.oc1..aaaaaaaadsyhydp66mjpsohqocfcgzaabtrit47ex2igzu2j6lhuadrrglca,,oci_compute,Million Datapoints,B90926,0.000052,Million Datapoints
2023-11-13T09:00:00.000000+0000,2023-11-13T10:00:00.000000+0000,Monitoring Service - Retrieval,2023-11-01,2023-11-30,Oracle,ocid1.organizationssubscription.oc1.us-sanjose-1.amaaaaaa33abj3qa7lv6zso4gq45je75qdvql5fmgrmzlic6nbtm33hlbt5q,,USD,3.718016e-8,us-sanjose-1,TELEMETRY,ocid1.tenancy.oc1..aaaaaaaadsyhydp66mjpsohqocfcgzaabtrit47ex2igzu2j6lhuadrrglca,,oci_compute,Million Datapoints,B90926,0.000032,Million Datapoints
2023-11-13T07:00:00.000000+0000,2023-11-13T08:00:00.000000+0000,Outbound Data Transfer Zone 1,2023-11-01,2023-11-30,Oracle,ocid1.organizationssubscription.oc1.us-sanjose-1.amaaaaaa33abj3qa7lv6zso4gq45je75qdvql5fmgrmzlic6nbtm33hlbt5q,,USD,1.21235286435e-7,us-sanjose-1,NETWORK,ocid1.tenancy.oc1..aaaaaaaadsyhydp66mjpsohqocfcgzaabtrit47ex2igzu2j6lhuadrrglca,,ocid1.vnic.oc1.us-sanjose-1.abzwuljrnocy3fyperpqihyokz3nuvhcseslimhfr5rvl5wga4y4uq5oezea,GB Months,B88327,0.000019845552,GB Months
2023-11-13T10:00:00.000000+0000,2023-11-13T11:00:00.000000+0000,Monitoring Service - Retrieval,2023-11-01,2023-11-30,Oracle,ocid1.organizationssubscription.oc1.us-sanjose-1.amaaaaaa33abj3qa7lv6zso4gq45je75qdvql5fmgrmzlic6nbtm33hlbt5q,,USD,2.32376e-9,us-sanjose-1,TELEMETRY,ocid1.tenancy.oc1..aaaaaaaadsyhydp66mjpsohqocfcgzaabtrit47ex2igzu2j6lhuadrrglca,,oci_compute_infrastructure_health,Million Datapoints,B90926,2e-6,Million Datapoints
2023-11-13T05:00:00.000000+0000,2023-11-13T06:00:00.000000+0000,Standard - E4 - Memory,2023-11-01,2023-11-30,Oracle,ocid1.organizationssubscription.oc1.us-sanjose-1.amaaaaaa33abj3qa7lv6zso4gq45je75qdvql5fmgrmzlic6nbtm33hlbt5q,,USD,0.00136084,us-sanjose-1,COMPUTE,ocid1.tenancy.oc1..aaaaaaaadsyhydp66mjpsohqocfcgzaabtrit47ex2igzu2j6lhuadrrglca,sj-1,ocid1.instance.oc1.us-sanjose-1.anzwuljr33abj3qcn6ugox3wetdefjnrjositn7hexayzgxipdxejwitp7aq,GB Hours,B93114,4.0,GB Hours
2023-11-13T10:00:00.000000+0000,2023-11-13T11:00:00.000000+0000,Monitoring Service - Retrieval,2023-11-01,2023-11-30,Oracle,ocid1.organizationssubscription.oc1.us-sanjose-1.amaaaaaa33abj3qa7lv6zso4gq45je75qdvql5fmgrmzlic6nbtm33hlbt5q,,USD,4.64752e-9,us-sanjose-1,TELEMETRY,ocid1.tenancy.oc1..aaaaaaaadsyhydp66mjpsohqocfcgzaabtrit47ex2igzu2j6lhuadrrglca,,oci_compute,Million Datapoints,B90926,4e-6,Million Datapoints
2023-11-13T05:00:00.000000+0000,2023-11-13T06:00:00.000000+0000,Container Image Storage,2023-11-01,2023-11-30,Oracle,ocid1.organizationssubscription.oc1.us-sanjose-1.amaaaaaa33abj3qa7lv6zso4gq45je75qdvql5fmgrmzlic6nbtm33hlbt5q,,USD,4.81298076439e-7,us-sanjose-1,COMPUTE,ocid1.tenancy.oc1..aaaaaaaadsyhydp66mjpsohqocfcgzaabtrit47ex2igzu2j6lhuadrrglca,,ocid1.containerrepo.oc1.us-sanjose-1.0.axi5rjbot4mp.aaaaaaaaslfwxxoeeoxnrk7vfyqv77jupswli7ko4e3tvuegtqrwoqtkgb5a,GB Months,B91628,0.000048543887,GB Months
2023-11-13T08:00:00.000000+0000,2023-11-13T09:00:00.000000+0000,MySQL Database for HeatWave - Standard - Node per hour,2023-11-01,2023-11-30,Oracle,ocid1.organizationssubscription.oc1.us-sanjose-1.amaaaaaa33abj3qa7lv6zso4gq45je75qdvql5fmgrmzlic6nbtm33hlbt5q,,USD,0.036519144999853925,us-sanjose-1,MYSQL,ocid1.tenancy.oc1..aaaaaaaadsyhydp66mjpsohqocfcgzaabtrit47ex2igzu2j6lhuadrrglca,sj-1,ocid1.mysqlinstance.oc1.us-sanjose-1.abzwuljrijxaukifprz6it6gvgse4lqermwyw6hsi6p2bei5ivfk3qth6x5q,Instance per hour,B92024,0.166666666666,Instance per hour
2023-11-13T08:00:00.000000+0000,2023-11-13T09:00:00.000000+0000,MySQL Database Service - Storage,2023-11-01,2023-11-30,Oracle,ocid1.organizationssubscription.oc1.us-sanjose-1.amaaaaaa33abj3qa7lv6zso4gq45je75qdvql5fmgrmzlic6nbtm33hlbt5q,,USD,0.000710731182784594,us-sanjose-1,MYSQL,ocid1.tenancy.oc1..aaaaaaaadsyhydp66mjpsohqocfcgzaabtrit47ex2igzu2j6lhuadrrglca,sj-1,ocid1.mysqlinstance.oc1.us-sanjose-1.abzwuljrijxaukifprz6it6gvgse4lqermwyw6hsi6p2bei5ivfk3qth6x5q,GB Months,B92426,0.028673835125,GB Months
2023-11-13T09:00:00.000000+0000,2023-11-13T10:00:00.000000+0000,Outbound Data Transfer Zone 1,2023-11-01,2023-11-30,Oracle,ocid1.organizationssubscription.oc1.us-sanjose-1.amaaaaaa33abj3qa7lv6zso4gq45je75qdvql5fmgrmzlic6nbtm33hlbt5q,,USD,2.57598678578e-7,us-sanjose-1,NETWORK,ocid1.tenancy.oc1..aaaaaaaadsyhydp66mjpsohqocfcgzaabtrit47ex2igzu2j6lhuadrrglca,,ocid1.vnic.oc1.us-sanjose-1.abzwuljrnocy3fyperpqihyokz3nuvhcseslimhfr5rvl5wga4y4uq5oezea,GB Months,B88327,0.000042167492,GB Months
2023-11-13T05:00:00.000000+0000,2023-11-13T06:00:00.000000+0000,Container Image Storage,2023-11-01,2023-11-30,Oracle,ocid1.organizationssubscription.oc1.us-sanjose-1.amaaaaaa33abj3qa7lv6zso4gq45je75qdvql5fmgrmzlic6nbtm33hlbt5q,,USD,4.81298076439e-7,us-sanjose-1,COMPUTE,ocid1.tenancy.oc1..aaaaaaaadsyhydp66mjpsohqocfcgzaabtrit47ex2igzu2j6lhuadrrglca,,ocid1.containerrepo.oc1.us-sanjose-1.0.axi5rjbot4mp.aaaaaaaaslfwxxoeeoxnrk7vfyqv77jupswli7ko4e3tvuegtqrwoqtkgb5a,GB Months,B91628,0.000048543887,GB Months
2023-11-13T06:00:00.000000+0000,2023-11-13T07:00:00.000000+0000,MySQL Database for HeatWave - Standard - Node per hour,2023-11-01,2023-11-30,Oracle,ocid1.organizationssubscription.oc1.us-sanjose-1.amaaaaaa33abj3qa7lv6zso4gq45je75qdvql5fmgrmzlic6nbtm33hlbt5q,,USD,0.036519144999853925,us-sanjose-1,MYSQL,ocid1.tenancy.oc1..aaaaaaaadsyhydp66mjpsohqocfcgzaabtrit47ex2igzu2j6lhuadrrglca,sj-1,ocid1.mysqlinstance.oc1.us-sanjose-1.abzwuljrijxaukifprz6it6gvgse4lqermwyw6hsi6p2bei5ivfk3qth6x5q,Instance per hour,B92024,0.166666666666,Instance per hour
2023-11-13T09:00:00.000000+0000,2023-11-13T10:00:00.000000+0000,Monitoring Service - Retrieval,2023-11-01,2023-11-30,Oracle,ocid1.organizationssubscription.oc1.us-sanjose-1.amaaaaaa33abj3qa7lv6zso4gq45je75qdvql5fmgrmzlic6nbtm33hlbt5q,,USD,2.32376e-7,us-sanjose-1,TELEMETRY,ocid1.tenancy.oc1..aaaaaaaadsyhydp66mjpsohqocfcgzaabtrit47ex2igzu2j6lhuadrrglca,,oci_vcn,Million Datapoints,B90926,0.0002,Million Datapoints
2023-11-13T07:00:00.000000+0000,2023-11-13T08:00:00.000000+0000,Streaming - PUT or GET,2023-11-01,2023-11-30,Oracle,ocid1.organizationssubscription.oc1.us-sanjose-1.amaaaaaa33abj3qa7lv6zso4gq45je75qdvql5fmgrmzlic6nbtm33hlbt5q,,USD,0.000021403007938734,us-sanjose-1,ORACLE_STREAMING_SERVICE,ocid1.tenancy.oc1..aaaaaaaadsyhydp66mjpsohqocfcgzaabtrit47ex2igzu2j6lhuadrrglca,,ocid1.stream.oc1.us-sanjose-1.amaaaaaa33abj3qaih4sw37guxveujynj7kd57drzhbjre6cclcaf3bt4ofa,GB Of Data Transferred,B90938,0.001726971007,GB Of Data Transferred
2023-11-13T08:00:00.000000+0000,2023-11-13T09:00:00.000000+0000,Oracle APEX Application Development,2023-11-01,2023-11-30,Oracle,ocid1.organizationssubscription.oc1.us-sanjose-1.amaaaaaa33abj3qa7lv6zso4gq45je75qdvql5fmgrmzlic6nbtm33hlbt5q,,USD,0.024528554999901885,us-sanjose-1,DATABASE,ocid1.tenancy.oc1..aaaaaaaadsyhydp66mjpsohqocfcgzaabtrit47ex2igzu2j6lhuadrrglca,sj-1,ocid1.autonomousdatabase.oc1.us-sanjose-1.anzwuljr33abj3qa3ustmv6jdlw6elfui5qg3jd7ugfx6oq7x5qa5emjmpta,Hours,B92911,0.166666666666,Hours
2023-11-13T08:00:00.000000+0000,2023-11-13T09:00:00.000000+0000,Oracle Autonomous Transaction Processing - Exadata Storage,2023-11-01,2023-11-30,Oracle,ocid1.organizationssubscription.oc1.us-sanjose-1.amaaaaaa33abj3qa7lv6zso4gq45je75qdvql5fmgrmzlic6nbtm33hlbt5q,,USD,0.008577510034075983,us-sanjose-1,DATABASE,ocid1.tenancy.oc1..aaaaaaaadsyhydp66mjpsohqocfcgzaabtrit47ex2igzu2j6lhuadrrglca,sj-1,ocid1.autonomousdatabase.oc1.us-sanjose-1.anzwuljr33abj3qa3ustmv6jdlw6elfui5qg3jd7ugfx6oq7x5qa5emjmpta,TB,B90455,0.000336021505,TB
2023-11-13T10:00:00.000000+0000,2023-11-13T11:00:00.000000+0000,Outbound Data Transfer Zone 1,2023-11-01,2023-11-30,Oracle,ocid1.organizationssubscription.oc1.us-sanjose-1.amaaaaaa33abj3qa7lv6zso4gq45je75qdvql5fmgrmzlic6nbtm33hlbt5q,,USD,3.66317302867e-7,us-sanjose-1,NETWORK,ocid1.tenancy.oc1..aaaaaaaadsyhydp66mjpsohqocfcgzaabtrit47ex2igzu2j6lhuadrrglca,,ocid1.vnic.oc1.us-sanjose-1.abzwuljrnocy3fyperpqihyokz3nuvhcseslimhfr5rvl5wga4y4uq5oezea,GB Months,B88327,0.000059964135,GB Months
2023-11-13T06:00:00.000000+0000,2023-11-13T07:00:00.000000+0000,MySQL Database Service - Storage,2023-11-01,2023-11-30,Oracle,ocid1.organizationssubscription.oc1.us-sanjose-1.amaaaaaa33abj3qa7lv6zso4gq45je75qdvql5fmgrmzlic6nbtm33hlbt5q,,USD,0.000710731182784594,us-sanjose-1,MYSQL,ocid1.tenancy.oc1..aaaaaaaadsyhydp66mjpsohqocfcgzaabtrit47ex2igzu2j6lhuadrrglca,sj-1,ocid1.mysqlinstance.oc1.us-sanjose-1.abzwuljrijxaukifprz6it6gvgse4lqermwyw6hsi6p2bei5ivfk3qth6x5q,GB Months,B92426,0.028673835125,GB Months
2023-11-13T05:00:00.000000+0000,2023-11-13T06:00:00.000000+0000,Oracle Autonomous Transaction Processing - Exadata Storage,2023-11-01,2023-11-30,Oracle,ocid1.organizationssubscription.oc1.us-sanjose-1.amaaaaaa33abj3qa7lv6zso4gq45je75qdvql5fmgrmzlic6nbtm33hlbt5q,,USD,0.005718340005699543,us-sanjose-1,DATABASE,ocid1.tenancy.oc1..aaaaaaaadsyhydp66mjpsohqocfcgzaabtrit47ex2igzu2j6lhuadrrglca,sj-1,ocid1.autonomousdatabase.oc1.us-sanjose-1.anzwuljr33abj3qa3ustmv6jdlw6elfui5qg3jd7ugfx6oq7x5qa5emjmpta,TB,B90455,0.000224014336,TB
2023-11-13T05:00:00.000000+0000,2023-11-13T06:00:00.000000+0000,Monitoring Service - Retrieval,2023-11-01,2023-11-30,Oracle,ocid1.organizationssubscription.oc1.us-sanjose-1.amaaaaaa33abj3qa7lv6zso4gq45je75qdvql5fmgrmzlic6nbtm33hlbt5q,,USD,4.415144e-8,us-sanjose-1,TELEMETRY,ocid1.tenancy.oc1..aaaaaaaadsyhydp66mjpsohqocfcgzaabtrit47ex2igzu2j6lhuadrrglca,,oci_blockstore,Million Datapoints,B90926,0.000038,Million Datapoints
2023-11-13T05:00:00.000000+0000,2023-11-13T06:00:00.000000+0000,Monitoring Service - Retrieval,2023-11-01,2023-11-30,Oracle,ocid1.organizationssubscription.oc1.us-sanjose-1.amaaaaaa33abj3qa7lv6zso4gq45je75qdvql5fmgrmzlic6nbtm33hlbt5q,,USD,4.64752e-7,us-sanjose-1,TELEMETRY,ocid1.tenancy.oc1..aaaaaaaadsyhydp66mjpsohqocfcgzaabtrit47ex2igzu2j6lhuadrrglca,,oci_vcn,Million Datapoints,B90926,0.0004,Million Datapoints
2023-11-13T09:00:00.000000+0000,2023-11-13T10:00:00.000000+0000,Outbound Data Transfer Zone 1,2023-11-01,2023-11-30,Oracle,ocid1.organizationssubscription.oc1.us-sanjose-1.amaaaaaa33abj3qa7lv6zso4gq45je75qdvql5fmgrmzlic6nbtm33hlbt5q,,USD,1.63063711766e-7,us-sanjose-1,NETWORK,ocid1.tenancy.oc1..aaaaaaaadsyhydp66mjpsohqocfcgzaabtrit47ex2igzu2j6lhuadrrglca,,ocid1.vnic.oc1.us-sanjose-1.abzwuljrnocy3fyperpqihyokz3nuvhcseslimhfr5rvl5wga4y4uq5oezea,GB Months,B88327,0.000026692636,GB Months
2023-11-13T09:00:00.000000+0000,2023-11-13T10:00:00.000000+0000,Monitoring Service - Retrieval,2023-11-01,2023-11-30,Oracle,ocid1.organizationssubscription.oc1.us-sanjose-1.amaaaaaa33abj3qa7lv6zso4gq45je75qdvql5fmgrmzlic6nbtm33hlbt5q,,USD,6.97128e-7,us-sanjose-1,TELEMETRY,ocid1.tenancy.oc1..aaaaaaaadsyhydp66mjpsohqocfcgzaabtrit47ex2igzu2j6lhuadrrglca,,oci_vcn,Million Datapoints,B90926,0.0006,Million Datapoints
2023-11-13T05:00:00.000000+0000,2023-11-13T06:00:00.000000+0000,Monitoring Service - Retrieval,2023-11-01,2023-11-30,Oracle,ocid1.organizationssubscription.oc1.us-sanjose-1.amaaaaaa33abj3qa7lv6zso4gq45je75qdvql5fmgrmzlic6nbtm33hlbt5q,,USD,4.64752e-9,us-sanjose-1,TELEMETRY,ocid1.tenancy.oc1..aaaaaaaadsyhydp66mjpsohqocfcgzaabtrit47ex2igzu2j6lhuadrrglca,,oci_compute_infrastructure_health,Million Datapoints,B90926,4e-6,Million Datapoints
2023-11-13T08:00:00.000000+0000,2023-11-13T09:00:00.000000+0000,Monitoring Service - Retrieval,2023-11-01,2023-11-30,Oracle,ocid1.organizationssubscription.oc1.us-sanjose-1.amaaaaaa33abj3qa7lv6zso4gq45je75qdvql5fmgrmzlic6nbtm33hlbt5q,,USD,2.32376e-9,us-sanjose-1,TELEMETRY,ocid1.tenancy.oc1..aaaaaaaadsyhydp66mjpsohqocfcgzaabtrit47ex2igzu2j6lhuadrrglca,,oci_compute_infrastructure_health,Million Datapoints,B90926,2e-6,Million Datapoints
2023-11-13T07:00:00.000000+0000,2023-11-13T08:00:00.000000+0000,Monitoring Service - Retrieval,2023-11-01,2023-11-30,Oracle,ocid1.organizationssubscription.oc1.us-sanjose-1.amaaaaaa33abj3qa7lv6zso4gq45je75qdvql5fmgrmzlic6nbtm33hlbt5q,,USD,2.32376e-9,us-sanjose-1,TELEMETRY,ocid1.tenancy.oc1..aaaaaaaadsyhydp66mjpsohqocfcgzaabtrit47ex2igzu2j6lhuadrrglca,,oci_compute_infrastructure_health,Million Datapoints,B90926,2e-6,Million Datapoints
2023-11-13T08:00:00.000000+0000,2023-11-13T09:00:00.000000+0000,Oracle Autonomous Transaction Processing - Exadata Storage,2023-11-01,2023-11-30,Oracle,ocid1.organizationssubscription.oc1.us-sanjose-1.amaaaaaa33abj3qa7lv6zso4gq45je75qdvql5fmgrmzlic6nbtm33hlbt5q,,USD,0.005718340005699543,us-sanjose-1,DATABASE,ocid1.tenancy.oc1..aaaaaaaadsyhydp66mjpsohqocfcgzaabtrit47ex2igzu2j6lhuadrrglca,sj-1,ocid1.autonomousdatabase.oc1.us-sanjose-1.anzwuljr33abj3qa3ustmv6jdlw6elfui5qg3jd7ugfx6oq7x5qa5emjmpta,TB,B90455,0.000224014336,TB
2023-11-13T07:00:00.000000+0000,2023-11-13T08:00:00.000000+0000,Standard - E4,2023-11-01,2023-11-30,Oracle,ocid1.organizationssubscription.oc1.us-sanjose-1.amaaaaaa33abj3qa7lv6zso4gq45je75qdvql5fmgrmzlic6nbtm33hlbt5q,,USD,0.0018230675,us-sanjose-1,COMPUTE,ocid1.tenancy.oc1..aaaaaaaadsyhydp66mjpsohqocfcgzaabtrit47ex2igzu2j6lhuadrrglca,sj-1,ocid1.instance.oc1.us-sanjose-1.anzwuljr33abj3qcn6ugox3wetdefjnrjositn7hexayzgxipdxejwitp7aq,OCPU Hours,B93113,0.25,OCPU Hours
2023-11-13T10:00:00.000000+0000,2023-11-13T11:00:00.000000+0000,Oracle Autonomous Transaction Processing - Exadata Storage,2023-11-01,2023-11-30,Oracle,ocid1.organizationssubscription.oc1.us-sanjose-1.amaaaaaa33abj3qa7lv6zso4gq45je75qdvql5fmgrmzlic6nbtm33hlbt5q,,USD,0.005718340005699543,us-sanjose-1,DATABASE,ocid1.tenancy.oc1..aaaaaaaadsyhydp66mjpsohqocfcgzaabtrit47ex2igzu2j6lhuadrrglca,sj-1,ocid1.autonomousdatabase.oc1.us-sanjose-1.anzwuljr33abj3qa3ustmv6jdlw6elfui5qg3jd7ugfx6oq7x5qa5emjmpta,TB,B90455,0.000224014336,TB
2023-11-13T06:00:00.000000+0000,2023-11-13T07:00:00.000000+0000,Monitoring Service - Retrieval,2023-11-01,2023-11-30,Oracle,ocid1.organizationssubscription.oc1.us-sanjose-1.amaaaaaa33abj3qa7lv6zso4gq45je75qdvql5fmgrmzlic6nbtm33hlbt5q,,USD,1.394256e-8,us-sanjose-1,TELEMETRY,ocid1.tenancy.oc1..aaaaaaaadsyhydp66mjpsohqocfcgzaabtrit47ex2igzu2j6lhuadrrglca,,oci_compute,Million Datapoints,B90926,0.000012,Million Datapoints
2023-11-13T05:00:00.000000+0000,2023-11-13T06:00:00.000000+0000,MySQL Database Service - Storage,2023-11-01,2023-11-30,Oracle,ocid1.organizationssubscription.oc1.us-sanjose-1.amaaaaaa33abj3qa7lv6zso4gq45je75qdvql5fmgrmzlic6nbtm33hlbt5q,,USD,0.000710731182784594,us-sanjose-1,MYSQL,ocid1.tenancy.oc1..aaaaaaaadsyhydp66mjpsohqocfcgzaabtrit47ex2igzu2j6lhuadrrglca,sj-1,ocid1.mysqlinstance.oc1.us-sanjose-1.abzwuljrijxaukifprz6it6gvgse4lqermwyw6hsi6p2bei5ivfk3qth6x5q,GB Months,B92426,0.028673835125,GB Months
2023-11-13T10:00:00.000000+0000,2023-11-13T11:00:00.000000+0000,Outbound Data Transfer Zone 1,2023-11-01,2023-11-30,Oracle,ocid1.organizationssubscription.oc1.us-sanjose-1.amaaaaaa33abj3qa7lv6zso4gq45je75qdvql5fmgrmzlic6nbtm33hlbt5q,,USD,5.8128531179e-8,us-sanjose-1,NETWORK,ocid1.tenancy.oc1..aaaaaaaadsyhydp66mjpsohqocfcgzaabtrit47ex2igzu2j6lhuadrrglca,,ocid1.vnic.oc1.us-sanjose-1.abzwuljrnocy3fyperpqihyokz3nuvhcseslimhfr5rvl5wga4y4uq5oezea,GB Months,B88327,9.515322e-6,GB Months
2023-11-13T06:00:00.000000+0000,2023-11-13T07:00:00.000000+0000,Monitoring Service - Retrieval,2023-11-01,2023-11-30,Oracle,ocid1.organizationssubscription.oc1.us-sanjose-1.amaaaaaa33abj3qa7lv6zso4gq45je75qdvql5fmgrmzlic6nbtm33hlbt5q,,USD,4.64752e-7,us-sanjose-1,TELEMETRY,ocid1.tenancy.oc1..aaaaaaaadsyhydp66mjpsohqocfcgzaabtrit47ex2igzu2j6lhuadrrglca,,oci_vcn,Million Datapoints,B90926,0.0004,Million Datapoints
2023-11-13T09:00:00.000000+0000,2023-11-13T10:00:00.000000+0000,Block Volume - Storage,2023-11-01,2023-11-30,Oracle,ocid1.organizationssubscription.oc1.us-sanjose-1.amaaaaaa33abj3qa7lv6zso4gq45je75qdvql5fmgrmzlic6nbtm33hlbt5q,,USD,0.001351707606962962,us-sanjose-1,BLOCK_STORAGE,ocid1.tenancy.oc1..aaaaaaaadsyhydp66mjpsohqocfcgzaabtrit47ex2igzu2j6lhuadrrglca,sj-1,ocid1.bootvolume.oc1.us-sanjose-1.abzwuljrb4wzk5tikdkt6ugea3ntrr3lohyscahdouj3spcnizk7rmjt7feq,GB Months,B91961,0.06260229988,GB Months
2023-11-13T06:00:00.000000+0000,2023-11-13T07:00:00.000000+0000,Outbound Data Transfer Zone 1,2023-11-01,2023-11-30,Oracle,ocid1.organizationssubscription.oc1.us-sanjose-1.amaaaaaa33abj3qa7lv6zso4gq45je75qdvql5fmgrmzlic6nbtm33hlbt5q,,USD,3.88904192176e-7,us-sanjose-1,NETWORK,ocid1.tenancy.oc1..aaaaaaaadsyhydp66mjpsohqocfcgzaabtrit47ex2igzu2j6lhuadrrglca,,ocid1.vnic.oc1.us-sanjose-1.abzwuljrnocy3fyperpqihyokz3nuvhcseslimhfr5rvl5wga4y4uq5oezea,GB Months,B88327,0.000063661485,GB Months
2023-11-13T06:00:00.000000+0000,2023-11-13T07:00:00.000000+0000,Monitoring Service - Retrieval,2023-11-01,2023-11-30,Oracle,ocid1.organizationssubscription.oc1.us-sanjose-1.amaaaaaa33abj3qa7lv6zso4gq45je75qdvql5fmgrmzlic6nbtm33hlbt5q,,USD,4.64752e-7,us-sanjose-1,TELEMETRY,ocid1.tenancy.oc1..aaaaaaaadsyhydp66mjpsohqocfcgzaabtrit47ex2igzu2j6lhuadrrglca,,oci_vcn,Million Datapoints,B90926,0.0004,Million Datapoints
2023-11-13T05:00:00.000000+0000,2023-11-13T06:00:00.000000+0000,Streaming - PUT or GET,2023-11-01,2023-11-30,Oracle,ocid1.organizationssubscription.oc1.us-sanjose-1.amaaaaaa33abj3qa7lv6zso4gq45je75qdvql5fmgrmzlic6nbtm33hlbt5q,,USD,0.000021776099130184,us-sanjose-1,ORACLE_STREAMING_SERVICE,ocid1.tenancy.oc1..aaaaaaaadsyhydp66mjpsohqocfcgzaabtrit47ex2igzu2j6lhuadrrglca,,ocid1.stream.oc1.us-sanjose-1.amaaaaaa33abj3qaih4sw37guxveujynj7kd57drzhbjre6cclcaf3bt4ofa,GB Of Data Transferred,B90938,0.001757075078,GB Of Data Transferred
2023-11-13T09:00:00.000000+0000,2023-11-13T10:00:00.000000+0000,MySQL Database Service - Storage,2023-11-01,2023-11-30,Oracle,ocid1.organizationssubscription.oc1.us-sanjose-1.amaaaaaa33abj3qa7lv6zso4gq45je75qdvql5fmgrmzlic6nbtm33hlbt5q,,USD,0.000710731182784594,us-sanjose-1,MYSQL,ocid1.tenancy.oc1..aaaaaaaadsyhydp66mjpsohqocfcgzaabtrit47ex2igzu2j6lhuadrrglca,sj-1,ocid1.mysqlinstance.oc1.us-sanjose-1.abzwuljrijxaukifprz6it6gvgse4lqermwyw6hsi6p2bei5ivfk3qth6x5q,GB Months,B92426,0.028673835125,GB Months
2023-11-13T07:00:00.000000+0000,2023-11-13T08:00:00.000000+0000,Container Image Storage,2023-11-01,2023-11-30,Oracle,ocid1.organizationssubscription.oc1.us-sanjose-1.amaaaaaa33abj3qa7lv6zso4gq45je75qdvql5fmgrmzlic6nbtm33hlbt5q,,USD,7.21947119616e-7,us-sanjose-1,COMPUTE,ocid1.tenancy.oc1..aaaaaaaadsyhydp66mjpsohqocfcgzaabtrit47ex2igzu2j6lhuadrrglca,,ocid1.containerrepo.oc1.us-sanjose-1.0.axi5rjbot4mp.aaaaaaaaslfwxxoeeoxnrk7vfyqv77jupswli7ko4e3tvuegtqrwoqtkgb5a,GB Months,B91628,0.000072815831,GB Months
2023-11-13T10:00:00.000000+0000,2023-11-13T11:00:00.000000+0000,Monitoring Service - Retrieval,2023-11-01,2023-11-30,Oracle,ocid1.organizationssubscription.oc1.us-sanjose-1.amaaaaaa33abj3qa7lv6zso4gq45je75qdvql5fmgrmzlic6nbtm33hlbt5q,,USD,4.64752e-7,us-sanjose-1,TELEMETRY,ocid1.tenancy.oc1..aaaaaaaadsyhydp66mjpsohqocfcgzaabtrit47ex2igzu2j6lhuadrrglca,,oci_vcn,Million Datapoints,B90926,0.0004,Million Datapoints
2023-11-13T06:00:00.000000+0000,2023-11-13T07:00:00.000000+0000,Oracle APEX Application Development,2023-11-01,2023-11-30,Oracle,ocid1.organizationssubscription.oc1.us-sanjose-1.amaaaaaa33abj3qa7lv6zso4gq45je75qdvql5fmgrmzlic6nbtm33hlbt5q,,USD,0.024528554999901885,us-sanjose-1,DATABASE,ocid1.tenancy.oc1..aaaaaaaadsyhydp66mjpsohqocfcgzaabtrit47ex2igzu2j6lhuadrrglca,sj-1,ocid1.autonomousdatabase.oc1.us-sanjose-1.anzwuljr33abj3qa3ustmv6jdlw6elfui5qg3jd7ugfx6oq7x5qa5emjmpta,Hours,B92911,0.166666666666,Hours
2023-11-13T10:00:00.000000+0000,2023-11-13T11:00:00.000000+0000,Monitoring Service - Retrieval,2023-11-01,2023-11-30,Oracle,ocid1.organizationssubscription.oc1.us-sanjose-1.amaaaaaa33abj3qa7lv6zso4gq45je75qdvql5fmgrmzlic6nbtm33hlbt5q,,USD,2.32376e-9,us-sanjose-1,TELEMETRY,ocid1.tenancy.oc1..aaaaaaaadsyhydp66mjpsohqocfcgzaabtrit47ex2igzu2j6lhuadrrglca,,oci_compute_infrastructure_health,Million Datapoints,B90926,2e-6,Million Datapoints
2023-11-13T07:00:00.000000+0000,2023-11-13T08:00:00.000000+0000,Monitoring Service - Retrieval,2023-11-01,2023-11-30,Oracle,ocid1.organizationssubscription.oc1.us-sanjose-1.amaaaaaa33abj3qa7lv6zso4gq45je75qdvql5fmgrmzlic6nbtm33hlbt5q,,USD,4.64752e-9,us-sanjose-1,TELEMETRY,ocid1.tenancy.oc1..aaaaaaaadsyhydp66mjpsohqocfcgzaabtrit47ex2igzu2j6lhuadrrglca,,oci_compute,Million Datapoints,B90926,4e-6,Million Datapoints
2023-11-13T09:00:00.000000+0000,2023-11-13T10:00:00.000000+0000,Monitoring Service - Retrieval,2023-11-01,2023-11-30,Oracle,ocid1.organizationssubscription.oc1.us-sanjose-1.amaaaaaa33abj3qa7lv6zso4gq45je75qdvql5fmgrmzlic6nbtm33hlbt5q,,USD,4.64752e-7,us-sanjose-1,TELEMETRY,ocid1.tenancy.oc1..aaaaaaaadsyhydp66mjpsohqocfcgzaabtrit47ex2igzu2j6lhuadrrglca,,oci_vcn,Million Datapoints,B90926,0.0004,Million Datapoints
2023-11-13T08:00:00.000000+0000,2023-11-13T09:00:00.000000+0000,Container Image Storage,2023-11-01,2023-11-30,Oracle,ocid1.organizationssubscription.oc1.us-sanjose-1.amaaaaaa33abj3qa7lv6zso4gq45je75qdvql5fmgrmzlic6nbtm33hlbt5q,,USD,4.81298076439e-7,us-sanjose-1,COMPUTE,ocid1.tenancy.oc1..aaaaaaaadsyhydp66mjpsohqocfcgzaabtrit47ex2igzu2j6lhuadrrglca,,ocid1.containerrepo.oc1.us-sanjose-1.0.axi5rjbot4mp.aaaaaaaaslfwxxoeeoxnrk7vfyqv77jupswli7ko4e3tvuegtqrwoqtkgb5a,GB Months,B91628,0.000048543887,GB Months
2023-11-13T05:00:00.000000+0000,2023-11-13T06:00:00.000000+0000,Container Image Storage,2023-11-01,2023-11-30,Oracle,ocid1.organizationssubscription.oc1.us-sanjose-1.amaaaaaa33abj3qa7lv6zso4gq45je75qdvql5fmgrmzlic6nbtm33hlbt5q,,USD,4.81298076439e-7,us-sanjose-1,COMPUTE,ocid1.tenancy.oc1..aaaaaaaadsyhydp66mjpsohqocfcgzaabtrit47ex2igzu2j6lhuadrrglca,,ocid1.containerrepo.oc1.us-sanjose-1.0.axi5rjbot4mp.aaaaaaaaslfwxxoeeoxnrk7vfyqv77jupswli7ko4e3tvuegtqrwoqtkgb5a,GB Months,B91628,0.000048543887,GB Months
2023-11-13T10:00:00.000000+0000,2023-11-13T11:00:00.000000+0000,Monitoring Service - Retrieval,2023-11-01,2023-11-30,Oracle,ocid1.organizationssubscription.oc1.us-sanjose-1.amaaaaaa33abj3qa7lv6zso4gq45je75qdvql5fmgrmzlic6nbtm33hlbt5q,,USD,4.182768e-8,us-sanjose-1,TELEMETRY,ocid1.tenancy.oc1..aaaaaaaadsyhydp66mjpsohqocfcgzaabtrit47ex2igzu2j6lhuadrrglca,,oci_blockstore,Million Datapoints,B90926,0.000036,Million Datapoints
2023-11-13T06:00:00.000000+0000,2023-11-13T07:00:00.000000+0000,Monitoring Service - Retrieval,2023-11-01,2023-11-30,Oracle,ocid1.organizationssubscription.oc1.us-sanjose-1.amaaaaaa33abj3qa7lv6zso4gq45je75qdvql5fmgrmzlic6nbtm33hlbt5q,,USD,2.091384e-8,us-sanjose-1,TELEMETRY,ocid1.tenancy.oc1..aaaaaaaadsyhydp66mjpsohqocfcgzaabtrit47ex2igzu2j6lhuadrrglca,,oci_compute,Million Datapoints,B90926,0.000018,Million Datapoints
2023-11-13T06:00:00.000000+0000,2023-11-13T07:00:00.000000+0000,MySQL Database for HeatWave - Standard - Node per hour,2023-11-01,2023-11-30,Oracle,ocid1.organizationssubscription.oc1.us-sanjose-1.amaaaaaa33abj3qa7lv6zso4gq45je75qdvql5fmgrmzlic6nbtm33hlbt5q,,USD,0.036519144999853925,us-sanjose-1,MYSQL,ocid1.tenancy.oc1..aaaaaaaadsyhydp66mjpsohqocfcgzaabtrit47ex2igzu2j6lhuadrrglca,sj-1,ocid1.mysqlinstance.oc1.us-sanjose-1.abzwuljrijxaukifprz6it6gvgse4lqermwyw6hsi6p2bei5ivfk3qth6x5q,Instance per hour,B92024,0.166666666666,Instance per hour
2023-11-13T09:00:00.000000+0000,2023-11-13T10:00:00.000000+0000,Monitoring Service - Retrieval,2023-11-01,2023-11-30,Oracle,ocid1.organizationssubscription.oc1.us-sanjose-1.amaaaaaa33abj3qa7lv6zso4gq45je75qdvql5fmgrmzlic6nbtm33hlbt5q,,USD,1.9054832e-7,us-sanjose-1,TELEMETRY,ocid1.tenancy.oc1..aaaaaaaadsyhydp66mjpsohqocfcgzaabtrit47ex2igzu2j6lhuadrrglca,,oci_autonomous_database,Million Datapoints,B90926,0.000164,Million Datapoints
2023-11-13T10:00:00.000000+0000,2023-11-13T11:00:00.000000+0000,Streaming - PUT or GET,2023-11-01,2023-11-30,Oracle,ocid1.organizationssubscription.oc1.us-sanjose-1.amaaaaaa33abj3qa7lv6zso4gq45je75qdvql5fmgrmzlic6nbtm33hlbt5q,,USD,0.00002193399690132,us-sanjose-1,ORACLE_STREAMING_SERVICE,ocid1.tenancy.oc1..aaaaaaaadsyhydp66mjpsohqocfcgzaabtrit47ex2igzu2j6lhuadrrglca,,ocid1.stream.oc1.us-sanjose-1.amaaaaaa33abj3qaih4sw37guxveujynj7kd57drzhbjre6cclcaf3bt4ofa,GB Of Data Transferred,B90938,0.001769815571,GB Of Data Transferred
2023-11-13T06:00:00.000000+0000,2023-11-13T07:00:00.000000+0000,Oracle APEX Application Development,2023-11-01,2023-11-30,Oracle,ocid1.organizationssubscription.oc1.us-sanjose-1.amaaaaaa33abj3qa7lv6zso4gq45je75qdvql5fmgrmzlic6nbtm33hlbt5q,,USD,0.024528554999901885,us-sanjose-1,DATABASE,ocid1.tenancy.oc1..aaaaaaaadsyhydp66mjpsohqocfcgzaabtrit47ex2igzu2j6lhuadrrglca,sj-1,ocid1.autonomousdatabase.oc1.us-sanjose-1.anzwuljr33abj3qa3ustmv6jdlw6elfui5qg3jd7ugfx6oq7x5qa5emjmpta,Hours,B92911,0.166666666666,Hours
2023-11-13T07:00:00.000000+0000,2023-11-13T08:00:00.000000+0000,Object Storage - Storage,2023-11-01,2023-11-30,Oracle,ocid1.organizationssubscription.oc1.us-sanjose-1.amaaaaaa33abj3qa7lv6zso4gq45je75qdvql5fmgrmzlic6nbtm33hlbt5q,,USD,6.26609e-12,us-sanjose-1,OBJECTSTORE,ocid1.tenancy.oc1..aaaaaaaadsyhydp66mjpsohqocfcgzaabtrit47ex2igzu2j6lhuadrrglca,,axi5rjbot4mp/MonitoringData,GB Months,B91628,6.32e-10,GB Months
2023-11-13T07:00:00.000000+0000,2023-11-13T08:00:00.000000+0000,Outbound Data Transfer Zone 1,2023-11-01,2023-11-30,Oracle,ocid1.organizationssubscription.oc1.us-sanjose-1.amaaaaaa33abj3qa7lv6zso4gq45je75qdvql5fmgrmzlic6nbtm33hlbt5q,,USD,1.55525261479e-7,us-sanjose-1,NETWORK,ocid1.tenancy.oc1..aaaaaaaadsyhydp66mjpsohqocfcgzaabtrit47ex2igzu2j6lhuadrrglca,,ocid1.vnic.oc1.us-sanjose-1.abzwuljrnocy3fyperpqihyokz3nuvhcseslimhfr5rvl5wga4y4uq5oezea,GB Months,B88327,0.000025458633,GB Months
2023-11-13T06:00:00.000000+0000,2023-11-13T07:00:00.000000+0000,Monitoring Service - Retrieval,2023-11-01,2023-11-30,Oracle,ocid1.organizationssubscription.oc1.us-sanjose-1.amaaaaaa33abj3qa7lv6zso4gq45je75qdvql5fmgrmzlic6nbtm33hlbt5q,,USD,3.253264e-8,us-sanjose-1,TELEMETRY,ocid1.tenancy.oc1..aaaaaaaadsyhydp66mjpsohqocfcgzaabtrit47ex2igzu2j6lhuadrrglca,,oci_compute,Million Datapoints,B90926,0.000028,Million Datapoints
2023-11-13T08:00:00.000000+0000,2023-11-13T09:00:00.000000+0000,Monitoring Service - Retrieval,2023-11-01,2023-11-30,Oracle,ocid1.organizationssubscription.oc1.us-sanjose-1.amaaaaaa33abj3qa7lv6zso4gq45je75qdvql5fmgrmzlic6nbtm33hlbt5q,,USD,5.112272e-8,us-sanjose-1,TELEMETRY,ocid1.tenancy.oc1..aaaaaaaadsyhydp66mjpsohqocfcgzaabtrit47ex2igzu2j6lhuadrrglca,,oci_blockstore,Million Datapoints,B90926,0.000044,Million Datapoints
2023-11-13T06:00:00.000000+0000,2023-11-13T07:00:00.000000+0000,Oracle Autonomous Transaction Processing - Exadata Storage,2023-11-01,2023-11-30,Oracle,ocid1.organizationssubscription.oc1.us-sanjose-1.amaaaaaa33abj3qa7lv6zso4gq45je75qdvql5fmgrmzlic6nbtm33hlbt5q,,USD,0.005718340005699543,us-sanjose-1,DATABASE,ocid1.tenancy.oc1..aaaaaaaadsyhydp66mjpsohqocfcgzaabtrit47ex2igzu2j6lhuadrrglca,sj-1,ocid1.autonomousdatabase.oc1.us-sanjose-1.anzwuljr33abj3qa3ustmv6jdlw6elfui5qg3jd7ugfx6oq7x5qa5emjmpta,TB,B90455,0.000224014336,TB
2023-11-13T07:00:00.000000+0000,2023-11-13T08:00:00.000000+0000,Monitoring Service - Retrieval,2023-11-01,2023-11-30,Oracle,ocid1.organizationssubscription.oc1.us-sanjose-1.amaaaaaa33abj3qa7lv6zso4gq45je75qdvql5fmgrmzlic6nbtm33hlbt5q,,USD,1.16188e-8,us-sanjose-1,TELEMETRY,ocid1.tenancy.oc1..aaaaaaaadsyhydp66mjpsohqocfcgzaabtrit47ex2igzu2j6lhuadrrglca,,oci_compute,Million Datapoints,B90926,0.00001,Million Datapoints
2023-11-13T10:00:00.000000+0000,2023-11-13T11:00:00.000000+0000,Oracle APEX Application Development,2023-11-01,2023-11-30,Oracle,ocid1.organizationssubscription.oc1.us-sanjose-1.amaaaaaa33abj3qa7lv6zso4gq45je75qdvql5fmgrmzlic6nbtm33hlbt5q,,USD,0.024528554999901885,us-sanjose-1,DATABASE,ocid1.tenancy.oc1..aaaaaaaadsyhydp66mjpsohqocfcgzaabtrit47ex2igzu2j6lhuadrrglca,sj-1,ocid1.autonomousdatabase.oc1.us-sanjose-1.anzwuljr33abj3qa3ustmv6jdlw6elfui5qg3jd7ugfx6oq7x5qa5emjmpta,Hours,B92911,0.166666666666,Hours
2023-11-13T07:00:00.000000+0000,2023-11-13T08:00:00.000000+0000,Oracle APEX Application Development,2023-11-01,2023-11-30,Oracle,ocid1.organizationssubscription.oc1.us-sanjose-1.amaaaaaa33abj3qa7lv6zso4gq45je75qdvql5fmgrmzlic6nbtm33hlbt5q,,USD,0.012264277499950942,us-sanjose-1,DATABASE,ocid1.tenancy.oc1..aaaaaaaadsyhydp66mjpsohqocfcgzaabtrit47ex2igzu2j6lhuadrrglca,sj-1,ocid1.autonomousdatabase.oc1.us-sanjose-1.anzwuljr33abj3qa3ustmv6jdlw6elfui5qg3jd7ugfx6oq7x5qa5emjmpta,Hours,B92911,0.083333333333,Hours
2023-11-13T05:00:00.000000+0000,2023-11-13T06:00:00.000000+0000,Monitoring Service - Retrieval,2023-11-01,2023-11-30,Oracle,ocid1.organizationssubscription.oc1.us-sanjose-1.amaaaaaa33abj3qa7lv6zso4gq45je75qdvql5fmgrmzlic6nbtm33hlbt5q,,USD,4.7172328e-7,us-sanjose-1,TELEMETRY,ocid1.tenancy.oc1..aaaaaaaadsyhydp66mjpsohqocfcgzaabtrit47ex2igzu2j6lhuadrrglca,,oci_autonomous_database,Million Datapoints,B90926,0.000406,Million Datapoints
2023-11-13T05:00:00.000000+0000,2023-11-13T06:00:00.000000+0000,MySQL Database for HeatWave - Standard - Node per hour,2023-11-01,2023-11-30,Oracle,ocid1.organizationssubscription.oc1.us-sanjose-1.amaaaaaa33abj3qa7lv6zso4gq45je75qdvql5fmgrmzlic6nbtm33hlbt5q,,USD,0.036519144999853925,us-sanjose-1,MYSQL,ocid1.tenancy.oc1..aaaaaaaadsyhydp66mjpsohqocfcgzaabtrit47ex2igzu2j6lhuadrrglca,sj-1,ocid1.mysqlinstance.oc1.us-sanjose-1.abzwuljrijxaukifprz6it6gvgse4lqermwyw6hsi6p2bei5ivfk3qth6x5q,Instance per hour,B92024,0.166666666666,Instance per hour
2023-11-13T06:00:00.000000+0000,2023-11-13T07:00:00.000000+0000,Standard - E4,2023-11-01,2023-11-30,Oracle,ocid1.organizationssubscription.oc1.us-sanjose-1.amaaaaaa33abj3qa7lv6zso4gq45je75qdvql5fmgrmzlic6nbtm33hlbt5q,,USD,0.0018230675,us-sanjose-1,COMPUTE,ocid1.tenancy.oc1..aaaaaaaadsyhydp66mjpsohqocfcgzaabtrit47ex2igzu2j6lhuadrrglca,sj-1,ocid1.instance.oc1.us-sanjose-1.anzwuljr33abj3qcn6ugox3wetdefjnrjositn7hexayzgxipdxejwitp7aq,OCPU Hours,B93113,0.25,OCPU Hours
2023-11-13T08:00:00.000000+0000,2023-11-13T09:00:00.000000+0000,MySQL Database for HeatWave - Standard - Node per hour,2023-11-01,2023-11-30,Oracle,ocid1.organizationssubscription.oc1.us-sanjose-1.amaaaaaa33abj3qa7lv6zso4gq45je75qdvql5fmgrmzlic6nbtm33hlbt5q,,USD,0.036519144999853925,us-sanjose-1,MYSQL,ocid1.tenancy.oc1..aaaaaaaadsyhydp66mjpsohqocfcgzaabtrit47ex2igzu2j6lhuadrrglca,sj-1,ocid1.mysqlinstance.oc1.us-sanjose-1.abzwuljrijxaukifprz6it6gvgse4lqermwyw6hsi6p2bei5ivfk3qth6x5q,Instance per hour,B92024,0.166666666666,Instance per hour
2023-11-13T06:00:00.000000+0000,2023-11-13T07:00:00.000000+0000,MySQL Database Service - Storage,2023-11-01,2023-11-30,Oracle,ocid1.organizationssubscription.oc1.us-sanjose-1.amaaaaaa33abj3qa7lv6zso4gq45je75qdvql5fmgrmzlic6nbtm33hlbt5q,,USD,0.000710731182784594,us-sanjose-1,MYSQL,ocid1.tenancy.oc1..aaaaaaaadsyhydp66mjpsohqocfcgzaabtrit47ex2igzu2j6lhuadrrglca,sj-1,ocid1.mysqlinstance.oc1.us-sanjose-1.abzwuljrijxaukifprz6it6gvgse4lqermwyw6hsi6p2bei5ivfk3qth6x5q,GB Months,B92426,0.028673835125,GB Months
2023-11-13T11:00:00.000000+0000,2023-11-13T12:00:00.000000+0000,Monitoring Service - Retrieval,2023-11-01,2023-11-30,Oracle,ocid1.organizationssubscription.oc1.us-sanjose-1.amaaaaaa33abj3qa7lv6zso4gq45je75qdvql5fmgrmzlic6nbtm33hlbt5q,,USD,4.64752e-7,us-sanjose-1,TELEMETRY,ocid1.tenancy.oc1..aaaaaaaadsyhydp66mjpsohqocfcgzaabtrit47ex2igzu2j6lhuadrrglca,,oci_vcn,Million Datapoints,B90926,0.0004,Million Datapoints
2023-11-13T09:00:00.000000+0000,2023-11-13T10:00:00.000000+0000,Oracle Autonomous Transaction Processing - Exadata Storage,2023-11-01,2023-11-30,Oracle,ocid1.organizationssubscription.oc1.us-sanjose-1.amaaaaaa33abj3qa7lv6zso4gq45je75qdvql5fmgrmzlic6nbtm33hlbt5q,,USD,0.005718340005699543,us-sanjose-1,DATABASE,ocid1.tenancy.oc1..aaaaaaaadsyhydp66mjpsohqocfcgzaabtrit47ex2igzu2j6lhuadrrglca,sj-1,ocid1.autonomousdatabase.oc1.us-sanjose-1.anzwuljr33abj3qa3ustmv6jdlw6elfui5qg3jd7ugfx6oq7x5qa5emjmpta,TB,B90455,0.000224014336,TB
2023-11-13T06:00:00.000000+0000,2023-11-13T07:00:00.000000+0000,MySQL Database Service - Storage,2023-11-01,2023-11-30,Oracle,ocid1.organizationssubscription.oc1.us-sanjose-1.amaaaaaa33abj3qa7lv6zso4gq45je75qdvql5fmgrmzlic6nbtm33hlbt5q,,USD,0.000710731182784594,us-sanjose-1,MYSQL,ocid1.tenancy.oc1..aaaaaaaadsyhydp66mjpsohqocfcgzaabtrit47ex2igzu2j6lhuadrrglca,sj-1,ocid1.mysqlinstance.oc1.us-sanjose-1.abzwuljrijxaukifprz6it6gvgse4lqermwyw6hsi6p2bei5ivfk3qth6x5q,GB Months,B92426,0.028673835125,GB Months
2023-11-13T06:00:00.000000+0000,2023-11-13T07:00:00.000000+0000,Block Volume - Storage,2023-11-01,2023-11-30,Oracle,ocid1.organizationssubscription.oc1.us-sanjose-1.amaaaaaa33abj3qa7lv6zso4gq45je75qdvql5fmgrmzlic6nbtm33hlbt5q,,USD,0.001351707606962962,us-sanjose-1,BLOCK_STORAGE,ocid1.tenancy.oc1..aaaaaaaadsyhydp66mjpsohqocfcgzaabtrit47ex2igzu2j6lhuadrrglca,sj-1,ocid1.bootvolume.oc1.us-sanjose-1.abzwuljrb4wzk5tikdkt6ugea3ntrr3lohyscahdouj3spcnizk7rmjt7feq,GB Months,B91961,0.06260229988,GB Months
2023-11-13T09:00:00.000000+0000,2023-11-13T10:00:00.000000+0000,Monitoring Service - Retrieval,2023-11-01,2023-11-30,Oracle,ocid1.organizationssubscription.oc1.us-sanjose-1.amaaaaaa33abj3qa7lv6zso4gq45je75qdvql5fmgrmzlic6nbtm33hlbt5q,,USD,2.32376e-9,us-sanjose-1,TELEMETRY,ocid1.tenancy.oc1..aaaaaaaadsyhydp66mjpsohqocfcgzaabtrit47ex2igzu2j6lhuadrrglca,,oci_compute_infrastructure_health,Million Datapoints,B90926,2e-6,Million Datapoints
2023-11-13T08:00:00.000000+0000,2023-11-13T09:00:00.000000+0000,Oracle APEX Application Development,2023-11-01,2023-11-30,Oracle,ocid1.organizationssubscription.oc1.us-sanjose-1.amaaaaaa33abj3qa7lv6zso4gq45je75qdvql5fmgrmzlic6nbtm33hlbt5q,,USD,0.024528554999901885,us-sanjose-1,DATABASE,ocid1.tenancy.oc1..aaaaaaaadsyhydp66mjpsohqocfcgzaabtrit47ex2igzu2j6lhuadrrglca,sj-1,ocid1.autonomousdatabase.oc1.us-sanjose-1.anzwuljr33abj3qa3ustmv6jdlw6elfui5qg3jd7ugfx6oq7x5qa5emjmpta,Hours,B92911,0.166666666666,Hours
2023-11-13T05:00:00.000000+0000,2023-11-13T06:00:00.000000+0000,Monitoring Service - Retrieval,2023-11-01,2023-11-30,Oracle,ocid1.organizationssubscription.oc1.us-sanjose-1.amaaaaaa33abj3qa7lv6zso4gq45je75qdvql5fmgrmzlic6nbtm33hlbt5q,,USD,1.859008e-8,us-sanjose-1,TELEMETRY,ocid1.tenancy.oc1..aaaaaaaadsyhydp66mjpsohqocfcgzaabtrit47ex2igzu2j6lhuadrrglca,,oci_blockstore,Million Datapoints,B90926,0.000016,Million Datapoints
2023-11-13T08:00:00.000000+0000,2023-11-13T09:00:00.000000+0000,Outbound Data Transfer Zone 1,2023-11-01,2023-11-30,Oracle,ocid1.organizationssubscription.oc1.us-sanjose-1.amaaaaaa33abj3qa7lv6zso4gq45je75qdvql5fmgrmzlic6nbtm33hlbt5q,,USD,5.34996443915e-7,us-sanjose-1,NETWORK,ocid1.tenancy.oc1..aaaaaaaadsyhydp66mjpsohqocfcgzaabtrit47ex2igzu2j6lhuadrrglca,,ocid1.vnic.oc1.us-sanjose-1.abzwuljrnocy3fyperpqihyokz3nuvhcseslimhfr5rvl5wga4y4uq5oezea,GB Months,B88327,0.000087575986,GB Months
2023-11-13T08:00:00.000000+0000,2023-11-13T09:00:00.000000+0000,Outbound Data Transfer Zone 1,2023-11-01,2023-11-30,Oracle,ocid1.organizationssubscription.oc1.us-sanjose-1.amaaaaaa33abj3qa7lv6zso4gq45je75qdvql5fmgrmzlic6nbtm33hlbt5q,,USD,9.2390062998e-8,us-sanjose-1,NETWORK,ocid1.tenancy.oc1..aaaaaaaadsyhydp66mjpsohqocfcgzaabtrit47ex2igzu2j6lhuadrrglca,,ocid1.vnic.oc1.us-sanjose-1.abzwuljrnocy3fyperpqihyokz3nuvhcseslimhfr5rvl5wga4y4uq5oezea,GB Months,B88327,0.000015123747,GB Months
2023-11-13T07:00:00.000000+0000,2023-11-13T08:00:00.000000+0000,Monitoring Service - Retrieval,2023-11-01,2023-11-30,Oracle,ocid1.organizationssubscription.oc1.us-sanjose-1.amaaaaaa33abj3qa7lv6zso4gq45je75qdvql5fmgrmzlic6nbtm33hlbt5q,,USD,4.64752e-7,us-sanjose-1,TELEMETRY,ocid1.tenancy.oc1..aaaaaaaadsyhydp66mjpsohqocfcgzaabtrit47ex2igzu2j6lhuadrrglca,,oci_vcn,Million Datapoints,B90926,0.0004,Million Datapoints
2023-11-13T10:00:00.000000+0000,2023-11-13T11:00:00.000000+0000,Monitoring Service - Retrieval,2023-11-01,2023-11-30,Oracle,ocid1.organizationssubscription.oc1.us-sanjose-1.amaaaaaa33abj3qa7lv6zso4gq45je75qdvql5fmgrmzlic6nbtm33hlbt5q,,USD,4.473238e-7,us-sanjose-1,TELEMETRY,ocid1.tenancy.oc1..aaaaaaaadsyhydp66mjpsohqocfcgzaabtrit47ex2igzu2j6lhuadrrglca,,oci_autonomous_database,Million Datapoints,B90926,0.000385,Million Datapoints
2023-11-13T08:00:00.000000+0000,2023-11-13T09:00:00.000000+0000,Monitoring Service - Retrieval,2023-11-01,2023-11-30,Oracle,ocid1.organizationssubscription.oc1.us-sanjose-1.amaaaaaa33abj3qa7lv6zso4gq45je75qdvql5fmgrmzlic6nbtm33hlbt5q,,USD,4.64752e-9,us-sanjose-1,TELEMETRY,ocid1.tenancy.oc1..aaaaaaaadsyhydp66mjpsohqocfcgzaabtrit47ex2igzu2j6lhuadrrglca,,oci_blockstore,Million Datapoints,B90926,4e-6,Million Datapoints
2023-11-13T09:00:00.000000+0000,2023-11-13T10:00:00.000000+0000,Monitoring Service - Retrieval,2023-11-01,2023-11-30,Oracle,ocid1.organizationssubscription.oc1.us-sanjose-1.amaaaaaa33abj3qa7lv6zso4gq45je75qdvql5fmgrmzlic6nbtm33hlbt5q,,USD,4.7404704e-7,us-sanjose-1,TELEMETRY,ocid1.tenancy.oc1..aaaaaaaadsyhydp66mjpsohqocfcgzaabtrit47ex2igzu2j6lhuadrrglca,,oci_autonomous_database,Million Datapoints,B90926,0.000408,Million Datapoints
2023-11-13T09:00:00.000000+0000,2023-11-13T10:00:00.000000+0000,Outbound Data Transfer Zone 1,2023-11-01,2023-11-30,Oracle,ocid1.organizationssubscription.oc1.us-sanjose-1.amaaaaaa33abj3qa7lv6zso4gq45je75qdvql5fmgrmzlic6nbtm33hlbt5q,,USD,1.104260113181e-6,us-sanjose-1,NETWORK,ocid1.tenancy.oc1..aaaaaaaadsyhydp66mjpsohqocfcgzaabtrit47ex2igzu2j6lhuadrrglca,,ocid1.vnic.oc1.us-sanjose-1.abzwuljrnocy3fyperpqihyokz3nuvhcseslimhfr5rvl5wga4y4uq5oezea,GB Months,B88327,0.000180761329,GB Months
2023-11-13T06:00:00.000000+0000,2023-11-13T07:00:00.000000+0000,Outbound Data Transfer Zone 1,2023-11-01,2023-11-30,Oracle,ocid1.organizationssubscription.oc1.us-sanjose-1.amaaaaaa33abj3qa7lv6zso4gq45je75qdvql5fmgrmzlic6nbtm33hlbt5q,,USD,2.76174547844e-7,us-sanjose-1,NETWORK,ocid1.tenancy.oc1..aaaaaaaadsyhydp66mjpsohqocfcgzaabtrit47ex2igzu2j6lhuadrrglca,,ocid1.vnic.oc1.us-sanjose-1.abzwuljrnocy3fyperpqihyokz3nuvhcseslimhfr5rvl5wga4y4uq5oezea,GB Months,B88327,0.00004520826,GB Months
2023-11-13T10:00:00.000000+0000,2023-11-13T11:00:00.000000+0000,Container Image Storage,2023-11-01,2023-11-30,Oracle,ocid1.organizationssubscription.oc1.us-sanjose-1.amaaaaaa33abj3qa7lv6zso4gq45je75qdvql5fmgrmzlic6nbtm33hlbt5q,,USD,2.40649033262e-7,us-sanjose-1,COMPUTE,ocid1.tenancy.oc1..aaaaaaaadsyhydp66mjpsohqocfcgzaabtrit47ex2igzu2j6lhuadrrglca,,ocid1.containerrepo.oc1.us-sanjose-1.0.axi5rjbot4mp.aaaaaaaaslfwxxoeeoxnrk7vfyqv77jupswli7ko4e3tvuegtqrwoqtkgb5a,GB Months,B91628,0.000024271943,GB Months
2023-11-13T10:00:00.000000+0000,2023-11-13T11:00:00.000000+0000,Standard - E4 - Memory,2023-11-01,2023-11-30,Oracle,ocid1.organizationssubscription.oc1.us-sanjose-1.amaaaaaa33abj3qa7lv6zso4gq45je75qdvql5fmgrmzlic6nbtm33hlbt5q,,USD,0.00136084,us-sanjose-1,COMPUTE,ocid1.tenancy.oc1..aaaaaaaadsyhydp66mjpsohqocfcgzaabtrit47ex2igzu2j6lhuadrrglca,sj-1,ocid1.instance.oc1.us-sanjose-1.anzwuljr33abj3qcn6ugox3wetdefjnrjositn7hexayzgxipdxejwitp7aq,GB Hours,B93114,4.0,GB Hours
2023-11-13T08:00:00.000000+0000,2023-11-13T09:00:00.000000+0000,Monitoring Service - Retrieval,2023-11-01,2023-11-30,Oracle,ocid1.organizationssubscription.oc1.us-sanjose-1.amaaaaaa33abj3qa7lv6zso4gq45je75qdvql5fmgrmzlic6nbtm33hlbt5q,,USD,4.3221936e-7,us-sanjose-1,TELEMETRY,ocid1.tenancy.oc1..aaaaaaaadsyhydp66mjpsohqocfcgzaabtrit47ex2igzu2j6lhuadrrglca,,oci_autonomous_database,Million Datapoints,B90926,0.000372,Million Datapoints
2023-11-13T10:00:00.000000+0000,2023-11-13T11:00:00.000000+0000,Oracle APEX Application Development,2023-11-01,2023-11-30,Oracle,ocid1.organizationssubscription.oc1.us-sanjose-1.amaaaaaa33abj3qa7lv6zso4gq45je75qdvql5fmgrmzlic6nbtm33hlbt5q,,USD,0.024528554999901885,us-sanjose-1,DATABASE,ocid1.tenancy.oc1..aaaaaaaadsyhydp66mjpsohqocfcgzaabtrit47ex2igzu2j6lhuadrrglca,sj-1,ocid1.autonomousdatabase.oc1.us-sanjose-1.anzwuljr33abj3qa3ustmv6jdlw6elfui5qg3jd7ugfx6oq7x5qa5emjmpta,Hours,B92911,0.166666666666,Hours
2023-11-13T06:00:00.000000+0000,2023-11-13T07:00:00.000000+0000,Container Image Storage,2023-11-01,2023-11-30,Oracle,ocid1.organizationssubscription.oc1.us-sanjose-1.amaaaaaa33abj3qa7lv6zso4gq45je75qdvql5fmgrmzlic6nbtm33hlbt5q,,USD,4.81298076439e-7,us-sanjose-1,COMPUTE,ocid1.tenancy.oc1..aaaaaaaadsyhydp66mjpsohqocfcgzaabtrit47ex2igzu2j6lhuadrrglca,,ocid1.containerrepo.oc1.us-sanjose-1.0.axi5rjbot4mp.aaaaaaaaslfwxxoeeoxnrk7vfyqv77jupswli7ko4e3tvuegtqrwoqtkgb5a,GB Months,B91628,0.000048543887,GB Months
2023-11-13T08:00:00.000000+0000,2023-11-13T09:00:00.000000+0000,Streaming - PUT or GET,2023-11-01,2023-11-30,Oracle,ocid1.organizationssubscription.oc1.us-sanjose-1.amaaaaaa33abj3qa7lv6zso4gq45je75qdvql5fmgrmzlic6nbtm33hlbt5q,,USD,0.000021714163498681,us-sanjose-1,ORACLE_STREAMING_SERVICE,ocid1.tenancy.oc1..aaaaaaaadsyhydp66mjpsohqocfcgzaabtrit47ex2igzu2j6lhuadrrglca,,ocid1.stream.oc1.us-sanjose-1.amaaaaaa33abj3qaih4sw37guxveujynj7kd57drzhbjre6cclcaf3bt4ofa,GB Of Data Transferred,B90938,0.001752077601,GB Of Data Transferred
2023-11-13T09:00:00.000000+0000,2023-11-13T10:00:00.000000+0000,Outbound Data Transfer Zone 1,2023-11-01,2023-11-30,Oracle,ocid1.organizationssubscription.oc1.us-sanjose-1.amaaaaaa33abj3qa7lv6zso4gq45je75qdvql5fmgrmzlic6nbtm33hlbt5q,,USD,4.66075132368e-7,us-sanjose-1,NETWORK,ocid1.tenancy.oc1..aaaaaaaadsyhydp66mjpsohqocfcgzaabtrit47ex2igzu2j6lhuadrrglca,,ocid1.vnic.oc1.us-sanjose-1.abzwuljrnocy3fyperpqihyokz3nuvhcseslimhfr5rvl5wga4y4uq5oezea,GB Months,B88327,0.000076293945,GB Months
2023-11-13T07:00:00.000000+0000,2023-11-13T08:00:00.000000+0000,Monitoring Service - Retrieval,2023-11-01,2023-11-30,Oracle,ocid1.organizationssubscription.oc1.us-sanjose-1.amaaaaaa33abj3qa7lv6zso4gq45je75qdvql5fmgrmzlic6nbtm33hlbt5q,,USD,2.32376e-9,us-sanjose-1,TELEMETRY,ocid1.tenancy.oc1..aaaaaaaadsyhydp66mjpsohqocfcgzaabtrit47ex2igzu2j6lhuadrrglca,,oci_compute_infrastructure_health,Million Datapoints,B90926,2e-6,Million Datapoints
2023-11-13T05:00:00.000000+0000,2023-11-13T06:00:00.000000+0000,Monitoring Service - Retrieval,2023-11-01,2023-11-30,Oracle,ocid1.organizationssubscription.oc1.us-sanjose-1.amaaaaaa33abj3qa7lv6zso4gq45je75qdvql5fmgrmzlic6nbtm33hlbt5q,,USD,1.859008e-8,us-sanjose-1,TELEMETRY,ocid1.tenancy.oc1..aaaaaaaadsyhydp66mjpsohqocfcgzaabtrit47ex2igzu2j6lhuadrrglca,,oci_compute,Million Datapoints,B90926,0.000016,Million Datapoints
2023-11-13T07:00:00.000000+0000,2023-11-13T08:00:00.000000+0000,Streaming - Storage,2023-11-01,2023-11-30,Oracle,ocid1.organizationssubscription.oc1.us-sanjose-1.amaaaaaa33abj3qa7lv6zso4gq45je75qdvql5fmgrmzlic6nbtm33hlbt5q,,USD,1.337711111048e-6,us-sanjose-1,ORACLE_STREAMING_SERVICE,ocid1.tenancy.oc1..aaaaaaaadsyhydp66mjpsohqocfcgzaabtrit47ex2igzu2j6lhuadrrglca,,ocid1.stream.oc1.us-sanjose-1.amaaaaaa33abj3qaih4sw37guxveujynj7kd57drzhbjre6cclcaf3bt4ofa,Gigabytes Per Hour,B90939,0.009444444444,Gigabytes Per Hour
2023-11-13T08:00:00.000000+0000,2023-11-13T09:00:00.000000+0000,Outbound Data Transfer Zone 1,2023-11-01,2023-11-30,Oracle,ocid1.organizationssubscription.oc1.us-sanjose-1.amaaaaaa33abj3qa7lv6zso4gq45je75qdvql5fmgrmzlic6nbtm33hlbt5q,,USD,9.7379661922e-8,us-sanjose-1,NETWORK,ocid1.tenancy.oc1..aaaaaaaadsyhydp66mjpsohqocfcgzaabtrit47ex2igzu2j6lhuadrrglca,,ocid1.vnic.oc1.us-sanjose-1.abzwuljrnocy3fyperpqihyokz3nuvhcseslimhfr5rvl5wga4y4uq5oezea,GB Months,B88327,0.000015940517,GB Months
2023-11-13T06:00:00.000000+0000,2023-11-13T07:00:00.000000+0000,Streaming - Storage,2023-11-01,2023-11-30,Oracle,ocid1.organizationssubscription.oc1.us-sanjose-1.amaaaaaa33abj3qa7lv6zso4gq45je75qdvql5fmgrmzlic6nbtm33hlbt5q,,USD,1.337711111048e-6,us-sanjose-1,ORACLE_STREAMING_SERVICE,ocid1.tenancy.oc1..aaaaaaaadsyhydp66mjpsohqocfcgzaabtrit47ex2igzu2j6lhuadrrglca,,ocid1.stream.oc1.us-sanjose-1.amaaaaaa33abj3qaih4sw37guxveujynj7kd57drzhbjre6cclcaf3bt4ofa,Gigabytes Per Hour,B90939,0.009444444444,Gigabytes Per Hour
2023-11-13T06:00:00.000000+0000,2023-11-13T07:00:00.000000+0000,Oracle APEX Application Development,2023-11-01,2023-11-30,Oracle,ocid1.organizationssubscription.oc1.us-sanjose-1.amaaaaaa33abj3qa7lv6zso4gq45je75qdvql5fmgrmzlic6nbtm33hlbt5q,,USD,0.024528554999901885,us-sanjose-1,DATABASE,ocid1.tenancy.oc1..aaaaaaaadsyhydp66mjpsohqocfcgzaabtrit47ex2igzu2j6lhuadrrglca,sj-1,ocid1.autonomousdatabase.oc1.us-sanjose-1.anzwuljr33abj3qa3ustmv6jdlw6elfui5qg3jd7ugfx6oq7x5qa5emjmpta,Hours,B92911,0.166666666666,Hours
2023-11-13T09:00:00.000000+0000,2023-11-13T10:00:00.000000+0000,MySQL Database for HeatWave - Standard - Node per hour,2023-11-01,2023-11-30,Oracle,ocid1.organizationssubscription.oc1.us-sanjose-1.amaaaaaa33abj3qa7lv6zso4gq45je75qdvql5fmgrmzlic6nbtm33hlbt5q,,USD,0.036519144999853925,us-sanjose-1,MYSQL,ocid1.tenancy.oc1..aaaaaaaadsyhydp66mjpsohqocfcgzaabtrit47ex2igzu2j6lhuadrrglca,sj-1,ocid1.mysqlinstance.oc1.us-sanjose-1.abzwuljrijxaukifprz6it6gvgse4lqermwyw6hsi6p2bei5ivfk3qth6x5q,Instance per hour,B92024,0.166666666666,Instance per hour
2023-11-13T05:00:00.000000+0000,2023-11-13T06:00:00.000000+0000,MySQL Database Service - Storage,2023-11-01,2023-11-30,Oracle,ocid1.organizationssubscription.oc1.us-sanjose-1.amaaaaaa33abj3qa7lv6zso4gq45je75qdvql5fmgrmzlic6nbtm33hlbt5q,,USD,0.000710731182784594,us-sanjose-1,MYSQL,ocid1.tenancy.oc1..aaaaaaaadsyhydp66mjpsohqocfcgzaabtrit47ex2igzu2j6lhuadrrglca,sj-1,ocid1.mysqlinstance.oc1.us-sanjose-1.abzwuljrijxaukifprz6it6gvgse4lqermwyw6hsi6p2bei5ivfk3qth6x5q,GB Months,B92426,0.028673835125,GB Months
2023-11-13T10:00:00.000000+0000,2023-11-13T11:00:00.000000+0000,Monitoring Service - Retrieval,2023-11-01,2023-11-30,Oracle,ocid1.organizationssubscription.oc1.us-sanjose-1.amaaaaaa33abj3qa7lv6zso4gq45je75qdvql5fmgrmzlic6nbtm33hlbt5q,,USD,4.64752e-7,us-sanjose-1,TELEMETRY,ocid1.tenancy.oc1..aaaaaaaadsyhydp66mjpsohqocfcgzaabtrit47ex2igzu2j6lhuadrrglca,,oci_vcn,Million Datapoints,B90926,0.0004,Million Datapoints
2023-11-13T10:00:00.000000+0000,2023-11-13T11:00:00.000000+0000,Container Image Storage,2023-11-01,2023-11-30,Oracle,ocid1.organizationssubscription.oc1.us-sanjose-1.amaaaaaa33abj3qa7lv6zso4gq45je75qdvql5fmgrmzlic6nbtm33hlbt5q,,USD,4.81298076439e-7,us-sanjose-1,COMPUTE,ocid1.tenancy.oc1..aaaaaaaadsyhydp66mjpsohqocfcgzaabtrit47ex2igzu2j6lhuadrrglca,,ocid1.containerrepo.oc1.us-sanjose-1.0.axi5rjbot4mp.aaaaaaaaslfwxxoeeoxnrk7vfyqv77jupswli7ko4e3tvuegtqrwoqtkgb5a,GB Months,B91628,0.000048543887,GB Months
2023-11-13T10:00:00.000000+0000,2023-11-13T11:00:00.000000+0000,Container Image Storage,2023-11-01,2023-11-30,Oracle,ocid1.organizationssubscription.oc1.us-sanjose-1.amaaaaaa33abj3qa7lv6zso4gq45je75qdvql5fmgrmzlic6nbtm33hlbt5q,,USD,4.81298076439e-7,us-sanjose-1,COMPUTE,ocid1.tenancy.oc1..aaaaaaaadsyhydp66mjpsohqocfcgzaabtrit47ex2igzu2j6lhuadrrglca,,ocid1.containerrepo.oc1.us-sanjose-1.0.axi5rjbot4mp.aaaaaaaaslfwxxoeeoxnrk7vfyqv77jupswli7ko4e3tvuegtqrwoqtkgb5a,GB Months,B91628,0.000048543887,GB Months
2023-11-13T09:00:00.000000+0000,2023-11-13T10:00:00.000000+0000,MySQL Database for HeatWave - Standard - Node per hour,2023-11-01,2023-11-30,Oracle,ocid1.organizationssubscription.oc1.us-sanjose-1.amaaaaaa33abj3qa7lv6zso4gq45je75qdvql5fmgrmzlic6nbtm33hlbt5q,,USD,0.036519144999853925,us-sanjose-1,MYSQL,ocid1.tenancy.oc1..aaaaaaaadsyhydp66mjpsohqocfcgzaabtrit47ex2igzu2j6lhuadrrglca,sj-1,ocid1.mysqlinstance.oc1.us-sanjose-1.abzwuljrijxaukifprz6it6gvgse4lqermwyw6hsi6p2bei5ivfk3qth6x5q,Instance per hour,B92024,0.166666666666,Instance per hour
2023-11-13T06:00:00.000000+0000,2023-11-13T07:00:00.000000+0000,Monitoring Service - Retrieval,2023-11-01,2023-11-30,Oracle,ocid1.organizationssubscription.oc1.us-sanjose-1.amaaaaaa33abj3qa7lv6zso4gq45je75qdvql5fmgrmzlic6nbtm33hlbt5q,,USD,4.64752e-9,us-sanjose-1,TELEMETRY,ocid1.tenancy.oc1..aaaaaaaadsyhydp66mjpsohqocfcgzaabtrit47ex2igzu2j6lhuadrrglca,,oci_compute_infrastructure_health,Million Datapoints,B90926,4e-6,Million Datapoints
2023-11-13T07:00:00.000000+0000,2023-11-13T08:00:00.000000+0000,Container Image Storage,2023-11-01,2023-11-30,Oracle,ocid1.organizationssubscription.oc1.us-sanjose-1.amaaaaaa33abj3qa7lv6zso4gq45je75qdvql5fmgrmzlic6nbtm33hlbt5q,,USD,2.40649033262e-7,us-sanjose-1,COMPUTE,ocid1.tenancy.oc1..aaaaaaaadsyhydp66mjpsohqocfcgzaabtrit47ex2igzu2j6lhuadrrglca,,ocid1.containerrepo.oc1.us-sanjose-1.0.axi5rjbot4mp.aaaaaaaaslfwxxoeeoxnrk7vfyqv77jupswli7ko4e3tvuegtqrwoqtkgb5a,GB Months,B91628,0.000024271943,GB Months
2023-11-13T08:00:00.000000+0000,2023-11-13T09:00:00.000000+0000,Oracle Autonomous Transaction Processing - Exadata Storage,2023-11-01,2023-11-30,Oracle,ocid1.organizationssubscription.oc1.us-sanjose-1.amaaaaaa33abj3qa7lv6zso4gq45je75qdvql5fmgrmzlic6nbtm33hlbt5q,,USD,0.002859170002849772,us-sanjose-1,DATABASE,ocid1.tenancy.oc1..aaaaaaaadsyhydp66mjpsohqocfcgzaabtrit47ex2igzu2j6lhuadrrglca,sj-1,ocid1.autonomousdatabase.oc1.us-sanjose-1.anzwuljr33abj3qa3ustmv6jdlw6elfui5qg3jd7ugfx6oq7x5qa5emjmpta,TB,B90455,0.000112007168,TB
2023-11-13T08:00:00.000000+0000,2023-11-13T09:00:00.000000+0000,Monitoring Service - Retrieval,2023-11-01,2023-11-30,Oracle,ocid1.organizationssubscription.oc1.us-sanjose-1.amaaaaaa33abj3qa7lv6zso4gq45je75qdvql5fmgrmzlic6nbtm33hlbt5q,,USD,4.64752e-7,us-sanjose-1,TELEMETRY,ocid1.tenancy.oc1..aaaaaaaadsyhydp66mjpsohqocfcgzaabtrit47ex2igzu2j6lhuadrrglca,,oci_vcn,Million Datapoints,B90926,0.0004,Million Datapoints
2023-11-13T11:00:00.000000+0000,2023-11-13T12:00:00.000000+0000,Monitoring Service - Retrieval,2023-11-01,2023-11-30,Oracle,ocid1.organizationssubscription.oc1.us-sanjose-1.amaaaaaa33abj3qa7lv6zso4gq45je75qdvql5fmgrmzlic6nbtm33hlbt5q,,USD,2.32376e-8,us-sanjose-1,TELEMETRY,ocid1.tenancy.oc1..aaaaaaaadsyhydp66mjpsohqocfcgzaabtrit47ex2igzu2j6lhuadrrglca,,oci_compute,Million Datapoints,B90926,0.00002,Million Datapoints
2023-11-13T09:00:00.000000+0000,2023-11-13T10:00:00.000000+0000,Oracle APEX Application Development,2023-11-01,2023-11-30,Oracle,ocid1.organizationssubscription.oc1.us-sanjose-1.amaaaaaa33abj3qa7lv6zso4gq45je75qdvql5fmgrmzlic6nbtm33hlbt5q,,USD,0.024528554999901885,us-sanjose-1,DATABASE,ocid1.tenancy.oc1..aaaaaaaadsyhydp66mjpsohqocfcgzaabtrit47ex2igzu2j6lhuadrrglca,sj-1,ocid1.autonomousdatabase.oc1.us-sanjose-1.anzwuljr33abj3qa3ustmv6jdlw6elfui5qg3jd7ugfx6oq7x5qa5emjmpta,Hours,B92911,0.166666666666,Hours
2023-11-13T07:00:00.000000+0000,2023-11-13T08:00:00.000000+0000,Monitoring Service - Retrieval,2023-11-01,2023-11-30,Oracle,ocid1.organizationssubscription.oc1.us-sanjose-1.amaaaaaa33abj3qa7lv6zso4gq45je75qdvql5fmgrmzlic6nbtm33hlbt5q,,USD,9.29504e-9,us-sanjose-1,TELEMETRY,ocid1.tenancy.oc1..aaaaaaaadsyhydp66mjpsohqocfcgzaabtrit47ex2igzu2j6lhuadrrglca,,oci_compute,Million Datapoints,B90926,8e-6,Million Datapoints
2023-11-13T09:00:00.000000+0000,2023-11-13T10:00:00.000000+0000,Outbound Data Transfer Zone 1,2023-11-01,2023-11-30,Oracle,ocid1.organizationssubscription.oc1.us-sanjose-1.amaaaaaa33abj3qa7lv6zso4gq45je75qdvql5fmgrmzlic6nbtm33hlbt5q,,USD,8.36289670162e-7,us-sanjose-1,NETWORK,ocid1.tenancy.oc1..aaaaaaaadsyhydp66mjpsohqocfcgzaabtrit47ex2igzu2j6lhuadrrglca,,ocid1.vnic.oc1.us-sanjose-1.abzwuljrnocy3fyperpqihyokz3nuvhcseslimhfr5rvl5wga4y4uq5oezea,GB Months,B88327,0.000136896036,GB Months
2023-11-13T07:00:00.000000+0000,2023-11-13T08:00:00.000000+0000,MySQL Database Service - Storage,2023-11-01,2023-11-30,Oracle,ocid1.organizationssubscription.oc1.us-sanjose-1.amaaaaaa33abj3qa7lv6zso4gq45je75qdvql5fmgrmzlic6nbtm33hlbt5q,,USD,0.000710731182784594,us-sanjose-1,MYSQL,ocid1.tenancy.oc1..aaaaaaaadsyhydp66mjpsohqocfcgzaabtrit47ex2igzu2j6lhuadrrglca,sj-1,ocid1.mysqlinstance.oc1.us-sanjose-1.abzwuljrijxaukifprz6it6gvgse4lqermwyw6hsi6p2bei5ivfk3qth6x5q,GB Months,B92426,0.028673835125,GB Months
2023-11-13T08:00:00.000000+0000,2023-11-13T09:00:00.000000+0000,Block Volume - Performance Units,2023-11-01,2023-11-30,Oracle,ocid1.organizationssubscription.oc1.us-sanjose-1.amaaaaaa33abj3qa7lv6zso4gq45je75qdvql5fmgrmzlic6nbtm33hlbt5q,,USD,0.000263787625649341,us-sanjose-1,BLOCK_STORAGE,ocid1.tenancy.oc1..aaaaaaaadsyhydp66mjpsohqocfcgzaabtrit47ex2igzu2j6lhuadrrglca,sj-1,ocid1.bootvolume.oc1.us-sanjose-1.abzwuljrb4wzk5tikdkt6ugea3ntrr3lohyscahdouj3spcnizk7rmjt7feq,GB Months,B91962,0.626023745519,GB Months
2023-11-13T10:00:00.000000+0000,2023-11-13T11:00:00.000000+0000,Monitoring Service - Retrieval,2023-11-01,2023-11-30,Oracle,ocid1.organizationssubscription.oc1.us-sanjose-1.amaaaaaa33abj3qa7lv6zso4gq45je75qdvql5fmgrmzlic6nbtm33hlbt5q,,USD,8.13316e-9,us-sanjose-1,TELEMETRY,ocid1.tenancy.oc1..aaaaaaaadsyhydp66mjpsohqocfcgzaabtrit47ex2igzu2j6lhuadrrglca,,oci_blockstore,Million Datapoints,B90926,7e-6,Million Datapoints
2023-11-13T10:00:00.000000+0000,2023-11-13T11:00:00.000000+0000,Container Image Storage,2023-11-01,2023-11-30,Oracle,ocid1.organizationssubscription.oc1.us-sanjose-1.amaaaaaa33abj3qa7lv6zso4gq45je75qdvql5fmgrmzlic6nbtm33hlbt5q,,USD,4.81298076439e-7,us-sanjose-1,COMPUTE,ocid1.tenancy.oc1..aaaaaaaadsyhydp66mjpsohqocfcgzaabtrit47ex2igzu2j6lhuadrrglca,,ocid1.containerrepo.oc1.us-sanjose-1.0.axi5rjbot4mp.aaaaaaaaslfwxxoeeoxnrk7vfyqv77jupswli7ko4e3tvuegtqrwoqtkgb5a,GB Months,B91628,0.000048543887,GB Months
2023-11-13T09:00:00.000000+0000,2023-11-13T10:00:00.000000+0000,MySQL Database for HeatWave - Standard - Node per hour,2023-11-01,2023-11-30,Oracle,ocid1.organizationssubscription.oc1.us-sanjose-1.amaaaaaa33abj3qa7lv6zso4gq45je75qdvql5fmgrmzlic6nbtm33hlbt5q,,USD,0.0547787175,us-sanjose-1,MYSQL,ocid1.tenancy.oc1..aaaaaaaadsyhydp66mjpsohqocfcgzaabtrit47ex2igzu2j6lhuadrrglca,sj-1,ocid1.mysqlinstance.oc1.us-sanjose-1.abzwuljrijxaukifprz6it6gvgse4lqermwyw6hsi6p2bei5ivfk3qth6x5q,Instance per hour,B92024,0.25,Instance per hour
2023-11-13T10:00:00.000000+0000,2023-11-13T11:00:00.000000+0000,Oracle APEX Application Development,2023-11-01,2023-11-30,Oracle,ocid1.organizationssubscription.oc1.us-sanjose-1.amaaaaaa33abj3qa7lv6zso4gq45je75qdvql5fmgrmzlic6nbtm33hlbt5q,,USD,0.024528554999901885,us-sanjose-1,DATABASE,ocid1.tenancy.oc1..aaaaaaaadsyhydp66mjpsohqocfcgzaabtrit47ex2igzu2j6lhuadrrglca,sj-1,ocid1.autonomousdatabase.oc1.us-sanjose-1.anzwuljr33abj3qa3ustmv6jdlw6elfui5qg3jd7ugfx6oq7x5qa5emjmpta,Hours,B92911,0.166666666666,Hours
2023-11-13T06:00:00.000000+0000,2023-11-13T07:00:00.000000+0000,Container Image Storage,2023-11-01,2023-11-30,Oracle,ocid1.organizationssubscription.oc1.us-sanjose-1.amaaaaaa33abj3qa7lv6zso4gq45je75qdvql5fmgrmzlic6nbtm33hlbt5q,,USD,4.81298076439e-7,us-sanjose-1,COMPUTE,ocid1.tenancy.oc1..aaaaaaaadsyhydp66mjpsohqocfcgzaabtrit47ex2igzu2j6lhuadrrglca,,ocid1.containerrepo.oc1.us-sanjose-1.0.axi5rjbot4mp.aaaaaaaaslfwxxoeeoxnrk7vfyqv77jupswli7ko4e3tvuegtqrwoqtkgb5a,GB Months,B91628,0.000048543887,GB Months
2023-11-13T05:00:00.000000+0000,2023-11-13T06:00:00.000000+0000,MySQL Database Service - Storage,2023-11-01,2023-11-30,Oracle,ocid1.organizationssubscription.oc1.us-sanjose-1.amaaaaaa33abj3qa7lv6zso4gq45je75qdvql5fmgrmzlic6nbtm33hlbt5q,,USD,0.000710731182784594,us-sanjose-1,MYSQL,ocid1.tenancy.oc1..aaaaaaaadsyhydp66mjpsohqocfcgzaabtrit47ex2igzu2j6lhuadrrglca,sj-1,ocid1.mysqlinstance.oc1.us-sanjose-1.abzwuljrijxaukifprz6it6gvgse4lqermwyw6hsi6p2bei5ivfk3qth6x5q,GB Months,B92426,0.028673835125,GB Months
2023-11-13T06:00:00.000000+0000,2023-11-13T07:00:00.000000+0000,Monitoring Service - Retrieval,2023-11-01,2023-11-30,Oracle,ocid1.organizationssubscription.oc1.us-sanjose-1.amaaaaaa33abj3qa7lv6zso4gq45je75qdvql5fmgrmzlic6nbtm33hlbt5q,,USD,1.8357704e-7,us-sanjose-1,TELEMETRY,ocid1.tenancy.oc1..aaaaaaaadsyhydp66mjpsohqocfcgzaabtrit47ex2igzu2j6lhuadrrglca,,oci_autonomous_database,Million Datapoints,B90926,0.000158,Million Datapoints
2023-11-13T05:00:00.000000+0000,2023-11-13T06:00:00.000000+0000,Monitoring Service - Retrieval,2023-11-01,2023-11-30,Oracle,ocid1.organizationssubscription.oc1.us-sanjose-1.amaaaaaa33abj3qa7lv6zso4gq45je75qdvql5fmgrmzlic6nbtm33hlbt5q,,USD,4.0317236e-7,us-sanjose-1,TELEMETRY,ocid1.tenancy.oc1..aaaaaaaadsyhydp66mjpsohqocfcgzaabtrit47ex2igzu2j6lhuadrrglca,,oci_autonomous_database,Million Datapoints,B90926,0.000347,Million Datapoints
2023-11-13T09:00:00.000000+0000,2023-11-13T10:00:00.000000+0000,Container Image Storage,2023-11-01,2023-11-30,Oracle,ocid1.organizationssubscription.oc1.us-sanjose-1.amaaaaaa33abj3qa7lv6zso4gq45je75qdvql5fmgrmzlic6nbtm33hlbt5q,,USD,4.81298076439e-7,us-sanjose-1,COMPUTE,ocid1.tenancy.oc1..aaaaaaaadsyhydp66mjpsohqocfcgzaabtrit47ex2igzu2j6lhuadrrglca,,ocid1.containerrepo.oc1.us-sanjose-1.0.axi5rjbot4mp.aaaaaaaaslfwxxoeeoxnrk7vfyqv77jupswli7ko4e3tvuegtqrwoqtkgb5a,GB Months,B91628,0.000048543887,GB Months
2023-11-13T08:00:00.000000+0000,2023-11-13T09:00:00.000000+0000,Monitoring Service - Retrieval,2023-11-01,2023-11-30,Oracle,ocid1.organizationssubscription.oc1.us-sanjose-1.amaaaaaa33abj3qa7lv6zso4gq45je75qdvql5fmgrmzlic6nbtm33hlbt5q,,USD,4.4616192e-7,us-sanjose-1,TELEMETRY,ocid1.tenancy.oc1..aaaaaaaadsyhydp66mjpsohqocfcgzaabtrit47ex2igzu2j6lhuadrrglca,,oci_autonomous_database,Million Datapoints,B90926,0.000384,Million Datapoints
2023-11-13T05:00:00.000000+0000,2023-11-13T06:00:00.000000+0000,Block Volume - Performance Units,2023-11-01,2023-11-30,Oracle,ocid1.organizationssubscription.oc1.us-sanjose-1.amaaaaaa33abj3qa7lv6zso4gq45je75qdvql5fmgrmzlic6nbtm33hlbt5q,,USD,0.000263787625649341,us-sanjose-1,BLOCK_STORAGE,ocid1.tenancy.oc1..aaaaaaaadsyhydp66mjpsohqocfcgzaabtrit47ex2igzu2j6lhuadrrglca,sj-1,ocid1.bootvolume.oc1.us-sanjose-1.abzwuljrb4wzk5tikdkt6ugea3ntrr3lohyscahdouj3spcnizk7rmjt7feq,GB Months,B91962,0.626023745519,GB Months
2023-11-13T10:00:00.000000+0000,2023-11-13T11:00:00.000000+0000,Oracle APEX Application Development,2023-11-01,2023-11-30,Oracle,ocid1.organizationssubscription.oc1.us-sanjose-1.amaaaaaa33abj3qa7lv6zso4gq45je75qdvql5fmgrmzlic6nbtm33hlbt5q,,USD,0.024528554999901885,us-sanjose-1,DATABASE,ocid1.tenancy.oc1..aaaaaaaadsyhydp66mjpsohqocfcgzaabtrit47ex2igzu2j6lhuadrrglca,sj-1,ocid1.autonomousdatabase.oc1.us-sanjose-1.anzwuljr33abj3qa3ustmv6jdlw6elfui5qg3jd7ugfx6oq7x5qa5emjmpta,Hours,B92911,0.166666666666,Hours
2023-11-13T07:00:00.000000+0000,2023-11-13T08:00:00.000000+0000,MySQL Database for HeatWave - Standard - Node per hour,2023-11-01,2023-11-30,Oracle,ocid1.organizationssubscription.oc1.us-sanjose-1.amaaaaaa33abj3qa7lv6zso4gq45je75qdvql5fmgrmzlic6nbtm33hlbt5q,,USD,0.036519144999853925,us-sanjose-1,MYSQL,ocid1.tenancy.oc1..aaaaaaaadsyhydp66mjpsohqocfcgzaabtrit47ex2igzu2j6lhuadrrglca,sj-1,ocid1.mysqlinstance.oc1.us-sanjose-1.abzwuljrijxaukifprz6it6gvgse4lqermwyw6hsi6p2bei5ivfk3qth6x5q,Instance per hour,B92024,0.166666666666,Instance per hour
2023-11-13T08:00:00.000000+0000,2023-11-13T09:00:00.000000+0000,Monitoring Service - Retrieval,2023-11-01,2023-11-30,Oracle,ocid1.organizationssubscription.oc1.us-sanjose-1.amaaaaaa33abj3qa7lv6zso4gq45je75qdvql5fmgrmzlic6nbtm33hlbt5q,,USD,2.32376e-7,us-sanjose-1,TELEMETRY,ocid1.tenancy.oc1..aaaaaaaadsyhydp66mjpsohqocfcgzaabtrit47ex2igzu2j6lhuadrrglca,,oci_vcn,Million Datapoints,B90926,0.0002,Million Datapoints
2023-11-13T10:00:00.000000+0000,2023-11-13T11:00:00.000000+0000,MySQL Database for HeatWave - Standard - Node per hour,2023-11-01,2023-11-30,Oracle,ocid1.organizationssubscription.oc1.us-sanjose-1.amaaaaaa33abj3qa7lv6zso4gq45je75qdvql5fmgrmzlic6nbtm33hlbt5q,,USD,0.036519144999853925,us-sanjose-1,MYSQL,ocid1.tenancy.oc1..aaaaaaaadsyhydp66mjpsohqocfcgzaabtrit47ex2igzu2j6lhuadrrglca,sj-1,ocid1.mysqlinstance.oc1.us-sanjose-1.abzwuljrijxaukifprz6it6gvgse4lqermwyw6hsi6p2bei5ivfk3qth6x5q,Instance per hour,B92024,0.166666666666,Instance per hour
2023-11-13T07:00:00.000000+0000,2023-11-13T08:00:00.000000+0000,Monitoring Service - Retrieval,2023-11-01,2023-11-30,Oracle,ocid1.organizationssubscription.oc1.us-sanjose-1.amaaaaaa33abj3qa7lv6zso4gq45je75qdvql5fmgrmzlic6nbtm33hlbt5q,,USD,1.16188e-8,us-sanjose-1,TELEMETRY,ocid1.tenancy.oc1..aaaaaaaadsyhydp66mjpsohqocfcgzaabtrit47ex2igzu2j6lhuadrrglca,,oci_compute,Million Datapoints,B90926,0.00001,Million Datapoints
2023-11-13T08:00:00.000000+0000,2023-11-13T09:00:00.000000+0000,Standard - E4 - Memory,2023-11-01,2023-11-30,Oracle,ocid1.organizationssubscription.oc1.us-sanjose-1.amaaaaaa33abj3qa7lv6zso4gq45je75qdvql5fmgrmzlic6nbtm33hlbt5q,,USD,0.00136084,us-sanjose-1,COMPUTE,ocid1.tenancy.oc1..aaaaaaaadsyhydp66mjpsohqocfcgzaabtrit47ex2igzu2j6lhuadrrglca,sj-1,ocid1.instance.oc1.us-sanjose-1.anzwuljr33abj3qcn6ugox3wetdefjnrjositn7hexayzgxipdxejwitp7aq,GB Hours,B93114,4.0,GB Hours
2023-11-13T11:00:00.000000+0000,2023-11-13T12:00:00.000000+0000,Monitoring Service - Retrieval,2023-11-01,2023-11-30,Oracle,ocid1.organizationssubscription.oc1.us-sanjose-1.amaaaaaa33abj3qa7lv6zso4gq45je75qdvql5fmgrmzlic6nbtm33hlbt5q,,USD,2.32376e-7,us-sanjose-1,TELEMETRY,ocid1.tenancy.oc1..aaaaaaaadsyhydp66mjpsohqocfcgzaabtrit47ex2igzu2j6lhuadrrglca,,oci_vcn,Million Datapoints,B90926,0.0002,Million Datapoints
2023-11-13T09:00:00.000000+0000,2023-11-13T10:00:00.000000+0000,MySQL Database Service - Storage,2023-11-01,2023-11-30,Oracle,ocid1.organizationssubscription.oc1.us-sanjose-1.amaaaaaa33abj3qa7lv6zso4gq45je75qdvql5fmgrmzlic6nbtm33hlbt5q,,USD,0.000355365591379904,us-sanjose-1,MYSQL,ocid1.tenancy.oc1..aaaaaaaadsyhydp66mjpsohqocfcgzaabtrit47ex2igzu2j6lhuadrrglca,sj-1,ocid1.mysqlinstance.oc1.us-sanjose-1.abzwuljrijxaukifprz6it6gvgse4lqermwyw6hsi6p2bei5ivfk3qth6x5q,GB Months,B92426,0.014336917562,GB Months
2023-11-13T10:00:00.000000+0000,2023-11-13T11:00:00.000000+0000,Monitoring Service - Retrieval,2023-11-01,2023-11-30,Oracle,ocid1.organizationssubscription.oc1.us-sanjose-1.amaaaaaa33abj3qa7lv6zso4gq45je75qdvql5fmgrmzlic6nbtm33hlbt5q,,USD,4.64752e-7,us-sanjose-1,TELEMETRY,ocid1.tenancy.oc1..aaaaaaaadsyhydp66mjpsohqocfcgzaabtrit47ex2igzu2j6lhuadrrglca,,oci_vcn,Million Datapoints,B90926,0.0004,Million Datapoints
2023-11-13T06:00:00.000000+0000,2023-11-13T07:00:00.000000+0000,MySQL Database for HeatWave - Standard - Node per hour,2023-11-01,2023-11-30,Oracle,ocid1.organizationssubscription.oc1.us-sanjose-1.amaaaaaa33abj3qa7lv6zso4gq45je75qdvql5fmgrmzlic6nbtm33hlbt5q,,USD,0.036519144999853925,us-sanjose-1,MYSQL,ocid1.tenancy.oc1..aaaaaaaadsyhydp66mjpsohqocfcgzaabtrit47ex2igzu2j6lhuadrrglca,sj-1,ocid1.mysqlinstance.oc1.us-sanjose-1.abzwuljrijxaukifprz6it6gvgse4lqermwyw6hsi6p2bei5ivfk3qth6x5q,Instance per hour,B92024,0.166666666666,Instance per hour
2023-11-13T05:00:00.000000+0000,2023-11-13T06:00:00.000000+0000,Oracle APEX Application Development,2023-11-01,2023-11-30,Oracle,ocid1.organizationssubscription.oc1.us-sanjose-1.amaaaaaa33abj3qa7lv6zso4gq45je75qdvql5fmgrmzlic6nbtm33hlbt5q,,USD,0.024528554999901885,us-sanjose-1,DATABASE,ocid1.tenancy.oc1..aaaaaaaadsyhydp66mjpsohqocfcgzaabtrit47ex2igzu2j6lhuadrrglca,sj-1,ocid1.autonomousdatabase.oc1.us-sanjose-1.anzwuljr33abj3qa3ustmv6jdlw6elfui5qg3jd7ugfx6oq7x5qa5emjmpta,Hours,B92911,0.166666666666,Hours
2023-11-13T05:00:00.000000+0000,2023-11-13T06:00:00.000000+0000,MySQL Database for HeatWave - Standard - Node per hour,2023-11-01,2023-11-30,Oracle,ocid1.organizationssubscription.oc1.us-sanjose-1.amaaaaaa33abj3qa7lv6zso4gq45je75qdvql5fmgrmzlic6nbtm33hlbt5q,,USD,0.036519144999853925,us-sanjose-1,MYSQL,ocid1.tenancy.oc1..aaaaaaaadsyhydp66mjpsohqocfcgzaabtrit47ex2igzu2j6lhuadrrglca,sj-1,ocid1.mysqlinstance.oc1.us-sanjose-1.abzwuljrijxaukifprz6it6gvgse4lqermwyw6hsi6p2bei5ivfk3qth6x5q,Instance per hour,B92024,0.166666666666,Instance per hour
2023-11-13T06:00:00.000000+0000,2023-11-13T07:00:00.000000+0000,Monitoring Service - Retrieval,2023-11-01,2023-11-30,Oracle,ocid1.organizationssubscription.oc1.us-sanjose-1.amaaaaaa33abj3qa7lv6zso4gq45je75qdvql5fmgrmzlic6nbtm33hlbt5q,,USD,3.718016e-8,us-sanjose-1,TELEMETRY,ocid1.tenancy.oc1..aaaaaaaadsyhydp66mjpsohqocfcgzaabtrit47ex2igzu2j6lhuadrrglca,,oci_blockstore,Million Datapoints,B90926,0.000032,Million Datapoints
2023-11-13T10:00:00.000000+0000,2023-11-13T11:00:00.000000+0000,MySQL Database Service - Storage,2023-11-01,2023-11-30,Oracle,ocid1.organizationssubscription.oc1.us-sanjose-1.amaaaaaa33abj3qa7lv6zso4gq45je75qdvql5fmgrmzlic6nbtm33hlbt5q,,USD,0.000710731182784594,us-sanjose-1,MYSQL,ocid1.tenancy.oc1..aaaaaaaadsyhydp66mjpsohqocfcgzaabtrit47ex2igzu2j6lhuadrrglca,sj-1,ocid1.mysqlinstance.oc1.us-sanjose-1.abzwuljrijxaukifprz6it6gvgse4lqermwyw6hsi6p2bei5ivfk3qth6x5q,GB Months,B92426,0.028673835125,GB Months
2023-11-13T10:00:00.000000+0000,2023-11-13T11:00:00.000000+0000,Monitoring Service - Retrieval,2023-11-01,2023-11-30,Oracle,ocid1.organizationssubscription.oc1.us-sanjose-1.amaaaaaa33abj3qa7lv6zso4gq45je75qdvql5fmgrmzlic6nbtm33hlbt5q,,USD,4.64752e-7,us-sanjose-1,TELEMETRY,ocid1.tenancy.oc1..aaaaaaaadsyhydp66mjpsohqocfcgzaabtrit47ex2igzu2j6lhuadrrglca,,oci_vcn,Million Datapoints,B90926,0.0004,Million Datapoints
2023-11-13T07:00:00.000000+0000,2023-11-13T08:00:00.000000+0000,Oracle APEX Application Development,2023-11-01,2023-11-30,Oracle,ocid1.organizationssubscription.oc1.us-sanjose-1.amaaaaaa33abj3qa7lv6zso4gq45je75qdvql5fmgrmzlic6nbtm33hlbt5q,,USD,0.012264277499950942,us-sanjose-1,DATABASE,ocid1.tenancy.oc1..aaaaaaaadsyhydp66mjpsohqocfcgzaabtrit47ex2igzu2j6lhuadrrglca,sj-1,ocid1.autonomousdatabase.oc1.us-sanjose-1.anzwuljr33abj3qa3ustmv6jdlw6elfui5qg3jd7ugfx6oq7x5qa5emjmpta,Hours,B92911,0.083333333333,Hours
2023-11-13T10:00:00.000000+0000,2023-11-13T11:00:00.000000+0000,Monitoring Service - Retrieval,2023-11-01,2023-11-30,Oracle,ocid1.organizationssubscription.oc1.us-sanjose-1.amaaaaaa33abj3qa7lv6zso4gq45je75qdvql5fmgrmzlic6nbtm33hlbt5q,,USD,9.29504e-9,us-sanjose-1,TELEMETRY,ocid1.tenancy.oc1..aaaaaaaadsyhydp66mjpsohqocfcgzaabtrit47ex2igzu2j6lhuadrrglca,,oci_blockstore,Million Datapoints,B90926,8e-6,Million Datapoints
2023-11-13T09:00:00.000000+0000,2023-11-13T10:00:00.000000+0000,Outbound Data Transfer Zone 1,2023-11-01,2023-11-30,Oracle,ocid1.organizationssubscription.oc1.us-sanjose-1.amaaaaaa33abj3qa7lv6zso4gq45je75qdvql5fmgrmzlic6nbtm33hlbt5q,,USD,2.35296252061e-7,us-sanjose-1,NETWORK,ocid1.tenancy.oc1..aaaaaaaadsyhydp66mjpsohqocfcgzaabtrit47ex2igzu2j6lhuadrrglca,,ocid1.vnic.oc1.us-sanjose-1.abzwuljrnocy3fyperpqihyokz3nuvhcseslimhfr5rvl5wga4y4uq5oezea,GB Months,B88327,0.000038516707,GB Months
2023-11-13T10:00:00.000000+0000,2023-11-13T11:00:00.000000+0000,Monitoring Service - Retrieval,2023-11-01,2023-11-30,Oracle,ocid1.organizationssubscription.oc1.us-sanjose-1.amaaaaaa33abj3qa7lv6zso4gq45je75qdvql5fmgrmzlic6nbtm33hlbt5q,,USD,4.4500004e-7,us-sanjose-1,TELEMETRY,ocid1.tenancy.oc1..aaaaaaaadsyhydp66mjpsohqocfcgzaabtrit47ex2igzu2j6lhuadrrglca,,oci_autonomous_database,Million Datapoints,B90926,0.000383,Million Datapoints
2023-11-13T08:00:00.000000+0000,2023-11-13T09:00:00.000000+0000,MySQL Database for HeatWave - Standard - Node per hour,2023-11-01,2023-11-30,Oracle,ocid1.organizationssubscription.oc1.us-sanjose-1.amaaaaaa33abj3qa7lv6zso4gq45je75qdvql5fmgrmzlic6nbtm33hlbt5q,,USD,0.036519144999853925,us-sanjose-1,MYSQL,ocid1.tenancy.oc1..aaaaaaaadsyhydp66mjpsohqocfcgzaabtrit47ex2igzu2j6lhuadrrglca,sj-1,ocid1.mysqlinstance.oc1.us-sanjose-1.abzwuljrijxaukifprz6it6gvgse4lqermwyw6hsi6p2bei5ivfk3qth6x5q,Instance per hour,B92024,0.166666666666,Instance per hour
2023-11-13T06:00:00.000000+0000,2023-11-13T07:00:00.000000+0000,Container Image Storage,2023-11-01,2023-11-30,Oracle,ocid1.organizationssubscription.oc1.us-sanjose-1.amaaaaaa33abj3qa7lv6zso4gq45je75qdvql5fmgrmzlic6nbtm33hlbt5q,,USD,4.81298076439e-7,us-sanjose-1,COMPUTE,ocid1.tenancy.oc1..aaaaaaaadsyhydp66mjpsohqocfcgzaabtrit47ex2igzu2j6lhuadrrglca,,ocid1.containerrepo.oc1.us-sanjose-1.0.axi5rjbot4mp.aaaaaaaaslfwxxoeeoxnrk7vfyqv77jupswli7ko4e3tvuegtqrwoqtkgb5a,GB Months,B91628,0.000048543887,GB Months
2023-11-13T06:00:00.000000+0000,2023-11-13T07:00:00.000000+0000,Object Storage - Storage,2023-11-01,2023-11-30,Oracle,ocid1.organizationssubscription.oc1.us-sanjose-1.amaaaaaa33abj3qa7lv6zso4gq45je75qdvql5fmgrmzlic6nbtm33hlbt5q,,USD,6.26609e-12,us-sanjose-1,OBJECTSTORE,ocid1.tenancy.oc1..aaaaaaaadsyhydp66mjpsohqocfcgzaabtrit47ex2igzu2j6lhuadrrglca,,axi5rjbot4mp/MonitoringData,GB Months,B91628,6.32e-10,GB Months
2023-11-13T07:00:00.000000+0000,2023-11-13T08:00:00.000000+0000,Monitoring Service - Retrieval,2023-11-01,2023-11-30,Oracle,ocid1.organizationssubscription.oc1.us-sanjose-1.amaaaaaa33abj3qa7lv6zso4gq45je75qdvql5fmgrmzlic6nbtm33hlbt5q,,USD,1.626632e-8,us-sanjose-1,TELEMETRY,ocid1.tenancy.oc1..aaaaaaaadsyhydp66mjpsohqocfcgzaabtrit47ex2igzu2j6lhuadrrglca,,oci_compute,Million Datapoints,B90926,0.000014,Million Datapoints
2023-11-13T08:00:00.000000+0000,2023-11-13T09:00:00.000000+0000,MySQL Database Service - Storage,2023-11-01,2023-11-30,Oracle,ocid1.organizationssubscription.oc1.us-sanjose-1.amaaaaaa33abj3qa7lv6zso4gq45je75qdvql5fmgrmzlic6nbtm33hlbt5q,,USD,0.000710731182784594,us-sanjose-1,MYSQL,ocid1.tenancy.oc1..aaaaaaaadsyhydp66mjpsohqocfcgzaabtrit47ex2igzu2j6lhuadrrglca,sj-1,ocid1.mysqlinstance.oc1.us-sanjose-1.abzwuljrijxaukifprz6it6gvgse4lqermwyw6hsi6p2bei5ivfk3qth6x5q,GB Months,B92426,0.028673835125,GB Months
2023-11-13T09:00:00.000000+0000,2023-11-13T10:00:00.000000+0000,MySQL Database Service - Storage,2023-11-01,2023-11-30,Oracle,ocid1.organizationssubscription.oc1.us-sanjose-1.amaaaaaa33abj3qa7lv6zso4gq45je75qdvql5fmgrmzlic6nbtm33hlbt5q,,USD,0.000710731182784594,us-sanjose-1,MYSQL,ocid1.tenancy.oc1..aaaaaaaadsyhydp66mjpsohqocfcgzaabtrit47ex2igzu2j6lhuadrrglca,sj-1,ocid1.mysqlinstance.oc1.us-sanjose-1.abzwuljrijxaukifprz6it6gvgse4lqermwyw6hsi6p2bei5ivfk3qth6x5q,GB Months,B92426,0.028673835125,GB Months
2023-11-13T11:00:00.000000+0000,2023-11-13T12:00:00.000000+0000,Outbound Data Transfer Zone 1,2023-11-01,2023-11-30,Oracle,ocid1.organizationssubscription.oc1.us-sanjose-1.amaaaaaa33abj3qa7lv6zso4gq45je75qdvql5fmgrmzlic6nbtm33hlbt5q,,USD,6.82988954748e-7,us-sanjose-1,NETWORK,ocid1.tenancy.oc1..aaaaaaaadsyhydp66mjpsohqocfcgzaabtrit47ex2igzu2j6lhuadrrglca,,ocid1.vnic.oc1.us-sanjose-1.abzwuljrnocy3fyperpqihyokz3nuvhcseslimhfr5rvl5wga4y4uq5oezea,GB Months,B88327,0.000111801549,GB Months
2023-11-13T09:00:00.000000+0000,2023-11-13T10:00:00.000000+0000,Monitoring Service - Retrieval,2023-11-01,2023-11-30,Oracle,ocid1.organizationssubscription.oc1.us-sanjose-1.amaaaaaa33abj3qa7lv6zso4gq45je75qdvql5fmgrmzlic6nbtm33hlbt5q,,USD,4.3454312e-7,us-sanjose-1,TELEMETRY,ocid1.tenancy.oc1..aaaaaaaadsyhydp66mjpsohqocfcgzaabtrit47ex2igzu2j6lhuadrrglca,,oci_autonomous_database,Million Datapoints,B90926,0.000374,Million Datapoints
2023-11-13T06:00:00.000000+0000,2023-11-13T07:00:00.000000+0000,Container Image Storage,2023-11-01,2023-11-30,Oracle,ocid1.organizationssubscription.oc1.us-sanjose-1.amaaaaaa33abj3qa7lv6zso4gq45je75qdvql5fmgrmzlic6nbtm33hlbt5q,,USD,4.81298076439e-7,us-sanjose-1,COMPUTE,ocid1.tenancy.oc1..aaaaaaaadsyhydp66mjpsohqocfcgzaabtrit47ex2igzu2j6lhuadrrglca,,ocid1.containerrepo.oc1.us-sanjose-1.0.axi5rjbot4mp.aaaaaaaaslfwxxoeeoxnrk7vfyqv77jupswli7ko4e3tvuegtqrwoqtkgb5a,GB Months,B91628,0.000048543887,GB Months
2023-11-13T06:00:00.000000+0000,2023-11-13T07:00:00.000000+0000,Monitoring Service - Retrieval,2023-11-01,2023-11-30,Oracle,ocid1.organizationssubscription.oc1.us-sanjose-1.amaaaaaa33abj3qa7lv6zso4gq45je75qdvql5fmgrmzlic6nbtm33hlbt5q,,USD,2.32376e-9,us-sanjose-1,TELEMETRY,ocid1.tenancy.oc1..aaaaaaaadsyhydp66mjpsohqocfcgzaabtrit47ex2igzu2j6lhuadrrglca,,oci_compute_infrastructure_health,Million Datapoints,B90926,2e-6,Million Datapoints
2023-11-13T10:00:00.000000+0000,2023-11-13T11:00:00.000000+0000,Outbound Data Transfer Zone 1,2023-11-01,2023-11-30,Oracle,ocid1.organizationssubscription.oc1.us-sanjose-1.amaaaaaa33abj3qa7lv6zso4gq45je75qdvql5fmgrmzlic6nbtm33hlbt5q,,USD,3.0392740118e-8,us-sanjose-1,NETWORK,ocid1.tenancy.oc1..aaaaaaaadsyhydp66mjpsohqocfcgzaabtrit47ex2igzu2j6lhuadrrglca,,ocid1.vnic.oc1.us-sanjose-1.abzwuljrnocy3fyperpqihyokz3nuvhcseslimhfr5rvl5wga4y4uq5oezea,GB Months,B88327,4.975125e-6,GB Months
2023-11-13T08:00:00.000000+0000,2023-11-13T09:00:00.000000+0000,Monitoring Service - Retrieval,2023-11-01,2023-11-30,Oracle,ocid1.organizationssubscription.oc1.us-sanjose-1.amaaaaaa33abj3qa7lv6zso4gq45je75qdvql5fmgrmzlic6nbtm33hlbt5q,,USD,2.091384e-8,us-sanjose-1,TELEMETRY,ocid1.tenancy.oc1..aaaaaaaadsyhydp66mjpsohqocfcgzaabtrit47ex2igzu2j6lhuadrrglca,,oci_blockstore,Million Datapoints,B90926,0.000018,Million Datapoints
2023-11-13T10:00:00.000000+0000,2023-11-13T11:00:00.000000+0000,Monitoring Service - Retrieval,2023-11-01,2023-11-30,Oracle,ocid1.organizationssubscription.oc1.us-sanjose-1.amaaaaaa33abj3qa7lv6zso4gq45je75qdvql5fmgrmzlic6nbtm33hlbt5q,,USD,3.9968672e-7,us-sanjose-1,TELEMETRY,ocid1.tenancy.oc1..aaaaaaaadsyhydp66mjpsohqocfcgzaabtrit47ex2igzu2j6lhuadrrglca,,oci_autonomous_database,Million Datapoints,B90926,0.000344,Million Datapoints
2023-11-13T05:00:00.000000+0000,2023-11-13T06:00:00.000000+0000,Monitoring Service - Retrieval,2023-11-01,2023-11-30,Oracle,ocid1.organizationssubscription.oc1.us-sanjose-1.amaaaaaa33abj3qa7lv6zso4gq45je75qdvql5fmgrmzlic6nbtm33hlbt5q,,USD,4.64752e-9,us-sanjose-1,TELEMETRY,ocid1.tenancy.oc1..aaaaaaaadsyhydp66mjpsohqocfcgzaabtrit47ex2igzu2j6lhuadrrglca,,oci_compute,Million Datapoints,B90926,4e-6,Million Datapoints
2023-11-13T09:00:00.000000+0000,2023-11-13T10:00:00.000000+0000,Monitoring Service - Retrieval,2023-11-01,2023-11-30,Oracle,ocid1.organizationssubscription.oc1.us-sanjose-1.amaaaaaa33abj3qa7lv6zso4gq45je75qdvql5fmgrmzlic6nbtm33hlbt5q,,USD,2.32376e-7,us-sanjose-1,TELEMETRY,ocid1.tenancy.oc1..aaaaaaaadsyhydp66mjpsohqocfcgzaabtrit47ex2igzu2j6lhuadrrglca,,oci_vcn,Million Datapoints,B90926,0.0002,Million Datapoints
2023-11-13T06:00:00.000000+0000,2023-11-13T07:00:00.000000+0000,MySQL Database Service - Storage,2023-11-01,2023-11-30,Oracle,ocid1.organizationssubscription.oc1.us-sanjose-1.amaaaaaa33abj3qa7lv6zso4gq45je75qdvql5fmgrmzlic6nbtm33hlbt5q,,USD,0.000710731182784594,us-sanjose-1,MYSQL,ocid1.tenancy.oc1..aaaaaaaadsyhydp66mjpsohqocfcgzaabtrit47ex2igzu2j6lhuadrrglca,sj-1,ocid1.mysqlinstance.oc1.us-sanjose-1.abzwuljrijxaukifprz6it6gvgse4lqermwyw6hsi6p2bei5ivfk3qth6x5q,GB Months,B92426,0.028673835125,GB Months
2023-11-13T10:00:00.000000+0000,2023-11-13T11:00:00.000000+0000,Monitoring Service - Retrieval,2023-11-01,2023-11-30,Oracle,ocid1.organizationssubscription.oc1.us-sanjose-1.amaaaaaa33abj3qa7lv6zso4gq45je75qdvql5fmgrmzlic6nbtm33hlbt5q,,USD,4.64752e-7,us-sanjose-1,TELEMETRY,ocid1.tenancy.oc1..aaaaaaaadsyhydp66mjpsohqocfcgzaabtrit47ex2igzu2j6lhuadrrglca,,oci_vcn,Million Datapoints,B90926,0.0004,Million Datapoints
2023-11-13T07:00:00.000000+0000,2023-11-13T08:00:00.000000+0000,Monitoring Service - Retrieval,2023-11-01,2023-11-30,Oracle,ocid1.organizationssubscription.oc1.us-sanjose-1.amaaaaaa33abj3qa7lv6zso4gq45je75qdvql5fmgrmzlic6nbtm33hlbt5q,,USD,8.13316e-9,us-sanjose-1,TELEMETRY,ocid1.tenancy.oc1..aaaaaaaadsyhydp66mjpsohqocfcgzaabtrit47ex2igzu2j6lhuadrrglca,,oci_blockstore,Million Datapoints,B90926,7e-6,Million Datapoints
2023-11-13T06:00:00.000000+0000,2023-11-13T07:00:00.000000+0000,Streaming - PUT or GET,2023-11-01,2023-11-30,Oracle,ocid1.organizationssubscription.oc1.us-sanjose-1.amaaaaaa33abj3qa7lv6zso4gq45je75qdvql5fmgrmzlic6nbtm33hlbt5q,,USD,0.000022240304728714,us-sanjose-1,ORACLE_STREAMING_SERVICE,ocid1.tenancy.oc1..aaaaaaaadsyhydp66mjpsohqocfcgzaabtrit47ex2igzu2j6lhuadrrglca,,ocid1.stream.oc1.us-sanjose-1.amaaaaaa33abj3qaih4sw37guxveujynj7kd57drzhbjre6cclcaf3bt4ofa,GB Of Data Transferred,B90938,0.00179453101,GB Of Data Transferred
2023-11-13T08:00:00.000000+0000,2023-11-13T09:00:00.000000+0000,Oracle Autonomous Transaction Processing - Exadata Storage,2023-11-01,2023-11-30,Oracle,ocid1.organizationssubscription.oc1.us-sanjose-1.amaaaaaa33abj3qa7lv6zso4gq45je75qdvql5fmgrmzlic6nbtm33hlbt5q,,USD,0.005718340005699543,us-sanjose-1,DATABASE,ocid1.tenancy.oc1..aaaaaaaadsyhydp66mjpsohqocfcgzaabtrit47ex2igzu2j6lhuadrrglca,sj-1,ocid1.autonomousdatabase.oc1.us-sanjose-1.anzwuljr33abj3qa3ustmv6jdlw6elfui5qg3jd7ugfx6oq7x5qa5emjmpta,TB,B90455,0.000224014336,TB
2023-11-13T09:00:00.000000+0000,2023-11-13T10:00:00.000000+0000,MySQL Database for HeatWave - Standard - Node per hour,2023-11-01,2023-11-30,Oracle,ocid1.organizationssubscription.oc1.us-sanjose-1.amaaaaaa33abj3qa7lv6zso4gq45je75qdvql5fmgrmzlic6nbtm33hlbt5q,,USD,0.036519144999853925,us-sanjose-1,MYSQL,ocid1.tenancy.oc1..aaaaaaaadsyhydp66mjpsohqocfcgzaabtrit47ex2igzu2j6lhuadrrglca,sj-1,ocid1.mysqlinstance.oc1.us-sanjose-1.abzwuljrijxaukifprz6it6gvgse4lqermwyw6hsi6p2bei5ivfk3qth6x5q,Instance per hour,B92024,0.166666666666,Instance per hour
2023-11-13T06:00:00.000000+0000,2023-11-13T07:00:00.000000+0000,Outbound Data Transfer Zone 1,2023-11-01,2023-11-30,Oracle,ocid1.organizationssubscription.oc1.us-sanjose-1.amaaaaaa33abj3qa7lv6zso4gq45je75qdvql5fmgrmzlic6nbtm33hlbt5q,,USD,3.15419985056e-7,us-sanjose-1,NETWORK,ocid1.tenancy.oc1..aaaaaaaadsyhydp66mjpsohqocfcgzaabtrit47ex2igzu2j6lhuadrrglca,,ocid1.vnic.oc1.us-sanjose-1.abzwuljrnocy3fyperpqihyokz3nuvhcseslimhfr5rvl5wga4y4uq5oezea,GB Months,B88327,0.000051632523,GB Months
2023-11-13T10:00:00.000000+0000,2023-11-13T11:00:00.000000+0000,Monitoring Service - Retrieval,2023-11-01,2023-11-30,Oracle,ocid1.organizationssubscription.oc1.us-sanjose-1.amaaaaaa33abj3qa7lv6zso4gq45je75qdvql5fmgrmzlic6nbtm33hlbt5q,,USD,4.6359012e-7,us-sanjose-1,TELEMETRY,ocid1.tenancy.oc1..aaaaaaaadsyhydp66mjpsohqocfcgzaabtrit47ex2igzu2j6lhuadrrglca,,oci_autonomous_database,Million Datapoints,B90926,0.000399,Million Datapoints
2023-11-13T10:00:00.000000+0000,2023-11-13T11:00:00.000000+0000,Container Image Storage,2023-11-01,2023-11-30,Oracle,ocid1.organizationssubscription.oc1.us-sanjose-1.amaaaaaa33abj3qa7lv6zso4gq45je75qdvql5fmgrmzlic6nbtm33hlbt5q,,USD,4.81298076439e-7,us-sanjose-1,COMPUTE,ocid1.tenancy.oc1..aaaaaaaadsyhydp66mjpsohqocfcgzaabtrit47ex2igzu2j6lhuadrrglca,,ocid1.containerrepo.oc1.us-sanjose-1.0.axi5rjbot4mp.aaaaaaaaslfwxxoeeoxnrk7vfyqv77jupswli7ko4e3tvuegtqrwoqtkgb5a,GB Months,B91628,0.000048543887,GB Months
2023-11-13T08:00:00.000000+0000,2023-11-13T09:00:00.000000+0000,Monitoring Service - Retrieval,2023-11-01,2023-11-30,Oracle,ocid1.organizationssubscription.oc1.us-sanjose-1.amaaaaaa33abj3qa7lv6zso4gq45je75qdvql5fmgrmzlic6nbtm33hlbt5q,,USD,1.16188e-8,us-sanjose-1,TELEMETRY,ocid1.tenancy.oc1..aaaaaaaadsyhydp66mjpsohqocfcgzaabtrit47ex2igzu2j6lhuadrrglca,,oci_blockstore,Million Datapoints,B90926,0.00001,Million Datapoints
2023-11-13T11:00:00.000000+0000,2023-11-13T12:00:00.000000+0000,Standard - E4 - Memory,2023-11-01,2023-11-30,Oracle,ocid1.organizationssubscription.oc1.us-sanjose-1.amaaaaaa33abj3qa7lv6zso4gq45je75qdvql5fmgrmzlic6nbtm33hlbt5q,,USD,0.00136084,us-sanjose-1,COMPUTE,ocid1.tenancy.oc1..aaaaaaaadsyhydp66mjpsohqocfcgzaabtrit47ex2igzu2j6lhuadrrglca,sj-1,ocid1.instance.oc1.us-sanjose-1.anzwuljr33abj3qcn6ugox3wetdefjnrjositn7hexayzgxipdxejwitp7aq,GB Hours,B93114,4.0,GB Hours
2023-11-13T07:00:00.000000+0000,2023-11-13T08:00:00.000000+0000,Monitoring Service - Retrieval,2023-11-01,2023-11-30,Oracle,ocid1.organizationssubscription.oc1.us-sanjose-1.amaaaaaa33abj3qa7lv6zso4gq45je75qdvql5fmgrmzlic6nbtm33hlbt5q,,USD,4.64752e-9,us-sanjose-1,TELEMETRY,ocid1.tenancy.oc1..aaaaaaaadsyhydp66mjpsohqocfcgzaabtrit47ex2igzu2j6lhuadrrglca,,oci_compute_infrastructure_health,Million Datapoints,B90926,4e-6,Million Datapoints
2023-11-13T10:00:00.000000+0000,2023-11-13T11:00:00.000000+0000,MySQL Database Service - Storage,2023-11-01,2023-11-30,Oracle,ocid1.organizationssubscription.oc1.us-sanjose-1.amaaaaaa33abj3qa7lv6zso4gq45je75qdvql5fmgrmzlic6nbtm33hlbt5q,,USD,0.000710731182784594,us-sanjose-1,MYSQL,ocid1.tenancy.oc1..aaaaaaaadsyhydp66mjpsohqocfcgzaabtrit47ex2igzu2j6lhuadrrglca,sj-1,ocid1.mysqlinstance.oc1.us-sanjose-1.abzwuljrijxaukifprz6it6gvgse4lqermwyw6hsi6p2bei5ivfk3qth6x5q,GB Months,B92426,0.028673835125,GB Months
2023-11-13T09:00:00.000000+0000,2023-11-13T10:00:00.000000+0000,Container Image Storage,2023-11-01,2023-11-30,Oracle,ocid1.organizationssubscription.oc1.us-sanjose-1.amaaaaaa33abj3qa7lv6zso4gq45je75qdvql5fmgrmzlic6nbtm33hlbt5q,,USD,4.81298076439e-7,us-sanjose-1,COMPUTE,ocid1.tenancy.oc1..aaaaaaaadsyhydp66mjpsohqocfcgzaabtrit47ex2igzu2j6lhuadrrglca,,ocid1.containerrepo.oc1.us-sanjose-1.0.axi5rjbot4mp.aaaaaaaaslfwxxoeeoxnrk7vfyqv77jupswli7ko4e3tvuegtqrwoqtkgb5a,GB Months,B91628,0.000048543887,GB Months
2023-11-13T11:00:00.000000+0000,2023-11-13T12:00:00.000000+0000,Oracle APEX Application Development,2023-11-01,2023-11-30,Oracle,ocid1.organizationssubscription.oc1.us-sanjose-1.amaaaaaa33abj3qa7lv6zso4gq45je75qdvql5fmgrmzlic6nbtm33hlbt5q,,USD,0.024528554999901885,us-sanjose-1,DATABASE,ocid1.tenancy.oc1..aaaaaaaadsyhydp66mjpsohqocfcgzaabtrit47ex2igzu2j6lhuadrrglca,sj-1,ocid1.autonomousdatabase.oc1.us-sanjose-1.anzwuljr33abj3qa3ustmv6jdlw6elfui5qg3jd7ugfx6oq7x5qa5emjmpta,Hours,B92911,0.166666666666,Hours
2023-11-13T05:00:00.000000+0000,2023-11-13T06:00:00.000000+0000,Object Storage - Storage,2023-11-01,2023-11-30,Oracle,ocid1.organizationssubscription.oc1.us-sanjose-1.amaaaaaa33abj3qa7lv6zso4gq45je75qdvql5fmgrmzlic6nbtm33hlbt5q,,USD,6.26609e-12,us-sanjose-1,OBJECTSTORE,ocid1.tenancy.oc1..aaaaaaaadsyhydp66mjpsohqocfcgzaabtrit47ex2igzu2j6lhuadrrglca,,axi5rjbot4mp/MonitoringData,GB Months,B91628,6.32e-10,GB Months
2023-11-13T08:00:00.000000+0000,2023-11-13T09:00:00.000000+0000,Outbound Data Transfer Zone 1,2023-11-01,2023-11-30,Oracle,ocid1.organizationssubscription.oc1.us-sanjose-1.amaaaaaa33abj3qa7lv6zso4gq45je75qdvql5fmgrmzlic6nbtm33hlbt5q,,USD,1.325156518488e-6,us-sanjose-1,NETWORK,ocid1.tenancy.oc1..aaaaaaaadsyhydp66mjpsohqocfcgzaabtrit47ex2igzu2j6lhuadrrglca,,ocid1.vnic.oc1.us-sanjose-1.abzwuljrnocy3fyperpqihyokz3nuvhcseslimhfr5rvl5wga4y4uq5oezea,GB Months,B88327,0.00021692086,GB Months
2023-11-13T11:00:00.000000+0000,2023-11-13T12:00:00.000000+0000,MySQL Database for HeatWave - Standard - Node per hour,2023-11-01,2023-11-30,Oracle,ocid1.organizationssubscription.oc1.us-sanjose-1.amaaaaaa33abj3qa7lv6zso4gq45je75qdvql5fmgrmzlic6nbtm33hlbt5q,,USD,0.036519144999853925,us-sanjose-1,MYSQL,ocid1.tenancy.oc1..aaaaaaaadsyhydp66mjpsohqocfcgzaabtrit47ex2igzu2j6lhuadrrglca,sj-1,ocid1.mysqlinstance.oc1.us-sanjose-1.abzwuljrijxaukifprz6it6gvgse4lqermwyw6hsi6p2bei5ivfk3qth6x5q,Instance per hour,B92024,0.166666666666,Instance per hour
2023-11-13T07:00:00.000000+0000,2023-11-13T08:00:00.000000+0000,Monitoring Service - Retrieval,2023-11-01,2023-11-30,Oracle,ocid1.organizationssubscription.oc1.us-sanjose-1.amaaaaaa33abj3qa7lv6zso4gq45je75qdvql5fmgrmzlic6nbtm33hlbt5q,,USD,1.16188e-8,us-sanjose-1,TELEMETRY,ocid1.tenancy.oc1..aaaaaaaadsyhydp66mjpsohqocfcgzaabtrit47ex2igzu2j6lhuadrrglca,,oci_blockstore,Million Datapoints,B90926,0.00001,Million Datapoints
2023-11-13T06:00:00.000000+0000,2023-11-13T07:00:00.000000+0000,Monitoring Service - Retrieval,2023-11-01,2023-11-30,Oracle,ocid1.organizationssubscription.oc1.us-sanjose-1.amaaaaaa33abj3qa7lv6zso4gq45je75qdvql5fmgrmzlic6nbtm33hlbt5q,,USD,2.5677548e-7,us-sanjose-1,TELEMETRY,ocid1.tenancy.oc1..aaaaaaaadsyhydp66mjpsohqocfcgzaabtrit47ex2igzu2j6lhuadrrglca,,oci_autonomous_database,Million Datapoints,B90926,0.000221,Million Datapoints
2023-11-13T09:00:00.000000+0000,2023-11-13T10:00:00.000000+0000,Monitoring Service - Retrieval,2023-11-01,2023-11-30,Oracle,ocid1.organizationssubscription.oc1.us-sanjose-1.amaaaaaa33abj3qa7lv6zso4gq45je75qdvql5fmgrmzlic6nbtm33hlbt5q,,USD,6.1463452e-7,us-sanjose-1,TELEMETRY,ocid1.tenancy.oc1..aaaaaaaadsyhydp66mjpsohqocfcgzaabtrit47ex2igzu2j6lhuadrrglca,,oci_autonomous_database,Million Datapoints,B90926,0.000529,Million Datapoints
2023-11-13T05:00:00.000000+0000,2023-11-13T06:00:00.000000+0000,Monitoring Service - Retrieval,2023-11-01,2023-11-30,Oracle,ocid1.organizationssubscription.oc1.us-sanjose-1.amaaaaaa33abj3qa7lv6zso4gq45je75qdvql5fmgrmzlic6nbtm33hlbt5q,,USD,4.3221936e-7,us-sanjose-1,TELEMETRY,ocid1.tenancy.oc1..aaaaaaaadsyhydp66mjpsohqocfcgzaabtrit47ex2igzu2j6lhuadrrglca,,oci_autonomous_database,Million Datapoints,B90926,0.000372,Million Datapoints
2023-11-13T08:00:00.000000+0000,2023-11-13T09:00:00.000000+0000,Standard - E4,2023-11-01,2023-11-30,Oracle,ocid1.organizationssubscription.oc1.us-sanjose-1.amaaaaaa33abj3qa7lv6zso4gq45je75qdvql5fmgrmzlic6nbtm33hlbt5q,,USD,0.0018230675,us-sanjose-1,COMPUTE,ocid1.tenancy.oc1..aaaaaaaadsyhydp66mjpsohqocfcgzaabtrit47ex2igzu2j6lhuadrrglca,sj-1,ocid1.instance.oc1.us-sanjose-1.anzwuljr33abj3qcn6ugox3wetdefjnrjositn7hexayzgxipdxejwitp7aq,OCPU Hours,B93113,0.25,OCPU Hours
2023-11-13T07:00:00.000000+0000,2023-11-13T08:00:00.000000+0000,Monitoring Service - Retrieval,2023-11-01,2023-11-30,Oracle,ocid1.organizationssubscription.oc1.us-sanjose-1.amaaaaaa33abj3qa7lv6zso4gq45je75qdvql5fmgrmzlic6nbtm33hlbt5q,,USD,2.091384e-8,us-sanjose-1,TELEMETRY,ocid1.tenancy.oc1..aaaaaaaadsyhydp66mjpsohqocfcgzaabtrit47ex2igzu2j6lhuadrrglca,,oci_blockstore,Million Datapoints,B90926,0.000018,Million Datapoints
2023-11-13T05:00:00.000000+0000,2023-11-13T06:00:00.000000+0000,Standard - E4 - Memory,2023-11-01,2023-11-30,Oracle,ocid1.organizationssubscription.oc1.us-sanjose-1.amaaaaaa33abj3qa7lv6zso4gq45je75qdvql5fmgrmzlic6nbtm33hlbt5q,,USD,0.00136084,us-sanjose-1,COMPUTE,ocid1.tenancy.oc1..aaaaaaaadsyhydp66mjpsohqocfcgzaabtrit47ex2igzu2j6lhuadrrglca,sj-1,ocid1.instance.oc1.us-sanjose-1.anzwuljr33abj3qcn6ugox3wetdefjnrjositn7hexayzgxipdxejwitp7aq,GB Hours,B93114,4.0,GB Hours
2023-11-13T08:00:00.000000+0000,2023-11-13T09:00:00.000000+0000,Standard - E4 - Memory,2023-11-01,2023-11-30,Oracle,ocid1.organizationssubscription.oc1.us-sanjose-1.amaaaaaa33abj3qa7lv6zso4gq45je75qdvql5fmgrmzlic6nbtm33hlbt5q,,USD,0.00136084,us-sanjose-1,COMPUTE,ocid1.tenancy.oc1..aaaaaaaadsyhydp66mjpsohqocfcgzaabtrit47ex2igzu2j6lhuadrrglca,sj-1,ocid1.instance.oc1.us-sanjose-1.anzwuljr33abj3qcn6ugox3wetdefjnrjositn7hexayzgxipdxejwitp7aq,GB Hours,B93114,4.0,GB Hours
2023-11-13T08:00:00.000000+0000,2023-11-13T09:00:00.000000+0000,Oracle APEX Application Development,2023-11-01,2023-11-30,Oracle,ocid1.organizationssubscription.oc1.us-sanjose-1.amaaaaaa33abj3qa7lv6zso4gq45je75qdvql5fmgrmzlic6nbtm33hlbt5q,,USD,0.024528554999901885,us-sanjose-1,DATABASE,ocid1.tenancy.oc1..aaaaaaaadsyhydp66mjpsohqocfcgzaabtrit47ex2igzu2j6lhuadrrglca,sj-1,ocid1.autonomousdatabase.oc1.us-sanjose-1.anzwuljr33abj3qa3ustmv6jdlw6elfui5qg3jd7ugfx6oq7x5qa5emjmpta,Hours,B92911,0.166666666666,Hours
2023-11-13T07:00:00.000000+0000,2023-11-13T08:00:00.000000+0000,Monitoring Service - Retrieval,2023-11-01,2023-11-30,Oracle,ocid1.organizationssubscription.oc1.us-sanjose-1.amaaaaaa33abj3qa7lv6zso4gq45je75qdvql5fmgrmzlic6nbtm33hlbt5q,,USD,2.32376e-7,us-sanjose-1,TELEMETRY,ocid1.tenancy.oc1..aaaaaaaadsyhydp66mjpsohqocfcgzaabtrit47ex2igzu2j6lhuadrrglca,,oci_vcn,Million Datapoints,B90926,0.0002,Million Datapoints
2023-11-13T06:00:00.000000+0000,2023-11-13T07:00:00.000000+0000,Oracle APEX Application Development,2023-11-01,2023-11-30,Oracle,ocid1.organizationssubscription.oc1.us-sanjose-1.amaaaaaa33abj3qa7lv6zso4gq45je75qdvql5fmgrmzlic6nbtm33hlbt5q,,USD,0.024528554999901885,us-sanjose-1,DATABASE,ocid1.tenancy.oc1..aaaaaaaadsyhydp66mjpsohqocfcgzaabtrit47ex2igzu2j6lhuadrrglca,sj-1,ocid1.autonomousdatabase.oc1.us-sanjose-1.anzwuljr33abj3qa3ustmv6jdlw6elfui5qg3jd7ugfx6oq7x5qa5emjmpta,Hours,B92911,0.166666666666,Hours
2023-11-13T08:00:00.000000+0000,2023-11-13T09:00:00.000000+0000,MySQL Database Service - Storage,2023-11-01,2023-11-30,Oracle,ocid1.organizationssubscription.oc1.us-sanjose-1.amaaaaaa33abj3qa7lv6zso4gq45je75qdvql5fmgrmzlic6nbtm33hlbt5q,,USD,0.000710731182784594,us-sanjose-1,MYSQL,ocid1.tenancy.oc1..aaaaaaaadsyhydp66mjpsohqocfcgzaabtrit47ex2igzu2j6lhuadrrglca,sj-1,ocid1.mysqlinstance.oc1.us-sanjose-1.abzwuljrijxaukifprz6it6gvgse4lqermwyw6hsi6p2bei5ivfk3qth6x5q,GB Months,B92426,0.028673835125,GB Months
2023-11-13T07:00:00.000000+0000,2023-11-13T08:00:00.000000+0000,Oracle Autonomous Transaction Processing - Exadata Storage,2023-11-01,2023-11-30,Oracle,ocid1.organizationssubscription.oc1.us-sanjose-1.amaaaaaa33abj3qa7lv6zso4gq45je75qdvql5fmgrmzlic6nbtm33hlbt5q,,USD,0.005718340005699543,us-sanjose-1,DATABASE,ocid1.tenancy.oc1..aaaaaaaadsyhydp66mjpsohqocfcgzaabtrit47ex2igzu2j6lhuadrrglca,sj-1,ocid1.autonomousdatabase.oc1.us-sanjose-1.anzwuljr33abj3qa3ustmv6jdlw6elfui5qg3jd7ugfx6oq7x5qa5emjmpta,TB,B90455,0.000224014336,TB
2023-11-13T08:00:00.000000+0000,2023-11-13T09:00:00.000000+0000,Monitoring Service - Retrieval,2023-11-01,2023-11-30,Oracle,ocid1.organizationssubscription.oc1.us-sanjose-1.amaaaaaa33abj3qa7lv6zso4gq45je75qdvql5fmgrmzlic6nbtm33hlbt5q,,USD,1.510444e-8,us-sanjose-1,TELEMETRY,ocid1.tenancy.oc1..aaaaaaaadsyhydp66mjpsohqocfcgzaabtrit47ex2igzu2j6lhuadrrglca,,oci_blockstore,Million Datapoints,B90926,0.000013,Million Datapoints
2023-11-13T07:00:00.000000+0000,2023-11-13T08:00:00.000000+0000,MySQL Database Service - Storage,2023-11-01,2023-11-30,Oracle,ocid1.organizationssubscription.oc1.us-sanjose-1.amaaaaaa33abj3qa7lv6zso4gq45je75qdvql5fmgrmzlic6nbtm33hlbt5q,,USD,0.000710731182784594,us-sanjose-1,MYSQL,ocid1.tenancy.oc1..aaaaaaaadsyhydp66mjpsohqocfcgzaabtrit47ex2igzu2j6lhuadrrglca,sj-1,ocid1.mysqlinstance.oc1.us-sanjose-1.abzwuljrijxaukifprz6it6gvgse4lqermwyw6hsi6p2bei5ivfk3qth6x5q,GB Months,B92426,0.028673835125,GB Months
2023-11-13T07:00:00.000000+0000,2023-11-13T08:00:00.000000+0000,Monitoring Service - Retrieval,2023-11-01,2023-11-30,Oracle,ocid1.organizationssubscription.oc1.us-sanjose-1.amaaaaaa33abj3qa7lv6zso4gq45je75qdvql5fmgrmzlic6nbtm33hlbt5q,,USD,4.821802e-7,us-sanjose-1,TELEMETRY,ocid1.tenancy.oc1..aaaaaaaadsyhydp66mjpsohqocfcgzaabtrit47ex2igzu2j6lhuadrrglca,,oci_autonomous_database,Million Datapoints,B90926,0.000415,Million Datapoints
2023-11-13T06:00:00.000000+0000,2023-11-13T07:00:00.000000+0000,Monitoring Service - Retrieval,2023-11-01,2023-11-30,Oracle,ocid1.organizationssubscription.oc1.us-sanjose-1.amaaaaaa33abj3qa7lv6zso4gq45je75qdvql5fmgrmzlic6nbtm33hlbt5q,,USD,2.32376e-7,us-sanjose-1,TELEMETRY,ocid1.tenancy.oc1..aaaaaaaadsyhydp66mjpsohqocfcgzaabtrit47ex2igzu2j6lhuadrrglca,,oci_vcn,Million Datapoints,B90926,0.0002,Million Datapoints
2023-11-13T10:00:00.000000+0000,2023-11-13T11:00:00.000000+0000,Block Volume - Performance Units,2023-11-01,2023-11-30,Oracle,ocid1.organizationssubscription.oc1.us-sanjose-1.amaaaaaa33abj3qa7lv6zso4gq45je75qdvql5fmgrmzlic6nbtm33hlbt5q,,USD,0.000263787625649341,us-sanjose-1,BLOCK_STORAGE,ocid1.tenancy.oc1..aaaaaaaadsyhydp66mjpsohqocfcgzaabtrit47ex2igzu2j6lhuadrrglca,sj-1,ocid1.bootvolume.oc1.us-sanjose-1.abzwuljrb4wzk5tikdkt6ugea3ntrr3lohyscahdouj3spcnizk7rmjt7feq,GB Months,B91962,0.626023745519,GB Months
2023-11-13T06:00:00.000000+0000,2023-11-13T07:00:00.000000+0000,Oracle Autonomous Transaction Processing - Exadata Storage,2023-11-01,2023-11-30,Oracle,ocid1.organizationssubscription.oc1.us-sanjose-1.amaaaaaa33abj3qa7lv6zso4gq45je75qdvql5fmgrmzlic6nbtm33hlbt5q,,USD,0.005718340005699543,us-sanjose-1,DATABASE,ocid1.tenancy.oc1..aaaaaaaadsyhydp66mjpsohqocfcgzaabtrit47ex2igzu2j6lhuadrrglca,sj-1,ocid1.autonomousdatabase.oc1.us-sanjose-1.anzwuljr33abj3qa3ustmv6jdlw6elfui5qg3jd7ugfx6oq7x5qa5emjmpta,TB,B90455,0.000224014336,TB
2023-11-13T09:00:00.000000+0000,2023-11-13T10:00:00.000000+0000,Monitoring Service - Retrieval,2023-11-01,2023-11-30,Oracle,ocid1.organizationssubscription.oc1.us-sanjose-1.amaaaaaa33abj3qa7lv6zso4gq45je75qdvql5fmgrmzlic6nbtm33hlbt5q,,USD,4.415144e-8,us-sanjose-1,TELEMETRY,ocid1.tenancy.oc1..aaaaaaaadsyhydp66mjpsohqocfcgzaabtrit47ex2igzu2j6lhuadrrglca,,oci_compute,Million Datapoints,B90926,0.000038,Million Datapoints
2023-11-13T06:00:00.000000+0000,2023-11-13T07:00:00.000000+0000,Outbound Data Transfer Zone 1,2023-11-01,2023-11-30,Oracle,ocid1.organizationssubscription.oc1.us-sanjose-1.amaaaaaa33abj3qa7lv6zso4gq45je75qdvql5fmgrmzlic6nbtm33hlbt5q,,USD,2.6679273713e-7,us-sanjose-1,NETWORK,ocid1.tenancy.oc1..aaaaaaaadsyhydp66mjpsohqocfcgzaabtrit47ex2igzu2j6lhuadrrglca,,ocid1.vnic.oc1.us-sanjose-1.abzwuljrnocy3fyperpqihyokz3nuvhcseslimhfr5rvl5wga4y4uq5oezea,GB Months,B88327,0.000043672509,GB Months
2023-11-13T09:00:00.000000+0000,2023-11-13T10:00:00.000000+0000,MySQL Database Service - Storage,2023-11-01,2023-11-30,Oracle,ocid1.organizationssubscription.oc1.us-sanjose-1.amaaaaaa33abj3qa7lv6zso4gq45je75qdvql5fmgrmzlic6nbtm33hlbt5q,,USD,0.000710731182784594,us-sanjose-1,MYSQL,ocid1.tenancy.oc1..aaaaaaaadsyhydp66mjpsohqocfcgzaabtrit47ex2igzu2j6lhuadrrglca,sj-1,ocid1.mysqlinstance.oc1.us-sanjose-1.abzwuljrijxaukifprz6it6gvgse4lqermwyw6hsi6p2bei5ivfk3qth6x5q,GB Months,B92426,0.028673835125,GB Months
2023-11-13T07:00:00.000000+0000,2023-11-13T08:00:00.000000+0000,Monitoring Service - Retrieval,2023-11-01,2023-11-30,Oracle,ocid1.organizationssubscription.oc1.us-sanjose-1.amaaaaaa33abj3qa7lv6zso4gq45je75qdvql5fmgrmzlic6nbtm33hlbt5q,,USD,4.3454312e-7,us-sanjose-1,TELEMETRY,ocid1.tenancy.oc1..aaaaaaaadsyhydp66mjpsohqocfcgzaabtrit47ex2igzu2j6lhuadrrglca,,oci_autonomous_database,Million Datapoints,B90926,0.000374,Million Datapoints
2023-11-13T10:00:00.000000+0000,2023-11-13T11:00:00.000000+0000,Standard - E4 - Memory,2023-11-01,2023-11-30,Oracle,ocid1.organizationssubscription.oc1.us-sanjose-1.amaaaaaa33abj3qa7lv6zso4gq45je75qdvql5fmgrmzlic6nbtm33hlbt5q,,USD,0.00136084,us-sanjose-1,COMPUTE,ocid1.tenancy.oc1..aaaaaaaadsyhydp66mjpsohqocfcgzaabtrit47ex2igzu2j6lhuadrrglca,sj-1,ocid1.instance.oc1.us-sanjose-1.anzwuljr33abj3qcn6ugox3wetdefjnrjositn7hexayzgxipdxejwitp7aq,GB Hours,B93114,4.0,GB Hours
2023-11-13T09:00:00.000000+0000,2023-11-13T10:00:00.000000+0000,Standard - E4 - Memory,2023-11-01,2023-11-30,Oracle,ocid1.organizationssubscription.oc1.us-sanjose-1.amaaaaaa33abj3qa7lv6zso4gq45je75qdvql5fmgrmzlic6nbtm33hlbt5q,,USD,0.00136084,us-sanjose-1,COMPUTE,ocid1.tenancy.oc1..aaaaaaaadsyhydp66mjpsohqocfcgzaabtrit47ex2igzu2j6lhuadrrglca,sj-1,ocid1.instance.oc1.us-sanjose-1.anzwuljr33abj3qcn6ugox3wetdefjnrjositn7hexayzgxipdxejwitp7aq,GB Hours,B93114,4.0,GB Hours
2023-11-13T08:00:00.000000+0000,2023-11-13T09:00:00.000000+0000,Outbound Data Transfer Zone 1,2023-11-01,2023-11-30,Oracle,ocid1.organizationssubscription.oc1.us-sanjose-1.amaaaaaa33abj3qa7lv6zso4gq45je75qdvql5fmgrmzlic6nbtm33hlbt5q,,USD,1.501766676417e-6,us-sanjose-1,NETWORK,ocid1.tenancy.oc1..aaaaaaaadsyhydp66mjpsohqocfcgzaabtrit47ex2igzu2j6lhuadrrglca,,ocid1.vnic.oc1.us-sanjose-1.abzwuljrnocy3fyperpqihyokz3nuvhcseslimhfr5rvl5wga4y4uq5oezea,GB Months,B88327,0.000245830975,GB Months
2023-11-13T06:00:00.000000+0000,2023-11-13T07:00:00.000000+0000,Monitoring Service - Retrieval,2023-11-01,2023-11-30,Oracle,ocid1.organizationssubscription.oc1.us-sanjose-1.amaaaaaa33abj3qa7lv6zso4gq45je75qdvql5fmgrmzlic6nbtm33hlbt5q,,USD,4.415144e-7,us-sanjose-1,TELEMETRY,ocid1.tenancy.oc1..aaaaaaaadsyhydp66mjpsohqocfcgzaabtrit47ex2igzu2j6lhuadrrglca,,oci_autonomous_database,Million Datapoints,B90926,0.00038,Million Datapoints
2023-11-13T05:00:00.000000+0000,2023-11-13T06:00:00.000000+0000,Outbound Data Transfer Zone 1,2023-11-01,2023-11-30,Oracle,ocid1.organizationssubscription.oc1.us-sanjose-1.amaaaaaa33abj3qa7lv6zso4gq45je75qdvql5fmgrmzlic6nbtm33hlbt5q,,USD,7.372885184e-8,us-sanjose-1,NETWORK,ocid1.tenancy.oc1..aaaaaaaadsyhydp66mjpsohqocfcgzaabtrit47ex2igzu2j6lhuadrrglca,,ocid1.vnic.oc1.us-sanjose-1.abzwuljrnocy3fyperpqihyokz3nuvhcseslimhfr5rvl5wga4y4uq5oezea,GB Months,B88327,0.000012069009,GB Months
2023-11-13T10:00:00.000000+0000,2023-11-13T11:00:00.000000+0000,Monitoring Service - Retrieval,2023-11-01,2023-11-30,Oracle,ocid1.organizationssubscription.oc1.us-sanjose-1.amaaaaaa33abj3qa7lv6zso4gq45je75qdvql5fmgrmzlic6nbtm33hlbt5q,,USD,3.48564e-8,us-sanjose-1,TELEMETRY,ocid1.tenancy.oc1..aaaaaaaadsyhydp66mjpsohqocfcgzaabtrit47ex2igzu2j6lhuadrrglca,,oci_blockstore,Million Datapoints,B90926,0.00003,Million Datapoints
2023-11-13T06:00:00.000000+0000,2023-11-13T07:00:00.000000+0000,MySQL Database for HeatWave - Standard - Node per hour,2023-11-01,2023-11-30,Oracle,ocid1.organizationssubscription.oc1.us-sanjose-1.amaaaaaa33abj3qa7lv6zso4gq45je75qdvql5fmgrmzlic6nbtm33hlbt5q,,USD,0.036519144999853925,us-sanjose-1,MYSQL,ocid1.tenancy.oc1..aaaaaaaadsyhydp66mjpsohqocfcgzaabtrit47ex2igzu2j6lhuadrrglca,sj-1,ocid1.mysqlinstance.oc1.us-sanjose-1.abzwuljrijxaukifprz6it6gvgse4lqermwyw6hsi6p2bei5ivfk3qth6x5q,Instance per hour,B92024,0.166666666666,Instance per hour
2023-11-13T08:00:00.000000+0000,2023-11-13T09:00:00.000000+0000,Oracle APEX Application Development,2023-11-01,2023-11-30,Oracle,ocid1.organizationssubscription.oc1.us-sanjose-1.amaaaaaa33abj3qa7lv6zso4gq45je75qdvql5fmgrmzlic6nbtm33hlbt5q,,USD,0.024528554999901885,us-sanjose-1,DATABASE,ocid1.tenancy.oc1..aaaaaaaadsyhydp66mjpsohqocfcgzaabtrit47ex2igzu2j6lhuadrrglca,sj-1,ocid1.autonomousdatabase.oc1.us-sanjose-1.anzwuljr33abj3qa3ustmv6jdlw6elfui5qg3jd7ugfx6oq7x5qa5emjmpta,Hours,B92911,0.166666666666,Hours
2023-11-13T09:00:00.000000+0000,2023-11-13T10:00:00.000000+0000,Block Volume - Storage,2023-11-01,2023-11-30,Oracle,ocid1.organizationssubscription.oc1.us-sanjose-1.amaaaaaa33abj3qa7lv6zso4gq45je75qdvql5fmgrmzlic6nbtm33hlbt5q,,USD,0.001351707606962962,us-sanjose-1,BLOCK_STORAGE,ocid1.tenancy.oc1..aaaaaaaadsyhydp66mjpsohqocfcgzaabtrit47ex2igzu2j6lhuadrrglca,sj-1,ocid1.bootvolume.oc1.us-sanjose-1.abzwuljrlmub5uedgtlbadwfu3hadymcy2xkymh3x2dw3b3rgxfjnzrxy4pa,GB Months,B91961,0.06260229988,GB Months
2023-11-13T09:00:00.000000+0000,2023-11-13T10:00:00.000000+0000,Streaming - PUT or GET,2023-11-01,2023-11-30,Oracle,ocid1.organizationssubscription.oc1.us-sanjose-1.amaaaaaa33abj3qa7lv6zso4gq45je75qdvql5fmgrmzlic6nbtm33hlbt5q,,USD,0.000022365988114562,us-sanjose-1,ORACLE_STREAMING_SERVICE,ocid1.tenancy.oc1..aaaaaaaadsyhydp66mjpsohqocfcgzaabtrit47ex2igzu2j6lhuadrrglca,,ocid1.stream.oc1.us-sanjose-1.amaaaaaa33abj3qaih4sw37guxveujynj7kd57drzhbjre6cclcaf3bt4ofa,GB Of Data Transferred,B90938,0.001804672181,GB Of Data Transferred
2023-11-13T08:00:00.000000+0000,2023-11-13T09:00:00.000000+0000,Container Image Storage,2023-11-01,2023-11-30,Oracle,ocid1.organizationssubscription.oc1.us-sanjose-1.amaaaaaa33abj3qa7lv6zso4gq45je75qdvql5fmgrmzlic6nbtm33hlbt5q,,USD,4.81298076439e-7,us-sanjose-1,COMPUTE,ocid1.tenancy.oc1..aaaaaaaadsyhydp66mjpsohqocfcgzaabtrit47ex2igzu2j6lhuadrrglca,,ocid1.containerrepo.oc1.us-sanjose-1.0.axi5rjbot4mp.aaaaaaaaslfwxxoeeoxnrk7vfyqv77jupswli7ko4e3tvuegtqrwoqtkgb5a,GB Months,B91628,0.000048543887,GB Months
2023-11-13T05:00:00.000000+0000,2023-11-13T06:00:00.000000+0000,Oracle APEX Application Development,2023-11-01,2023-11-30,Oracle,ocid1.organizationssubscription.oc1.us-sanjose-1.amaaaaaa33abj3qa7lv6zso4gq45je75qdvql5fmgrmzlic6nbtm33hlbt5q,,USD,0.024528554999901885,us-sanjose-1,DATABASE,ocid1.tenancy.oc1..aaaaaaaadsyhydp66mjpsohqocfcgzaabtrit47ex2igzu2j6lhuadrrglca,sj-1,ocid1.autonomousdatabase.oc1.us-sanjose-1.anzwuljr33abj3qa3ustmv6jdlw6elfui5qg3jd7ugfx6oq7x5qa5emjmpta,Hours,B92911,0.166666666666,Hours
2023-11-13T08:00:00.000000+0000,2023-11-13T09:00:00.000000+0000,Monitoring Service - Retrieval,2023-11-01,2023-11-30,Oracle,ocid1.organizationssubscription.oc1.us-sanjose-1.amaaaaaa33abj3qa7lv6zso4gq45je75qdvql5fmgrmzlic6nbtm33hlbt5q,,USD,3.950392e-7,us-sanjose-1,TELEMETRY,ocid1.tenancy.oc1..aaaaaaaadsyhydp66mjpsohqocfcgzaabtrit47ex2igzu2j6lhuadrrglca,,oci_autonomous_database,Million Datapoints,B90926,0.00034,Million Datapoints
2023-11-13T08:00:00.000000+0000,2023-11-13T09:00:00.000000+0000,Monitoring Service - Retrieval,2023-11-01,2023-11-30,Oracle,ocid1.organizationssubscription.oc1.us-sanjose-1.amaaaaaa33abj3qa7lv6zso4gq45je75qdvql5fmgrmzlic6nbtm33hlbt5q,,USD,4.5778072e-7,us-sanjose-1,TELEMETRY,ocid1.tenancy.oc1..aaaaaaaadsyhydp66mjpsohqocfcgzaabtrit47ex2igzu2j6lhuadrrglca,,oci_autonomous_database,Million Datapoints,B90926,0.000394,Million Datapoints
2023-11-13T07:00:00.000000+0000,2023-11-13T08:00:00.000000+0000,Outbound Data Transfer Zone 1,2023-11-01,2023-11-30,Oracle,ocid1.organizationssubscription.oc1.us-sanjose-1.amaaaaaa33abj3qa7lv6zso4gq45je75qdvql5fmgrmzlic6nbtm33hlbt5q,,USD,1.79989654081e-7,us-sanjose-1,NETWORK,ocid1.tenancy.oc1..aaaaaaaadsyhydp66mjpsohqocfcgzaabtrit47ex2igzu2j6lhuadrrglca,,ocid1.vnic.oc1.us-sanjose-1.abzwuljrnocy3fyperpqihyokz3nuvhcseslimhfr5rvl5wga4y4uq5oezea,GB Months,B88327,0.00002946332,GB Months
2023-11-13T07:00:00.000000+0000,2023-11-13T08:00:00.000000+0000,Standard - E4 - Memory,2023-11-01,2023-11-30,Oracle,ocid1.organizationssubscription.oc1.us-sanjose-1.amaaaaaa33abj3qa7lv6zso4gq45je75qdvql5fmgrmzlic6nbtm33hlbt5q,,USD,0.00136084,us-sanjose-1,COMPUTE,ocid1.tenancy.oc1..aaaaaaaadsyhydp66mjpsohqocfcgzaabtrit47ex2igzu2j6lhuadrrglca,sj-1,ocid1.instance.oc1.us-sanjose-1.anzwuljr33abj3qcn6ugox3wetdefjnrjositn7hexayzgxipdxejwitp7aq,GB Hours,B93114,4.0,GB Hours
2023-11-13T05:00:00.000000+0000,2023-11-13T06:00:00.000000+0000,Monitoring Service - Retrieval,2023-11-01,2023-11-30,Oracle,ocid1.organizationssubscription.oc1.us-sanjose-1.amaaaaaa33abj3qa7lv6zso4gq45je75qdvql5fmgrmzlic6nbtm33hlbt5q,,USD,2.32376e-7,us-sanjose-1,TELEMETRY,ocid1.tenancy.oc1..aaaaaaaadsyhydp66mjpsohqocfcgzaabtrit47ex2igzu2j6lhuadrrglca,,oci_vcn,Million Datapoints,B90926,0.0002,Million Datapoints
2023-11-13T06:00:00.000000+0000,2023-11-13T07:00:00.000000+0000,Outbound Data Transfer Zone 1,2023-11-01,2023-11-30,Oracle,ocid1.organizationssubscription.oc1.us-sanjose-1.amaaaaaa33abj3qa7lv6zso4gq45je75qdvql5fmgrmzlic6nbtm33hlbt5q,,USD,2.47653617488e-7,us-sanjose-1,NETWORK,ocid1.tenancy.oc1..aaaaaaaadsyhydp66mjpsohqocfcgzaabtrit47ex2igzu2j6lhuadrrglca,,ocid1.vnic.oc1.us-sanjose-1.abzwuljrnocy3fyperpqihyokz3nuvhcseslimhfr5rvl5wga4y4uq5oezea,GB Months,B88327,0.00004053954,GB Months
2023-11-13T06:00:00.000000+0000,2023-11-13T07:00:00.000000+0000,Block Volume - Performance Units,2023-11-01,2023-11-30,Oracle,ocid1.organizationssubscription.oc1.us-sanjose-1.amaaaaaa33abj3qa7lv6zso4gq45je75qdvql5fmgrmzlic6nbtm33hlbt5q,,USD,0.000263787625649341,us-sanjose-1,BLOCK_STORAGE,ocid1.tenancy.oc1..aaaaaaaadsyhydp66mjpsohqocfcgzaabtrit47ex2igzu2j6lhuadrrglca,sj-1,ocid1.bootvolume.oc1.us-sanjose-1.abzwuljrb4wzk5tikdkt6ugea3ntrr3lohyscahdouj3spcnizk7rmjt7feq,GB Months,B91962,0.626023745519,GB Months
2023-11-13T05:00:00.000000+0000,2023-11-13T06:00:00.000000+0000,Standard - E4,2023-11-01,2023-11-30,Oracle,ocid1.organizationssubscription.oc1.us-sanjose-1.amaaaaaa33abj3qa7lv6zso4gq45je75qdvql5fmgrmzlic6nbtm33hlbt5q,,USD,0.0018230675,us-sanjose-1,COMPUTE,ocid1.tenancy.oc1..aaaaaaaadsyhydp66mjpsohqocfcgzaabtrit47ex2igzu2j6lhuadrrglca,sj-1,ocid1.instance.oc1.us-sanjose-1.anzwuljr33abj3qcn6ugox3wetdefjnrjositn7hexayzgxipdxejwitp7aq,OCPU Hours,B93113,0.25,OCPU Hours
2023-11-13T09:00:00.000000+0000,2023-11-13T10:00:00.000000+0000,MySQL Database for HeatWave - Standard - Node per hour,2023-11-01,2023-11-30,Oracle,ocid1.organizationssubscription.oc1.us-sanjose-1.amaaaaaa33abj3qa7lv6zso4gq45je75qdvql5fmgrmzlic6nbtm33hlbt5q,,USD,0.018259572499926963,us-sanjose-1,MYSQL,ocid1.tenancy.oc1..aaaaaaaadsyhydp66mjpsohqocfcgzaabtrit47ex2igzu2j6lhuadrrglca,sj-1,ocid1.mysqlinstance.oc1.us-sanjose-1.abzwuljrijxaukifprz6it6gvgse4lqermwyw6hsi6p2bei5ivfk3qth6x5q,Instance per hour,B92024,0.083333333333,Instance per hour
2023-11-13T05:00:00.000000+0000,2023-11-13T06:00:00.000000+0000,Oracle Autonomous Transaction Processing - Exadata Storage,2023-11-01,2023-11-30,Oracle,ocid1.organizationssubscription.oc1.us-sanjose-1.amaaaaaa33abj3qa7lv6zso4gq45je75qdvql5fmgrmzlic6nbtm33hlbt5q,,USD,0.005718340005699543,us-sanjose-1,DATABASE,ocid1.tenancy.oc1..aaaaaaaadsyhydp66mjpsohqocfcgzaabtrit47ex2igzu2j6lhuadrrglca,sj-1,ocid1.autonomousdatabase.oc1.us-sanjose-1.anzwuljr33abj3qa3ustmv6jdlw6elfui5qg3jd7ugfx6oq7x5qa5emjmpta,TB,B90455,0.000224014336,TB
2023-11-13T08:00:00.000000+0000,2023-11-13T09:00:00.000000+0000,Monitoring Service - Retrieval,2023-11-01,2023-11-30,Oracle,ocid1.organizationssubscription.oc1.us-sanjose-1.amaaaaaa33abj3qa7lv6zso4gq45je75qdvql5fmgrmzlic6nbtm33hlbt5q,,USD,4.64752e-7,us-sanjose-1,TELEMETRY,ocid1.tenancy.oc1..aaaaaaaadsyhydp66mjpsohqocfcgzaabtrit47ex2igzu2j6lhuadrrglca,,oci_vcn,Million Datapoints,B90926,0.0004,Million Datapoints
2023-11-13T10:00:00.000000+0000,2023-11-13T11:00:00.000000+0000,Standard - E4 - Memory,2023-11-01,2023-11-30,Oracle,ocid1.organizationssubscription.oc1.us-sanjose-1.amaaaaaa33abj3qa7lv6zso4gq45je75qdvql5fmgrmzlic6nbtm33hlbt5q,,USD,0.00136084,us-sanjose-1,COMPUTE,ocid1.tenancy.oc1..aaaaaaaadsyhydp66mjpsohqocfcgzaabtrit47ex2igzu2j6lhuadrrglca,sj-1,ocid1.instance.oc1.us-sanjose-1.anzwuljr33abj3qcn6ugox3wetdefjnrjositn7hexayzgxipdxejwitp7aq,GB Hours,B93114,4.0,GB Hours
2023-11-13T08:00:00.000000+0000,2023-11-13T09:00:00.000000+0000,Monitoring Service - Retrieval,2023-11-01,2023-11-30,Oracle,ocid1.organizationssubscription.oc1.us-sanjose-1.amaaaaaa33abj3qa7lv6zso4gq45je75qdvql5fmgrmzlic6nbtm33hlbt5q,,USD,1.510444e-8,us-sanjose-1,TELEMETRY,ocid1.tenancy.oc1..aaaaaaaadsyhydp66mjpsohqocfcgzaabtrit47ex2igzu2j6lhuadrrglca,,oci_blockstore,Million Datapoints,B90926,0.000013,Million Datapoints
2023-11-13T10:00:00.000000+0000,2023-11-13T11:00:00.000000+0000,MySQL Database for HeatWave - Standard - Node per hour,2023-11-01,2023-11-30,Oracle,ocid1.organizationssubscription.oc1.us-sanjose-1.amaaaaaa33abj3qa7lv6zso4gq45je75qdvql5fmgrmzlic6nbtm33hlbt5q,,USD,0.018259572499926963,us-sanjose-1,MYSQL,ocid1.tenancy.oc1..aaaaaaaadsyhydp66mjpsohqocfcgzaabtrit47ex2igzu2j6lhuadrrglca,sj-1,ocid1.mysqlinstance.oc1.us-sanjose-1.abzwuljrijxaukifprz6it6gvgse4lqermwyw6hsi6p2bei5ivfk3qth6x5q,Instance per hour,B92024,0.083333333333,Instance per hour
2023-11-13T05:00:00.000000+0000,2023-11-13T06:00:00.000000+0000,Oracle Autonomous Transaction Processing - Exadata Storage,2023-11-01,2023-11-30,Oracle,ocid1.organizationssubscription.oc1.us-sanjose-1.amaaaaaa33abj3qa7lv6zso4gq45je75qdvql5fmgrmzlic6nbtm33hlbt5q,,USD,0.005718340005699543,us-sanjose-1,DATABASE,ocid1.tenancy.oc1..aaaaaaaadsyhydp66mjpsohqocfcgzaabtrit47ex2igzu2j6lhuadrrglca,sj-1,ocid1.autonomousdatabase.oc1.us-sanjose-1.anzwuljr33abj3qa3ustmv6jdlw6elfui5qg3jd7ugfx6oq7x5qa5emjmpta,TB,B90455,0.000224014336,TB
2023-11-13T05:00:00.000000+0000,2023-11-13T06:00:00.000000+0000,Monitoring Service - Retrieval,2023-11-01,2023-11-30,Oracle,ocid1.organizationssubscription.oc1.us-sanjose-1.amaaaaaa33abj3qa7lv6zso4gq45je75qdvql5fmgrmzlic6nbtm33hlbt5q,,USD,4.64752e-7,us-sanjose-1,TELEMETRY,ocid1.tenancy.oc1..aaaaaaaadsyhydp66mjpsohqocfcgzaabtrit47ex2igzu2j6lhuadrrglca,,oci_vcn,Million Datapoints,B90926,0.0004,Million Datapoints
2023-11-13T09:00:00.000000+0000,2023-11-13T10:00:00.000000+0000,Standard - E4,2023-11-01,2023-11-30,Oracle,ocid1.organizationssubscription.oc1.us-sanjose-1.amaaaaaa33abj3qa7lv6zso4gq45je75qdvql5fmgrmzlic6nbtm33hlbt5q,,USD,0.0018230675,us-sanjose-1,COMPUTE,ocid1.tenancy.oc1..aaaaaaaadsyhydp66mjpsohqocfcgzaabtrit47ex2igzu2j6lhuadrrglca,sj-1,ocid1.instance.oc1.us-sanjose-1.anzwuljr33abj3qcn6ugox3wetdefjnrjositn7hexayzgxipdxejwitp7aq,OCPU Hours,B93113,0.25,OCPU Hours
2023-11-13T07:00:00.000000+0000,2023-11-13T08:00:00.000000+0000,Container Image Storage,2023-11-01,2023-11-30,Oracle,ocid1.organizationssubscription.oc1.us-sanjose-1.amaaaaaa33abj3qa7lv6zso4gq45je75qdvql5fmgrmzlic6nbtm33hlbt5q,,USD,4.81298076439e-7,us-sanjose-1,COMPUTE,ocid1.tenancy.oc1..aaaaaaaadsyhydp66mjpsohqocfcgzaabtrit47ex2igzu2j6lhuadrrglca,,ocid1.containerrepo.oc1.us-sanjose-1.0.axi5rjbot4mp.aaaaaaaaslfwxxoeeoxnrk7vfyqv77jupswli7ko4e3tvuegtqrwoqtkgb5a,GB Months,B91628,0.000048543887,GB Months
2023-11-13T08:00:00.000000+0000,2023-11-13T09:00:00.000000+0000,Monitoring Service - Retrieval,2023-11-01,2023-11-30,Oracle,ocid1.organizationssubscription.oc1.us-sanjose-1.amaaaaaa33abj3qa7lv6zso4gq45je75qdvql5fmgrmzlic6nbtm33hlbt5q,,USD,5.112272e-8,us-sanjose-1,TELEMETRY,ocid1.tenancy.oc1..aaaaaaaadsyhydp66mjpsohqocfcgzaabtrit47ex2igzu2j6lhuadrrglca,,oci_compute,Million Datapoints,B90926,0.000044,Million Datapoints
2023-11-13T11:00:00.000000+0000,2023-11-13T12:00:00.000000+0000,Monitoring Service - Retrieval,2023-11-01,2023-11-30,Oracle,ocid1.organizationssubscription.oc1.us-sanjose-1.amaaaaaa33abj3qa7lv6zso4gq45je75qdvql5fmgrmzlic6nbtm33hlbt5q,,USD,2.672324e-8,us-sanjose-1,TELEMETRY,ocid1.tenancy.oc1..aaaaaaaadsyhydp66mjpsohqocfcgzaabtrit47ex2igzu2j6lhuadrrglca,,oci_blockstore,Million Datapoints,B90926,0.000023,Million Datapoints
2023-11-13T06:00:00.000000+0000,2023-11-13T07:00:00.000000+0000,Monitoring Service - Retrieval,2023-11-01,2023-11-30,Oracle,ocid1.organizationssubscription.oc1.us-sanjose-1.amaaaaaa33abj3qa7lv6zso4gq45je75qdvql5fmgrmzlic6nbtm33hlbt5q,,USD,3.718016e-8,us-sanjose-1,TELEMETRY,ocid1.tenancy.oc1..aaaaaaaadsyhydp66mjpsohqocfcgzaabtrit47ex2igzu2j6lhuadrrglca,,oci_compute,Million Datapoints,B90926,0.000032,Million Datapoints
2023-11-13T07:00:00.000000+0000,2023-11-13T08:00:00.000000+0000,MySQL Database for HeatWave - Standard - Node per hour,2023-11-01,2023-11-30,Oracle,ocid1.organizationssubscription.oc1.us-sanjose-1.amaaaaaa33abj3qa7lv6zso4gq45je75qdvql5fmgrmzlic6nbtm33hlbt5q,,USD,0.036519144999853925,us-sanjose-1,MYSQL,ocid1.tenancy.oc1..aaaaaaaadsyhydp66mjpsohqocfcgzaabtrit47ex2igzu2j6lhuadrrglca,sj-1,ocid1.mysqlinstance.oc1.us-sanjose-1.abzwuljrijxaukifprz6it6gvgse4lqermwyw6hsi6p2bei5ivfk3qth6x5q,Instance per hour,B92024,0.166666666666,Instance per hour
2023-11-13T06:00:00.000000+0000,2023-11-13T07:00:00.000000+0000,Oracle APEX Application Development,2023-11-01,2023-11-30,Oracle,ocid1.organizationssubscription.oc1.us-sanjose-1.amaaaaaa33abj3qa7lv6zso4gq45je75qdvql5fmgrmzlic6nbtm33hlbt5q,,USD,0.024528554999901885,us-sanjose-1,DATABASE,ocid1.tenancy.oc1..aaaaaaaadsyhydp66mjpsohqocfcgzaabtrit47ex2igzu2j6lhuadrrglca,sj-1,ocid1.autonomousdatabase.oc1.us-sanjose-1.anzwuljr33abj3qa3ustmv6jdlw6elfui5qg3jd7ugfx6oq7x5qa5emjmpta,Hours,B92911,0.166666666666,Hours
2023-11-13T05:00:00.000000+0000,2023-11-13T06:00:00.000000+0000,Block Volume - Storage,2023-11-01,2023-11-30,Oracle,ocid1.organizationssubscription.oc1.us-sanjose-1.amaaaaaa33abj3qa7lv6zso4gq45je75qdvql5fmgrmzlic6nbtm33hlbt5q,,USD,0.001351707606962962,us-sanjose-1,BLOCK_STORAGE,ocid1.tenancy.oc1..aaaaaaaadsyhydp66mjpsohqocfcgzaabtrit47ex2igzu2j6lhuadrrglca,sj-1,ocid1.bootvolume.oc1.us-sanjose-1.abzwuljrlmub5uedgtlbadwfu3hadymcy2xkymh3x2dw3b3rgxfjnzrxy4pa,GB Months,B91961,0.06260229988,GB Months
2023-11-13T07:00:00.000000+0000,2023-11-13T08:00:00.000000+0000,Monitoring Service - Retrieval,2023-11-01,2023-11-30,Oracle,ocid1.organizationssubscription.oc1.us-sanjose-1.amaaaaaa33abj3qa7lv6zso4gq45je75qdvql5fmgrmzlic6nbtm33hlbt5q,,USD,2.32376e-9,us-sanjose-1,TELEMETRY,ocid1.tenancy.oc1..aaaaaaaadsyhydp66mjpsohqocfcgzaabtrit47ex2igzu2j6lhuadrrglca,,oci_compute_infrastructure_health,Million Datapoints,B90926,2e-6,Million Datapoints
2023-11-13T09:00:00.000000+0000,2023-11-13T10:00:00.000000+0000,Monitoring Service - Retrieval,2023-11-01,2023-11-30,Oracle,ocid1.organizationssubscription.oc1.us-sanjose-1.amaaaaaa33abj3qa7lv6zso4gq45je75qdvql5fmgrmzlic6nbtm33hlbt5q,,USD,2.32376e-9,us-sanjose-1,TELEMETRY,ocid1.tenancy.oc1..aaaaaaaadsyhydp66mjpsohqocfcgzaabtrit47ex2igzu2j6lhuadrrglca,,oci_compute_infrastructure_health,Million Datapoints,B90926,2e-6,Million Datapoints
2023-11-13T08:00:00.000000+0000,2023-11-13T09:00:00.000000+0000,Container Image Storage,2023-11-01,2023-11-30,Oracle,ocid1.organizationssubscription.oc1.us-sanjose-1.amaaaaaa33abj3qa7lv6zso4gq45je75qdvql5fmgrmzlic6nbtm33hlbt5q,,USD,4.81298076439e-7,us-sanjose-1,COMPUTE,ocid1.tenancy.oc1..aaaaaaaadsyhydp66mjpsohqocfcgzaabtrit47ex2igzu2j6lhuadrrglca,,ocid1.containerrepo.oc1.us-sanjose-1.0.axi5rjbot4mp.aaaaaaaaslfwxxoeeoxnrk7vfyqv77jupswli7ko4e3tvuegtqrwoqtkgb5a,GB Months,B91628,0.000048543887,GB Months
2023-11-13T07:00:00.000000+0000,2023-11-13T08:00:00.000000+0000,MySQL Database Service - Storage,2023-11-01,2023-11-30,Oracle,ocid1.organizationssubscription.oc1.us-sanjose-1.amaaaaaa33abj3qa7lv6zso4gq45je75qdvql5fmgrmzlic6nbtm33hlbt5q,,USD,0.000710731182784594,us-sanjose-1,MYSQL,ocid1.tenancy.oc1..aaaaaaaadsyhydp66mjpsohqocfcgzaabtrit47ex2igzu2j6lhuadrrglca,sj-1,ocid1.mysqlinstance.oc1.us-sanjose-1.abzwuljrijxaukifprz6it6gvgse4lqermwyw6hsi6p2bei5ivfk3qth6x5q,GB Months,B92426,0.028673835125,GB Months
2023-11-13T07:00:00.000000+0000,2023-11-13T08:00:00.000000+0000,Standard - E4,2023-11-01,2023-11-30,Oracle,ocid1.organizationssubscription.oc1.us-sanjose-1.amaaaaaa33abj3qa7lv6zso4gq45je75qdvql5fmgrmzlic6nbtm33hlbt5q,,USD,0.0018230675,us-sanjose-1,COMPUTE,ocid1.tenancy.oc1..aaaaaaaadsyhydp66mjpsohqocfcgzaabtrit47ex2igzu2j6lhuadrrglca,sj-1,ocid1.instance.oc1.us-sanjose-1.anzwuljr33abj3qcn6ugox3wetdefjnrjositn7hexayzgxipdxejwitp7aq,OCPU Hours,B93113,0.25,OCPU Hours
2023-11-13T07:00:00.000000+0000,2023-11-13T08:00:00.000000+0000,Monitoring Service - Retrieval,2023-11-01,2023-11-30,Oracle,ocid1.organizationssubscription.oc1.us-sanjose-1.amaaaaaa33abj3qa7lv6zso4gq45je75qdvql5fmgrmzlic6nbtm33hlbt5q,,USD,2.32376e-9,us-sanjose-1,TELEMETRY,ocid1.tenancy.oc1..aaaaaaaadsyhydp66mjpsohqocfcgzaabtrit47ex2igzu2j6lhuadrrglca,,oci_compute_infrastructure_health,Million Datapoints,B90926,2e-6,Million Datapoints
2023-11-13T09:00:00.000000+0000,2023-11-13T10:00:00.000000+0000,Standard - E4 - Memory,2023-11-01,2023-11-30,Oracle,ocid1.organizationssubscription.oc1.us-sanjose-1.amaaaaaa33abj3qa7lv6zso4gq45je75qdvql5fmgrmzlic6nbtm33hlbt5q,,USD,0.00136084,us-sanjose-1,COMPUTE,ocid1.tenancy.oc1..aaaaaaaadsyhydp66mjpsohqocfcgzaabtrit47ex2igzu2j6lhuadrrglca,sj-1,ocid1.instance.oc1.us-sanjose-1.anzwuljr33abj3qcn6ugox3wetdefjnrjositn7hexayzgxipdxejwitp7aq,GB Hours,B93114,4.0,GB Hours
2023-11-13T06:00:00.000000+0000,2023-11-13T07:00:00.000000+0000,Monitoring Service - Retrieval,2023-11-01,2023-11-30,Oracle,ocid1.organizationssubscription.oc1.us-sanjose-1.amaaaaaa33abj3qa7lv6zso4gq45je75qdvql5fmgrmzlic6nbtm33hlbt5q,,USD,2.32376e-7,us-sanjose-1,TELEMETRY,ocid1.tenancy.oc1..aaaaaaaadsyhydp66mjpsohqocfcgzaabtrit47ex2igzu2j6lhuadrrglca,,oci_vcn,Million Datapoints,B90926,0.0002,Million Datapoints
2023-11-13T09:00:00.000000+0000,2023-11-13T10:00:00.000000+0000,Oracle APEX Application Development,2023-11-01,2023-11-30,Oracle,ocid1.organizationssubscription.oc1.us-sanjose-1.amaaaaaa33abj3qa7lv6zso4gq45je75qdvql5fmgrmzlic6nbtm33hlbt5q,,USD,0.012264277499950942,us-sanjose-1,DATABASE,ocid1.tenancy.oc1..aaaaaaaadsyhydp66mjpsohqocfcgzaabtrit47ex2igzu2j6lhuadrrglca,sj-1,ocid1.autonomousdatabase.oc1.us-sanjose-1.anzwuljr33abj3qa3ustmv6jdlw6elfui5qg3jd7ugfx6oq7x5qa5emjmpta,Hours,B92911,0.083333333333,Hours
2023-11-13T06:00:00.000000+0000,2023-11-13T07:00:00.000000+0000,MySQL Database for HeatWave - Standard - Node per hour,2023-11-01,2023-11-30,Oracle,ocid1.organizationssubscription.oc1.us-sanjose-1.amaaaaaa33abj3qa7lv6zso4gq45je75qdvql5fmgrmzlic6nbtm33hlbt5q,,USD,0.036519144999853925,us-sanjose-1,MYSQL,ocid1.tenancy.oc1..aaaaaaaadsyhydp66mjpsohqocfcgzaabtrit47ex2igzu2j6lhuadrrglca,sj-1,ocid1.mysqlinstance.oc1.us-sanjose-1.abzwuljrijxaukifprz6it6gvgse4lqermwyw6hsi6p2bei5ivfk3qth6x5q,Instance per hour,B92024,0.166666666666,Instance per hour
2023-11-13T07:00:00.000000+0000,2023-11-13T08:00:00.000000+0000,Standard - E4 - Memory,2023-11-01,2023-11-30,Oracle,ocid1.organizationssubscription.oc1.us-sanjose-1.amaaaaaa33abj3qa7lv6zso4gq45je75qdvql5fmgrmzlic6nbtm33hlbt5q,,USD,0.00136084,us-sanjose-1,COMPUTE,ocid1.tenancy.oc1..aaaaaaaadsyhydp66mjpsohqocfcgzaabtrit47ex2igzu2j6lhuadrrglca,sj-1,ocid1.instance.oc1.us-sanjose-1.anzwuljr33abj3qcn6ugox3wetdefjnrjositn7hexayzgxipdxejwitp7aq,GB Hours,B93114,4.0,GB Hours
2023-11-13T06:00:00.000000+0000,2023-11-13T07:00:00.000000+0000,Standard - E4,2023-11-01,2023-11-30,Oracle,ocid1.organizationssubscription.oc1.us-sanjose-1.amaaaaaa33abj3qa7lv6zso4gq45je75qdvql5fmgrmzlic6nbtm33hlbt5q,,USD,0.0018230675,us-sanjose-1,COMPUTE,ocid1.tenancy.oc1..aaaaaaaadsyhydp66mjpsohqocfcgzaabtrit47ex2igzu2j6lhuadrrglca,sj-1,ocid1.instance.oc1.us-sanjose-1.anzwuljr33abj3qcn6ugox3wetdefjnrjositn7hexayzgxipdxejwitp7aq,OCPU Hours,B93113,0.25,OCPU Hours
2023-11-13T10:00:00.000000+0000,2023-11-13T11:00:00.000000+0000,MySQL Database for HeatWave - Standard - Node per hour,2023-11-01,2023-11-30,Oracle,ocid1.organizationssubscription.oc1.us-sanjose-1.amaaaaaa33abj3qa7lv6zso4gq45je75qdvql5fmgrmzlic6nbtm33hlbt5q,,USD,0.018259572499926963,us-sanjose-1,MYSQL,ocid1.tenancy.oc1..aaaaaaaadsyhydp66mjpsohqocfcgzaabtrit47ex2igzu2j6lhuadrrglca,sj-1,ocid1.mysqlinstance.oc1.us-sanjose-1.abzwuljrijxaukifprz6it6gvgse4lqermwyw6hsi6p2bei5ivfk3qth6x5q,Instance per hour,B92024,0.083333333333,Instance per hour
2023-11-13T08:00:00.000000+0000,2023-11-13T09:00:00.000000+0000,Monitoring Service - Retrieval,2023-11-01,2023-11-30,Oracle,ocid1.organizationssubscription.oc1.us-sanjose-1.amaaaaaa33abj3qa7lv6zso4gq45je75qdvql5fmgrmzlic6nbtm33hlbt5q,,USD,1.16188e-8,us-sanjose-1,TELEMETRY,ocid1.tenancy.oc1..aaaaaaaadsyhydp66mjpsohqocfcgzaabtrit47ex2igzu2j6lhuadrrglca,,oci_compute,Million Datapoints,B90926,0.00001,Million Datapoints
2023-11-13T08:00:00.000000+0000,2023-11-13T09:00:00.000000+0000,Monitoring Service - Retrieval,2023-11-01,2023-11-30,Oracle,ocid1.organizationssubscription.oc1.us-sanjose-1.amaaaaaa33abj3qa7lv6zso4gq45je75qdvql5fmgrmzlic6nbtm33hlbt5q,,USD,2.32376e-9,us-sanjose-1,TELEMETRY,ocid1.tenancy.oc1..aaaaaaaadsyhydp66mjpsohqocfcgzaabtrit47ex2igzu2j6lhuadrrglca,,oci_compute_infrastructure_health,Million Datapoints,B90926,2e-6,Million Datapoints
2023-11-13T06:00:00.000000+0000,2023-11-13T07:00:00.000000+0000,Monitoring Service - Retrieval,2023-11-01,2023-11-30,Oracle,ocid1.organizationssubscription.oc1.us-sanjose-1.amaaaaaa33abj3qa7lv6zso4gq45je75qdvql5fmgrmzlic6nbtm33hlbt5q,,USD,1.394256e-8,us-sanjose-1,TELEMETRY,ocid1.tenancy.oc1..aaaaaaaadsyhydp66mjpsohqocfcgzaabtrit47ex2igzu2j6lhuadrrglca,,oci_blockstore,Million Datapoints,B90926,0.000012,Million Datapoints
2023-11-13T07:00:00.000000+0000,2023-11-13T08:00:00.000000+0000,Outbound Data Transfer Zone 1,2023-11-01,2023-11-30,Oracle,ocid1.organizationssubscription.oc1.us-sanjose-1.amaaaaaa33abj3qa7lv6zso4gq45je75qdvql5fmgrmzlic6nbtm33hlbt5q,,USD,4.05488779142e-7,us-sanjose-1,NETWORK,ocid1.tenancy.oc1..aaaaaaaadsyhydp66mjpsohqocfcgzaabtrit47ex2igzu2j6lhuadrrglca,,ocid1.vnic.oc1.us-sanjose-1.abzwuljrnocy3fyperpqihyokz3nuvhcseslimhfr5rvl5wga4y4uq5oezea,GB Months,B88327,0.000066376291,GB Months
2023-11-13T10:00:00.000000+0000,2023-11-13T11:00:00.000000+0000,MySQL Database Service - Storage,2023-11-01,2023-11-30,Oracle,ocid1.organizationssubscription.oc1.us-sanjose-1.amaaaaaa33abj3qa7lv6zso4gq45je75qdvql5fmgrmzlic6nbtm33hlbt5q,,USD,0.000355365591379904,us-sanjose-1,MYSQL,ocid1.tenancy.oc1..aaaaaaaadsyhydp66mjpsohqocfcgzaabtrit47ex2igzu2j6lhuadrrglca,sj-1,ocid1.mysqlinstance.oc1.us-sanjose-1.abzwuljrijxaukifprz6it6gvgse4lqermwyw6hsi6p2bei5ivfk3qth6x5q,GB Months,B92426,0.014336917562,GB Months
2023-11-13T11:00:00.000000+0000,2023-11-13T12:00:00.000000+0000,Monitoring Service - Retrieval,2023-11-01,2023-11-30,Oracle,ocid1.organizationssubscription.oc1.us-sanjose-1.amaaaaaa33abj3qa7lv6zso4gq45je75qdvql5fmgrmzlic6nbtm33hlbt5q,,USD,4.64752e-9,us-sanjose-1,TELEMETRY,ocid1.tenancy.oc1..aaaaaaaadsyhydp66mjpsohqocfcgzaabtrit47ex2igzu2j6lhuadrrglca,,oci_compute_infrastructure_health,Million Datapoints,B90926,4e-6,Million Datapoints
2023-11-13T08:00:00.000000+0000,2023-11-13T09:00:00.000000+0000,MySQL Database for HeatWave - Standard - Node per hour,2023-11-01,2023-11-30,Oracle,ocid1.organizationssubscription.oc1.us-sanjose-1.amaaaaaa33abj3qa7lv6zso4gq45je75qdvql5fmgrmzlic6nbtm33hlbt5q,,USD,0.036519144999853925,us-sanjose-1,MYSQL,ocid1.tenancy.oc1..aaaaaaaadsyhydp66mjpsohqocfcgzaabtrit47ex2igzu2j6lhuadrrglca,sj-1,ocid1.mysqlinstance.oc1.us-sanjose-1.abzwuljrijxaukifprz6it6gvgse4lqermwyw6hsi6p2bei5ivfk3qth6x5q,Instance per hour,B92024,0.166666666666,Instance per hour
2023-11-13T05:00:00.000000+0000,2023-11-13T06:00:00.000000+0000,MySQL Database for HeatWave - Standard - Node per hour,2023-11-01,2023-11-30,Oracle,ocid1.organizationssubscription.oc1.us-sanjose-1.amaaaaaa33abj3qa7lv6zso4gq45je75qdvql5fmgrmzlic6nbtm33hlbt5q,,USD,0.036519144999853925,us-sanjose-1,MYSQL,ocid1.tenancy.oc1..aaaaaaaadsyhydp66mjpsohqocfcgzaabtrit47ex2igzu2j6lhuadrrglca,sj-1,ocid1.mysqlinstance.oc1.us-sanjose-1.abzwuljrijxaukifprz6it6gvgse4lqermwyw6hsi6p2bei5ivfk3qth6x5q,Instance per hour,B92024,0.166666666666,Instance per hour
2023-11-13T09:00:00.000000+0000,2023-11-13T10:00:00.000000+0000,Standard - E4 - Memory,2023-11-01,2023-11-30,Oracle,ocid1.organizationssubscription.oc1.us-sanjose-1.amaaaaaa33abj3qa7lv6zso4gq45je75qdvql5fmgrmzlic6nbtm33hlbt5q,,USD,0.00136084,us-sanjose-1,COMPUTE,ocid1.tenancy.oc1..aaaaaaaadsyhydp66mjpsohqocfcgzaabtrit47ex2igzu2j6lhuadrrglca,sj-1,ocid1.instance.oc1.us-sanjose-1.anzwuljr33abj3qcn6ugox3wetdefjnrjositn7hexayzgxipdxejwitp7aq,GB Hours,B93114,4.0,GB Hours
2023-11-13T05:00:00.000000+0000,2023-11-13T06:00:00.000000+0000,Outbound Data Transfer Zone 1,2023-11-01,2023-11-30,Oracle,ocid1.organizationssubscription.oc1.us-sanjose-1.amaaaaaa33abj3qa7lv6zso4gq45je75qdvql5fmgrmzlic6nbtm33hlbt5q,,USD,1.66773194531e-7,us-sanjose-1,NETWORK,ocid1.tenancy.oc1..aaaaaaaadsyhydp66mjpsohqocfcgzaabtrit47ex2igzu2j6lhuadrrglca,sj-1,ocid1.vnic.oc1.us-sanjose-1.abzwuljrnocy3fyperpqihyokz3nuvhcseslimhfr5rvl5wga4y4uq5oezea,GB Months,B88327,0.000027299858,GB Months
2023-11-13T10:00:00.000000+0000,2023-11-13T11:00:00.000000+0000,Oracle Autonomous Transaction Processing - Exadata Storage,2023-11-01,2023-11-30,Oracle,ocid1.organizationssubscription.oc1.us-sanjose-1.amaaaaaa33abj3qa7lv6zso4gq45je75qdvql5fmgrmzlic6nbtm33hlbt5q,,USD,0.005718340005699543,us-sanjose-1,DATABASE,ocid1.tenancy.oc1..aaaaaaaadsyhydp66mjpsohqocfcgzaabtrit47ex2igzu2j6lhuadrrglca,sj-1,ocid1.autonomousdatabase.oc1.us-sanjose-1.anzwuljr33abj3qa3ustmv6jdlw6elfui5qg3jd7ugfx6oq7x5qa5emjmpta,TB,B90455,0.000224014336,TB
2023-11-13T08:00:00.000000+0000,2023-11-13T09:00:00.000000+0000,Standard - E4,2023-11-01,2023-11-30,Oracle,ocid1.organizationssubscription.oc1.us-sanjose-1.amaaaaaa33abj3qa7lv6zso4gq45je75qdvql5fmgrmzlic6nbtm33hlbt5q,,USD,0.0018230675,us-sanjose-1,COMPUTE,ocid1.tenancy.oc1..aaaaaaaadsyhydp66mjpsohqocfcgzaabtrit47ex2igzu2j6lhuadrrglca,sj-1,ocid1.instance.oc1.us-sanjose-1.anzwuljr33abj3qcn6ugox3wetdefjnrjositn7hexayzgxipdxejwitp7aq,OCPU Hours,B93113,0.25,OCPU Hours
2023-11-13T08:00:00.000000+0000,2023-11-13T09:00:00.000000+0000,Monitoring Service - Retrieval,2023-11-01,2023-11-30,Oracle,ocid1.organizationssubscription.oc1.us-sanjose-1.amaaaaaa33abj3qa7lv6zso4gq45je75qdvql5fmgrmzlic6nbtm33hlbt5q,,USD,1.16188e-8,us-sanjose-1,TELEMETRY,ocid1.tenancy.oc1..aaaaaaaadsyhydp66mjpsohqocfcgzaabtrit47ex2igzu2j6lhuadrrglca,,oci_compute,Million Datapoints,B90926,0.00001,Million Datapoints
2023-11-13T10:00:00.000000+0000,2023-11-13T11:00:00.000000+0000,Standard - E4,2023-11-01,2023-11-30,Oracle,ocid1.organizationssubscription.oc1.us-sanjose-1.amaaaaaa33abj3qa7lv6zso4gq45je75qdvql5fmgrmzlic6nbtm33hlbt5q,,USD,0.0018230675,us-sanjose-1,COMPUTE,ocid1.tenancy.oc1..aaaaaaaadsyhydp66mjpsohqocfcgzaabtrit47ex2igzu2j6lhuadrrglca,sj-1,ocid1.instance.oc1.us-sanjose-1.anzwuljr33abj3qcn6ugox3wetdefjnrjositn7hexayzgxipdxejwitp7aq,OCPU Hours,B93113,0.25,OCPU Hours
2023-11-13T10:00:00.000000+0000,2023-11-13T11:00:00.000000+0000,Monitoring Service - Retrieval,2023-11-01,2023-11-30,Oracle,ocid1.organizationssubscription.oc1.us-sanjose-1.amaaaaaa33abj3qa7lv6zso4gq45je75qdvql5fmgrmzlic6nbtm33hlbt5q,,USD,2.32376e-9,us-sanjose-1,TELEMETRY,ocid1.tenancy.oc1..aaaaaaaadsyhydp66mjpsohqocfcgzaabtrit47ex2igzu2j6lhuadrrglca,,oci_compute_infrastructure_health,Million Datapoints,B90926,2e-6,Million Datapoints
2023-11-13T10:00:00.000000+0000,2023-11-13T11:00:00.000000+0000,Block Volume - Storage,2023-11-01,2023-11-30,Oracle,ocid1.organizationssubscription.oc1.us-sanjose-1.amaaaaaa33abj3qa7lv6zso4gq45je75qdvql5fmgrmzlic6nbtm33hlbt5q,,USD,0.001351707606962962,us-sanjose-1,BLOCK_STORAGE,ocid1.tenancy.oc1..aaaaaaaadsyhydp66mjpsohqocfcgzaabtrit47ex2igzu2j6lhuadrrglca,sj-1,ocid1.bootvolume.oc1.us-sanjose-1.abzwuljrb4wzk5tikdkt6ugea3ntrr3lohyscahdouj3spcnizk7rmjt7feq,GB Months,B91961,0.06260229988,GB Months
2023-11-13T09:00:00.000000+0000,2023-11-13T10:00:00.000000+0000,Container Image Storage,2023-11-01,2023-11-30,Oracle,ocid1.organizationssubscription.oc1.us-sanjose-1.amaaaaaa33abj3qa7lv6zso4gq45je75qdvql5fmgrmzlic6nbtm33hlbt5q,,USD,2.40649033262e-7,us-sanjose-1,COMPUTE,ocid1.tenancy.oc1..aaaaaaaadsyhydp66mjpsohqocfcgzaabtrit47ex2igzu2j6lhuadrrglca,,ocid1.containerrepo.oc1.us-sanjose-1.0.axi5rjbot4mp.aaaaaaaaslfwxxoeeoxnrk7vfyqv77jupswli7ko4e3tvuegtqrwoqtkgb5a,GB Months,B91628,0.000024271943,GB Months
2023-11-13T06:00:00.000000+0000,2023-11-13T07:00:00.000000+0000,Monitoring Service - Retrieval,2023-11-01,2023-11-30,Oracle,ocid1.organizationssubscription.oc1.us-sanjose-1.amaaaaaa33abj3qa7lv6zso4gq45je75qdvql5fmgrmzlic6nbtm33hlbt5q,,USD,2.32376e-9,us-sanjose-1,TELEMETRY,ocid1.tenancy.oc1..aaaaaaaadsyhydp66mjpsohqocfcgzaabtrit47ex2igzu2j6lhuadrrglca,,oci_compute_infrastructure_health,Million Datapoints,B90926,2e-6,Million Datapoints
2023-11-13T07:00:00.000000+0000,2023-11-13T08:00:00.000000+0000,Monitoring Service - Retrieval,2023-11-01,2023-11-30,Oracle,ocid1.organizationssubscription.oc1.us-sanjose-1.amaaaaaa33abj3qa7lv6zso4gq45je75qdvql5fmgrmzlic6nbtm33hlbt5q,,USD,6.0766324e-7,us-sanjose-1,TELEMETRY,ocid1.tenancy.oc1..aaaaaaaadsyhydp66mjpsohqocfcgzaabtrit47ex2igzu2j6lhuadrrglca,,oci_autonomous_database,Million Datapoints,B90926,0.000523,Million Datapoints
2023-11-13T07:00:00.000000+0000,2023-11-13T08:00:00.000000+0000,MySQL Database Service - Storage,2023-11-01,2023-11-30,Oracle,ocid1.organizationssubscription.oc1.us-sanjose-1.amaaaaaa33abj3qa7lv6zso4gq45je75qdvql5fmgrmzlic6nbtm33hlbt5q,,USD,0.000710731182784594,us-sanjose-1,MYSQL,ocid1.tenancy.oc1..aaaaaaaadsyhydp66mjpsohqocfcgzaabtrit47ex2igzu2j6lhuadrrglca,sj-1,ocid1.mysqlinstance.oc1.us-sanjose-1.abzwuljrijxaukifprz6it6gvgse4lqermwyw6hsi6p2bei5ivfk3qth6x5q,GB Months,B92426,0.028673835125,GB Months
2023-11-13T06:00:00.000000+0000,2023-11-13T07:00:00.000000+0000,Standard - E4,2023-11-01,2023-11-30,Oracle,ocid1.organizationssubscription.oc1.us-sanjose-1.amaaaaaa33abj3qa7lv6zso4gq45je75qdvql5fmgrmzlic6nbtm33hlbt5q,,USD,0.0018230675,us-sanjose-1,COMPUTE,ocid1.tenancy.oc1..aaaaaaaadsyhydp66mjpsohqocfcgzaabtrit47ex2igzu2j6lhuadrrglca,sj-1,ocid1.instance.oc1.us-sanjose-1.anzwuljr33abj3qcn6ugox3wetdefjnrjositn7hexayzgxipdxejwitp7aq,OCPU Hours,B93113,0.25,OCPU Hours
2023-11-13T05:00:00.000000+0000,2023-11-13T06:00:00.000000+0000,Oracle APEX Application Development,2023-11-01,2023-11-30,Oracle,ocid1.organizationssubscription.oc1.us-sanjose-1.amaaaaaa33abj3qa7lv6zso4gq45je75qdvql5fmgrmzlic6nbtm33hlbt5q,,USD,0.024528554999901885,us-sanjose-1,DATABASE,ocid1.tenancy.oc1..aaaaaaaadsyhydp66mjpsohqocfcgzaabtrit47ex2igzu2j6lhuadrrglca,sj-1,ocid1.autonomousdatabase.oc1.us-sanjose-1.anzwuljr33abj3qa3ustmv6jdlw6elfui5qg3jd7ugfx6oq7x5qa5emjmpta,Hours,B92911,0.166666666666,Hours
2023-11-13T09:00:00.000000+0000,2023-11-13T10:00:00.000000+0000,Monitoring Service - Retrieval,2023-11-01,2023-11-30,Oracle,ocid1.organizationssubscription.oc1.us-sanjose-1.amaaaaaa33abj3qa7lv6zso4gq45je75qdvql5fmgrmzlic6nbtm33hlbt5q,,USD,3.718016e-8,us-sanjose-1,TELEMETRY,ocid1.tenancy.oc1..aaaaaaaadsyhydp66mjpsohqocfcgzaabtrit47ex2igzu2j6lhuadrrglca,,oci_blockstore,Million Datapoints,B90926,0.000032,Million Datapoints
2023-11-13T05:00:00.000000+0000,2023-11-13T06:00:00.000000+0000,Standard - E4,2023-11-01,2023-11-30,Oracle,ocid1.organizationssubscription.oc1.us-sanjose-1.amaaaaaa33abj3qa7lv6zso4gq45je75qdvql5fmgrmzlic6nbtm33hlbt5q,,USD,0.0018230675,us-sanjose-1,COMPUTE,ocid1.tenancy.oc1..aaaaaaaadsyhydp66mjpsohqocfcgzaabtrit47ex2igzu2j6lhuadrrglca,sj-1,ocid1.instance.oc1.us-sanjose-1.anzwuljr33abj3qcn6ugox3wetdefjnrjositn7hexayzgxipdxejwitp7aq,OCPU Hours,B93113,0.25,OCPU Hours
2023-11-13T08:00:00.000000+0000,2023-11-13T09:00:00.000000+0000,Monitoring Service - Retrieval,2023-11-01,2023-11-30,Oracle,ocid1.organizationssubscription.oc1.us-sanjose-1.amaaaaaa33abj3qa7lv6zso4gq45je75qdvql5fmgrmzlic6nbtm33hlbt5q,,USD,1.8241516e-7,us-sanjose-1,TELEMETRY,ocid1.tenancy.oc1..aaaaaaaadsyhydp66mjpsohqocfcgzaabtrit47ex2igzu2j6lhuadrrglca,,oci_autonomous_database,Million Datapoints,B90926,0.000157,Million Datapoints
2023-11-13T05:00:00.000000+0000,2023-11-13T06:00:00.000000+0000,Monitoring Service - Retrieval,2023-11-01,2023-11-30,Oracle,ocid1.organizationssubscription.oc1.us-sanjose-1.amaaaaaa33abj3qa7lv6zso4gq45je75qdvql5fmgrmzlic6nbtm33hlbt5q,,USD,1.859008e-8,us-sanjose-1,TELEMETRY,ocid1.tenancy.oc1..aaaaaaaadsyhydp66mjpsohqocfcgzaabtrit47ex2igzu2j6lhuadrrglca,,oci_blockstore,Million Datapoints,B90926,0.000016,Million Datapoints
2023-11-13T10:00:00.000000+0000,2023-11-13T11:00:00.000000+0000,Monitoring Service - Retrieval,2023-11-01,2023-11-30,Oracle,ocid1.organizationssubscription.oc1.us-sanjose-1.amaaaaaa33abj3qa7lv6zso4gq45je75qdvql5fmgrmzlic6nbtm33hlbt5q,,USD,9.29504e-9,us-sanjose-1,TELEMETRY,ocid1.tenancy.oc1..aaaaaaaadsyhydp66mjpsohqocfcgzaabtrit47ex2igzu2j6lhuadrrglca,,oci_compute,Million Datapoints,B90926,8e-6,Million Datapoints
2023-11-13T11:00:00.000000+0000,2023-11-13T12:00:00.000000+0000,MySQL Database for HeatWave - Standard - Node per hour,2023-11-01,2023-11-30,Oracle,ocid1.organizationssubscription.oc1.us-sanjose-1.amaaaaaa33abj3qa7lv6zso4gq45je75qdvql5fmgrmzlic6nbtm33hlbt5q,,USD,0.036519144999853925,us-sanjose-1,MYSQL,ocid1.tenancy.oc1..aaaaaaaadsyhydp66mjpsohqocfcgzaabtrit47ex2igzu2j6lhuadrrglca,sj-1,ocid1.mysqlinstance.oc1.us-sanjose-1.abzwuljrijxaukifprz6it6gvgse4lqermwyw6hsi6p2bei5ivfk3qth6x5q,Instance per hour,B92024,0.166666666666,Instance per hour
2023-11-13T10:00:00.000000+0000,2023-11-13T11:00:00.000000+0000,MySQL Database for HeatWave - Standard - Node per hour,2023-11-01,2023-11-30,Oracle,ocid1.organizationssubscription.oc1.us-sanjose-1.amaaaaaa33abj3qa7lv6zso4gq45je75qdvql5fmgrmzlic6nbtm33hlbt5q,,USD,0.036519144999853925,us-sanjose-1,MYSQL,ocid1.tenancy.oc1..aaaaaaaadsyhydp66mjpsohqocfcgzaabtrit47ex2igzu2j6lhuadrrglca,sj-1,ocid1.mysqlinstance.oc1.us-sanjose-1.abzwuljrijxaukifprz6it6gvgse4lqermwyw6hsi6p2bei5ivfk3qth6x5q,Instance per hour,B92024,0.166666666666,Instance per hour
2023-11-13T09:00:00.000000+0000,2023-11-13T10:00:00.000000+0000,Monitoring Service - Retrieval,2023-11-01,2023-11-30,Oracle,ocid1.organizationssubscription.oc1.us-sanjose-1.amaaaaaa33abj3qa7lv6zso4gq45je75qdvql5fmgrmzlic6nbtm33hlbt5q,,USD,6.1463452e-7,us-sanjose-1,TELEMETRY,ocid1.tenancy.oc1..aaaaaaaadsyhydp66mjpsohqocfcgzaabtrit47ex2igzu2j6lhuadrrglca,,oci_autonomous_database,Million Datapoints,B90926,0.000529,Million Datapoints
2023-11-13T07:00:00.000000+0000,2023-11-13T08:00:00.000000+0000,Standard - E4,2023-11-01,2023-11-30,Oracle,ocid1.organizationssubscription.oc1.us-sanjose-1.amaaaaaa33abj3qa7lv6zso4gq45je75qdvql5fmgrmzlic6nbtm33hlbt5q,,USD,0.0018230675,us-sanjose-1,COMPUTE,ocid1.tenancy.oc1..aaaaaaaadsyhydp66mjpsohqocfcgzaabtrit47ex2igzu2j6lhuadrrglca,sj-1,ocid1.instance.oc1.us-sanjose-1.anzwuljr33abj3qcn6ugox3wetdefjnrjositn7hexayzgxipdxejwitp7aq,OCPU Hours,B93113,0.25,OCPU Hours
2023-11-13T07:00:00.000000+0000,2023-11-13T08:00:00.000000+0000,Monitoring Service - Retrieval,2023-11-01,2023-11-30,Oracle,ocid1.organizationssubscription.oc1.us-sanjose-1.amaaaaaa33abj3qa7lv6zso4gq45je75qdvql5fmgrmzlic6nbtm33hlbt5q,,USD,1.16188e-8,us-sanjose-1,TELEMETRY,ocid1.tenancy.oc1..aaaaaaaadsyhydp66mjpsohqocfcgzaabtrit47ex2igzu2j6lhuadrrglca,,oci_blockstore,Million Datapoints,B90926,0.00001,Million Datapoints
2023-11-13T05:00:00.000000+0000,2023-11-13T06:00:00.000000+0000,Monitoring Service - Retrieval,2023-11-01,2023-11-30,Oracle,ocid1.organizationssubscription.oc1.us-sanjose-1.amaaaaaa33abj3qa7lv6zso4gq45je75qdvql5fmgrmzlic6nbtm33hlbt5q,,USD,2.32376e-9,us-sanjose-1,TELEMETRY,ocid1.tenancy.oc1..aaaaaaaadsyhydp66mjpsohqocfcgzaabtrit47ex2igzu2j6lhuadrrglca,,oci_compute_infrastructure_health,Million Datapoints,B90926,2e-6,Million Datapoints
2023-11-13T10:00:00.000000+0000,2023-11-13T11:00:00.000000+0000,Standard - E4,2023-11-01,2023-11-30,Oracle,ocid1.organizationssubscription.oc1.us-sanjose-1.amaaaaaa33abj3qa7lv6zso4gq45je75qdvql5fmgrmzlic6nbtm33hlbt5q,,USD,0.0018230675,us-sanjose-1,COMPUTE,ocid1.tenancy.oc1..aaaaaaaadsyhydp66mjpsohqocfcgzaabtrit47ex2igzu2j6lhuadrrglca,sj-1,ocid1.instance.oc1.us-sanjose-1.anzwuljr33abj3qcn6ugox3wetdefjnrjositn7hexayzgxipdxejwitp7aq,OCPU Hours,B93113,0.25,OCPU Hours
2023-11-13T08:00:00.000000+0000,2023-11-13T09:00:00.000000+0000,Monitoring Service - Retrieval,2023-11-01,2023-11-30,Oracle,ocid1.organizationssubscription.oc1.us-sanjose-1.amaaaaaa33abj3qa7lv6zso4gq45je75qdvql5fmgrmzlic6nbtm33hlbt5q,,USD,4.64752e-9,us-sanjose-1,TELEMETRY,ocid1.tenancy.oc1..aaaaaaaadsyhydp66mjpsohqocfcgzaabtrit47ex2igzu2j6lhuadrrglca,,oci_compute,Million Datapoints,B90926,4e-6,Million Datapoints
2023-11-13T10:00:00.000000+0000,2023-11-13T11:00:00.000000+0000,Monitoring Service - Retrieval,2023-11-01,2023-11-30,Oracle,ocid1.organizationssubscription.oc1.us-sanjose-1.amaaaaaa33abj3qa7lv6zso4gq45je75qdvql5fmgrmzlic6nbtm33hlbt5q,,USD,4.64752e-9,us-sanjose-1,TELEMETRY,ocid1.tenancy.oc1..aaaaaaaadsyhydp66mjpsohqocfcgzaabtrit47ex2igzu2j6lhuadrrglca,,oci_compute_infrastructure_health,Million Datapoints,B90926,4e-6,Million Datapoints
2023-11-13T06:00:00.000000+0000,2023-11-13T07:00:00.000000+0000,Outbound Data Transfer Zone 1,2023-11-01,2023-11-30,Oracle,ocid1.organizationssubscription.oc1.us-sanjose-1.amaaaaaa33abj3qa7lv6zso4gq45je75qdvql5fmgrmzlic6nbtm33hlbt5q,,USD,6.4836330567e-8,us-sanjose-1,NETWORK,ocid1.tenancy.oc1..aaaaaaaadsyhydp66mjpsohqocfcgzaabtrit47ex2igzu2j6lhuadrrglca,,ocid1.vnic.oc1.us-sanjose-1.abzwuljrnocy3fyperpqihyokz3nuvhcseslimhfr5rvl5wga4y4uq5oezea,GB Months,B88327,0.000010613352,GB Months
2023-11-13T07:00:00.000000+0000,2023-11-13T08:00:00.000000+0000,Oracle Autonomous Transaction Processing - Exadata Storage,2023-11-01,2023-11-30,Oracle,ocid1.organizationssubscription.oc1.us-sanjose-1.amaaaaaa33abj3qa7lv6zso4gq45je75qdvql5fmgrmzlic6nbtm33hlbt5q,,USD,0.002859170002849772,us-sanjose-1,DATABASE,ocid1.tenancy.oc1..aaaaaaaadsyhydp66mjpsohqocfcgzaabtrit47ex2igzu2j6lhuadrrglca,sj-1,ocid1.autonomousdatabase.oc1.us-sanjose-1.anzwuljr33abj3qa3ustmv6jdlw6elfui5qg3jd7ugfx6oq7x5qa5emjmpta,TB,B90455,0.000112007168,TB
2023-11-13T07:00:00.000000+0000,2023-11-13T08:00:00.000000+0000,MySQL Database Service - Storage,2023-11-01,2023-11-30,Oracle,ocid1.organizationssubscription.oc1.us-sanjose-1.amaaaaaa33abj3qa7lv6zso4gq45je75qdvql5fmgrmzlic6nbtm33hlbt5q,,USD,0.000355365591379904,us-sanjose-1,MYSQL,ocid1.tenancy.oc1..aaaaaaaadsyhydp66mjpsohqocfcgzaabtrit47ex2igzu2j6lhuadrrglca,sj-1,ocid1.mysqlinstance.oc1.us-sanjose-1.abzwuljrijxaukifprz6it6gvgse4lqermwyw6hsi6p2bei5ivfk3qth6x5q,GB Months,B92426,0.014336917562,GB Months
2023-11-13T11:00:00.000000+0000,2023-11-13T12:00:00.000000+0000,Container Image Storage,2023-11-01,2023-11-30,Oracle,ocid1.organizationssubscription.oc1.us-sanjose-1.amaaaaaa33abj3qa7lv6zso4gq45je75qdvql5fmgrmzlic6nbtm33hlbt5q,,USD,4.81298076439e-7,us-sanjose-1,COMPUTE,ocid1.tenancy.oc1..aaaaaaaadsyhydp66mjpsohqocfcgzaabtrit47ex2igzu2j6lhuadrrglca,,ocid1.containerrepo.oc1.us-sanjose-1.0.axi5rjbot4mp.aaaaaaaaslfwxxoeeoxnrk7vfyqv77jupswli7ko4e3tvuegtqrwoqtkgb5a,GB Months,B91628,0.000048543887,GB Months
2023-11-13T09:00:00.000000+0000,2023-11-13T10:00:00.000000+0000,Monitoring Service - Retrieval,2023-11-01,2023-11-30,Oracle,ocid1.organizationssubscription.oc1.us-sanjose-1.amaaaaaa33abj3qa7lv6zso4gq45je75qdvql5fmgrmzlic6nbtm33hlbt5q,,USD,1.394256e-8,us-sanjose-1,TELEMETRY,ocid1.tenancy.oc1..aaaaaaaadsyhydp66mjpsohqocfcgzaabtrit47ex2igzu2j6lhuadrrglca,,oci_blockstore,Million Datapoints,B90926,0.000012,Million Datapoints
2023-11-13T06:00:00.000000+0000,2023-11-13T07:00:00.000000+0000,Container Image Storage,2023-11-01,2023-11-30,Oracle,ocid1.organizationssubscription.oc1.us-sanjose-1.amaaaaaa33abj3qa7lv6zso4gq45je75qdvql5fmgrmzlic6nbtm33hlbt5q,,USD,4.81298076439e-7,us-sanjose-1,COMPUTE,ocid1.tenancy.oc1..aaaaaaaadsyhydp66mjpsohqocfcgzaabtrit47ex2igzu2j6lhuadrrglca,,ocid1.containerrepo.oc1.us-sanjose-1.0.axi5rjbot4mp.aaaaaaaaslfwxxoeeoxnrk7vfyqv77jupswli7ko4e3tvuegtqrwoqtkgb5a,GB Months,B91628,0.000048543887,GB Months
2023-11-13T10:00:00.000000+0000,2023-11-13T11:00:00.000000+0000,Monitoring Service - Retrieval,2023-11-01,2023-11-30,Oracle,ocid1.organizationssubscription.oc1.us-sanjose-1.amaaaaaa33abj3qa7lv6zso4gq45je75qdvql5fmgrmzlic6nbtm33hlbt5q,,USD,4.64752e-9,us-sanjose-1,TELEMETRY,ocid1.tenancy.oc1..aaaaaaaadsyhydp66mjpsohqocfcgzaabtrit47ex2igzu2j6lhuadrrglca,,oci_compute_infrastructure_health,Million Datapoints,B90926,4e-6,Million Datapoints
2023-11-13T07:00:00.000000+0000,2023-11-13T08:00:00.000000+0000,Monitoring Service - Retrieval,2023-11-01,2023-11-30,Oracle,ocid1.organizationssubscription.oc1.us-sanjose-1.amaaaaaa33abj3qa7lv6zso4gq45je75qdvql5fmgrmzlic6nbtm33hlbt5q,,USD,2.091384e-8,us-sanjose-1,TELEMETRY,ocid1.tenancy.oc1..aaaaaaaadsyhydp66mjpsohqocfcgzaabtrit47ex2igzu2j6lhuadrrglca,,oci_compute,Million Datapoints,B90926,0.000018,Million Datapoints
2023-11-13T06:00:00.000000+0000,2023-11-13T07:00:00.000000+0000,Monitoring Service - Retrieval,2023-11-01,2023-11-30,Oracle,ocid1.organizationssubscription.oc1.us-sanjose-1.amaaaaaa33abj3qa7lv6zso4gq45je75qdvql5fmgrmzlic6nbtm33hlbt5q,,USD,3.6715408e-7,us-sanjose-1,TELEMETRY,ocid1.tenancy.oc1..aaaaaaaadsyhydp66mjpsohqocfcgzaabtrit47ex2igzu2j6lhuadrrglca,,oci_autonomous_database,Million Datapoints,B90926,0.000316,Million Datapoints
2023-11-13T09:00:00.000000+0000,2023-11-13T10:00:00.000000+0000,Outbound Data Transfer Zone 1,2023-11-01,2023-11-30,Oracle,ocid1.organizationssubscription.oc1.us-sanjose-1.amaaaaaa33abj3qa7lv6zso4gq45je75qdvql5fmgrmzlic6nbtm33hlbt5q,,USD,3.8585463987e-8,us-sanjose-1,NETWORK,ocid1.tenancy.oc1..aaaaaaaadsyhydp66mjpsohqocfcgzaabtrit47ex2igzu2j6lhuadrrglca,sj-1,ocid1.vnic.oc1.us-sanjose-1.abzwuljrnocy3fyperpqihyokz3nuvhcseslimhfr5rvl5wga4y4uq5oezea,GB Months,B88327,6.316229e-6,GB Months
2023-11-13T08:00:00.000000+0000,2023-11-13T09:00:00.000000+0000,Monitoring Service - Retrieval,2023-11-01,2023-11-30,Oracle,ocid1.organizationssubscription.oc1.us-sanjose-1.amaaaaaa33abj3qa7lv6zso4gq45je75qdvql5fmgrmzlic6nbtm33hlbt5q,,USD,4.64752e-8,us-sanjose-1,TELEMETRY,ocid1.tenancy.oc1..aaaaaaaadsyhydp66mjpsohqocfcgzaabtrit47ex2igzu2j6lhuadrrglca,,oci_compute,Million Datapoints,B90926,0.00004,Million Datapoints
2023-11-13T10:00:00.000000+0000,2023-11-13T11:00:00.000000+0000,Oracle Autonomous Transaction Processing - Exadata Storage,2023-11-01,2023-11-30,Oracle,ocid1.organizationssubscription.oc1.us-sanjose-1.amaaaaaa33abj3qa7lv6zso4gq45je75qdvql5fmgrmzlic6nbtm33hlbt5q,,USD,0.005718340005699543,us-sanjose-1,DATABASE,ocid1.tenancy.oc1..aaaaaaaadsyhydp66mjpsohqocfcgzaabtrit47ex2igzu2j6lhuadrrglca,sj-1,ocid1.autonomousdatabase.oc1.us-sanjose-1.anzwuljr33abj3qa3ustmv6jdlw6elfui5qg3jd7ugfx6oq7x5qa5emjmpta,TB,B90455,0.000224014336,TB
2023-11-13T06:00:00.000000+0000,2023-11-13T07:00:00.000000+0000,MySQL Database Service - Storage,2023-11-01,2023-11-30,Oracle,ocid1.organizationssubscription.oc1.us-sanjose-1.amaaaaaa33abj3qa7lv6zso4gq45je75qdvql5fmgrmzlic6nbtm33hlbt5q,,USD,0.000710731182784594,us-sanjose-1,MYSQL,ocid1.tenancy.oc1..aaaaaaaadsyhydp66mjpsohqocfcgzaabtrit47ex2igzu2j6lhuadrrglca,sj-1,ocid1.mysqlinstance.oc1.us-sanjose-1.abzwuljrijxaukifprz6it6gvgse4lqermwyw6hsi6p2bei5ivfk3qth6x5q,GB Months,B92426,0.028673835125,GB Months
2023-11-13T07:00:00.000000+0000,2023-11-13T08:00:00.000000+0000,MySQL Database for HeatWave - Standard - Node per hour,2023-11-01,2023-11-30,Oracle,ocid1.organizationssubscription.oc1.us-sanjose-1.amaaaaaa33abj3qa7lv6zso4gq45je75qdvql5fmgrmzlic6nbtm33hlbt5q,,USD,0.0547787175,us-sanjose-1,MYSQL,ocid1.tenancy.oc1..aaaaaaaadsyhydp66mjpsohqocfcgzaabtrit47ex2igzu2j6lhuadrrglca,sj-1,ocid1.mysqlinstance.oc1.us-sanjose-1.abzwuljrijxaukifprz6it6gvgse4lqermwyw6hsi6p2bei5ivfk3qth6x5q,Instance per hour,B92024,0.25,Instance per hour
2023-11-13T07:00:00.000000+0000,2023-11-13T08:00:00.000000+0000,Container Image Storage,2023-11-01,2023-11-30,Oracle,ocid1.organizationssubscription.oc1.us-sanjose-1.amaaaaaa33abj3qa7lv6zso4gq45je75qdvql5fmgrmzlic6nbtm33hlbt5q,,USD,4.81298076439e-7,us-sanjose-1,COMPUTE,ocid1.tenancy.oc1..aaaaaaaadsyhydp66mjpsohqocfcgzaabtrit47ex2igzu2j6lhuadrrglca,,ocid1.containerrepo.oc1.us-sanjose-1.0.axi5rjbot4mp.aaaaaaaaslfwxxoeeoxnrk7vfyqv77jupswli7ko4e3tvuegtqrwoqtkgb5a,GB Months,B91628,0.000048543887,GB Months
2023-11-13T07:00:00.000000+0000,2023-11-13T08:00:00.000000+0000,Outbound Data Transfer Zone 1,2023-11-01,2023-11-30,Oracle,ocid1.organizationssubscription.oc1.us-sanjose-1.amaaaaaa33abj3qa7lv6zso4gq45je75qdvql5fmgrmzlic6nbtm33hlbt5q,,USD,1.0005936678e-7,us-sanjose-1,NETWORK,ocid1.tenancy.oc1..aaaaaaaadsyhydp66mjpsohqocfcgzaabtrit47ex2igzu2j6lhuadrrglca,,ocid1.vnic.oc1.us-sanjose-1.abzwuljrnocy3fyperpqihyokz3nuvhcseslimhfr5rvl5wga4y4uq5oezea,GB Months,B88327,0.00001637917,GB Months
2023-11-13T11:00:00.000000+0000,2023-11-13T12:00:00.000000+0000,Monitoring Service - Retrieval,2023-11-01,2023-11-30,Oracle,ocid1.organizationssubscription.oc1.us-sanjose-1.amaaaaaa33abj3qa7lv6zso4gq45je75qdvql5fmgrmzlic6nbtm33hlbt5q,,USD,2.61423e-7,us-sanjose-1,TELEMETRY,ocid1.tenancy.oc1..aaaaaaaadsyhydp66mjpsohqocfcgzaabtrit47ex2igzu2j6lhuadrrglca,,oci_autonomous_database,Million Datapoints,B90926,0.000225,Million Datapoints
2023-11-13T06:00:00.000000+0000,2023-11-13T07:00:00.000000+0000,Oracle APEX Application Development,2023-11-01,2023-11-30,Oracle,ocid1.organizationssubscription.oc1.us-sanjose-1.amaaaaaa33abj3qa7lv6zso4gq45je75qdvql5fmgrmzlic6nbtm33hlbt5q,,USD,0.024528554999901885,us-sanjose-1,DATABASE,ocid1.tenancy.oc1..aaaaaaaadsyhydp66mjpsohqocfcgzaabtrit47ex2igzu2j6lhuadrrglca,sj-1,ocid1.autonomousdatabase.oc1.us-sanjose-1.anzwuljr33abj3qa3ustmv6jdlw6elfui5qg3jd7ugfx6oq7x5qa5emjmpta,Hours,B92911,0.166666666666,Hours
2023-11-13T11:00:00.000000+0000,2023-11-13T12:00:00.000000+0000,MySQL Database Service - Storage,2023-11-01,2023-11-30,Oracle,ocid1.organizationssubscription.oc1.us-sanjose-1.amaaaaaa33abj3qa7lv6zso4gq45je75qdvql5fmgrmzlic6nbtm33hlbt5q,,USD,0.000710731182784594,us-sanjose-1,MYSQL,ocid1.tenancy.oc1..aaaaaaaadsyhydp66mjpsohqocfcgzaabtrit47ex2igzu2j6lhuadrrglca,sj-1,ocid1.mysqlinstance.oc1.us-sanjose-1.abzwuljrijxaukifprz6it6gvgse4lqermwyw6hsi6p2bei5ivfk3qth6x5q,GB Months,B92426,0.028673835125,GB Months
2023-11-13T10:00:00.000000+0000,2023-11-13T11:00:00.000000+0000,Monitoring Service - Retrieval,2023-11-01,2023-11-30,Oracle,ocid1.organizationssubscription.oc1.us-sanjose-1.amaaaaaa33abj3qa7lv6zso4gq45je75qdvql5fmgrmzlic6nbtm33hlbt5q,,USD,4.64752e-9,us-sanjose-1,TELEMETRY,ocid1.tenancy.oc1..aaaaaaaadsyhydp66mjpsohqocfcgzaabtrit47ex2igzu2j6lhuadrrglca,,oci_compute_infrastructure_health,Million Datapoints,B90926,4e-6,Million Datapoints
2023-11-13T06:00:00.000000+0000,2023-11-13T07:00:00.000000+0000,Monitoring Service - Retrieval,2023-11-01,2023-11-30,Oracle,ocid1.organizationssubscription.oc1.us-sanjose-1.amaaaaaa33abj3qa7lv6zso4gq45je75qdvql5fmgrmzlic6nbtm33hlbt5q,,USD,4.182768e-8,us-sanjose-1,TELEMETRY,ocid1.tenancy.oc1..aaaaaaaadsyhydp66mjpsohqocfcgzaabtrit47ex2igzu2j6lhuadrrglca,,oci_compute,Million Datapoints,B90926,0.000036,Million Datapoints
2023-11-13T08:00:00.000000+0000,2023-11-13T09:00:00.000000+0000,Monitoring Service - Retrieval,2023-11-01,2023-11-30,Oracle,ocid1.organizationssubscription.oc1.us-sanjose-1.amaaaaaa33abj3qa7lv6zso4gq45je75qdvql5fmgrmzlic6nbtm33hlbt5q,,USD,4.64752e-9,us-sanjose-1,TELEMETRY,ocid1.tenancy.oc1..aaaaaaaadsyhydp66mjpsohqocfcgzaabtrit47ex2igzu2j6lhuadrrglca,,oci_compute_infrastructure_health,Million Datapoints,B90926,4e-6,Million Datapoints
2023-11-13T06:00:00.000000+0000,2023-11-13T07:00:00.000000+0000,MySQL Database Service - Storage,2023-11-01,2023-11-30,Oracle,ocid1.organizationssubscription.oc1.us-sanjose-1.amaaaaaa33abj3qa7lv6zso4gq45je75qdvql5fmgrmzlic6nbtm33hlbt5q,,USD,0.000710731182784594,us-sanjose-1,MYSQL,ocid1.tenancy.oc1..aaaaaaaadsyhydp66mjpsohqocfcgzaabtrit47ex2igzu2j6lhuadrrglca,sj-1,ocid1.mysqlinstance.oc1.us-sanjose-1.abzwuljrijxaukifprz6it6gvgse4lqermwyw6hsi6p2bei5ivfk3qth6x5q,GB Months,B92426,0.028673835125,GB Months
2023-11-13T08:00:00.000000+0000,2023-11-13T09:00:00.000000+0000,Block Volume - Storage,2023-11-01,2023-11-30,Oracle,ocid1.organizationssubscription.oc1.us-sanjose-1.amaaaaaa33abj3qa7lv6zso4gq45je75qdvql5fmgrmzlic6nbtm33hlbt5q,,USD,0.001351707606962962,us-sanjose-1,BLOCK_STORAGE,ocid1.tenancy.oc1..aaaaaaaadsyhydp66mjpsohqocfcgzaabtrit47ex2igzu2j6lhuadrrglca,sj-1,ocid1.bootvolume.oc1.us-sanjose-1.abzwuljrb4wzk5tikdkt6ugea3ntrr3lohyscahdouj3spcnizk7rmjt7feq,GB Months,B91961,0.06260229988,GB Months
2023-11-13T07:00:00.000000+0000,2023-11-13T08:00:00.000000+0000,Container Image Storage,2023-11-01,2023-11-30,Oracle,ocid1.organizationssubscription.oc1.us-sanjose-1.amaaaaaa33abj3qa7lv6zso4gq45je75qdvql5fmgrmzlic6nbtm33hlbt5q,,USD,4.81298076439e-7,us-sanjose-1,COMPUTE,ocid1.tenancy.oc1..aaaaaaaadsyhydp66mjpsohqocfcgzaabtrit47ex2igzu2j6lhuadrrglca,,ocid1.containerrepo.oc1.us-sanjose-1.0.axi5rjbot4mp.aaaaaaaaslfwxxoeeoxnrk7vfyqv77jupswli7ko4e3tvuegtqrwoqtkgb5a,GB Months,B91628,0.000048543887,GB Months
2023-11-13T10:00:00.000000+0000,2023-11-13T11:00:00.000000+0000,Monitoring Service - Retrieval,2023-11-01,2023-11-30,Oracle,ocid1.organizationssubscription.oc1.us-sanjose-1.amaaaaaa33abj3qa7lv6zso4gq45je75qdvql5fmgrmzlic6nbtm33hlbt5q,,USD,1.975196e-8,us-sanjose-1,TELEMETRY,ocid1.tenancy.oc1..aaaaaaaadsyhydp66mjpsohqocfcgzaabtrit47ex2igzu2j6lhuadrrglca,,oci_blockstore,Million Datapoints,B90926,0.000017,Million Datapoints
2023-11-13T08:00:00.000000+0000,2023-11-13T09:00:00.000000+0000,Oracle Autonomous Transaction Processing - Exadata Storage,2023-11-01,2023-11-30,Oracle,ocid1.organizationssubscription.oc1.us-sanjose-1.amaaaaaa33abj3qa7lv6zso4gq45je75qdvql5fmgrmzlic6nbtm33hlbt5q,,USD,0.005718340005699543,us-sanjose-1,DATABASE,ocid1.tenancy.oc1..aaaaaaaadsyhydp66mjpsohqocfcgzaabtrit47ex2igzu2j6lhuadrrglca,sj-1,ocid1.autonomousdatabase.oc1.us-sanjose-1.anzwuljr33abj3qa3ustmv6jdlw6elfui5qg3jd7ugfx6oq7x5qa5emjmpta,TB,B90455,0.000224014336,TB
2023-11-13T07:00:00.000000+0000,2023-11-13T08:00:00.000000+0000,Oracle APEX Application Development,2023-11-01,2023-11-30,Oracle,ocid1.organizationssubscription.oc1.us-sanjose-1.amaaaaaa33abj3qa7lv6zso4gq45je75qdvql5fmgrmzlic6nbtm33hlbt5q,,USD,0.0367928325,us-sanjose-1,DATABASE,ocid1.tenancy.oc1..aaaaaaaadsyhydp66mjpsohqocfcgzaabtrit47ex2igzu2j6lhuadrrglca,sj-1,ocid1.autonomousdatabase.oc1.us-sanjose-1.anzwuljr33abj3qa3ustmv6jdlw6elfui5qg3jd7ugfx6oq7x5qa5emjmpta,Hours,B92911,0.25,Hours
2023-11-13T09:00:00.000000+0000,2023-11-13T10:00:00.000000+0000,Monitoring Service - Retrieval,2023-11-01,2023-11-30,Oracle,ocid1.organizationssubscription.oc1.us-sanjose-1.amaaaaaa33abj3qa7lv6zso4gq45je75qdvql5fmgrmzlic6nbtm33hlbt5q,,USD,4.415144e-8,us-sanjose-1,TELEMETRY,ocid1.tenancy.oc1..aaaaaaaadsyhydp66mjpsohqocfcgzaabtrit47ex2igzu2j6lhuadrrglca,,oci_blockstore,Million Datapoints,B90926,0.000038,Million Datapoints
2023-11-13T07:00:00.000000+0000,2023-11-13T08:00:00.000000+0000,Block Volume - Storage,2023-11-01,2023-11-30,Oracle,ocid1.organizationssubscription.oc1.us-sanjose-1.amaaaaaa33abj3qa7lv6zso4gq45je75qdvql5fmgrmzlic6nbtm33hlbt5q,,USD,0.001351707606962962,us-sanjose-1,BLOCK_STORAGE,ocid1.tenancy.oc1..aaaaaaaadsyhydp66mjpsohqocfcgzaabtrit47ex2igzu2j6lhuadrrglca,sj-1,ocid1.bootvolume.oc1.us-sanjose-1.abzwuljrlmub5uedgtlbadwfu3hadymcy2xkymh3x2dw3b3rgxfjnzrxy4pa,GB Months,B91961,0.06260229988,GB Months
2023-11-13T11:00:00.000000+0000,2023-11-13T12:00:00.000000+0000,Monitoring Service - Retrieval,2023-11-01,2023-11-30,Oracle,ocid1.organizationssubscription.oc1.us-sanjose-1.amaaaaaa33abj3qa7lv6zso4gq45je75qdvql5fmgrmzlic6nbtm33hlbt5q,,USD,4.3221936e-7,us-sanjose-1,TELEMETRY,ocid1.tenancy.oc1..aaaaaaaadsyhydp66mjpsohqocfcgzaabtrit47ex2igzu2j6lhuadrrglca,,oci_autonomous_database,Million Datapoints,B90926,0.000372,Million Datapoints
2023-11-13T08:00:00.000000+0000,2023-11-13T09:00:00.000000+0000,Monitoring Service - Retrieval,2023-11-01,2023-11-30,Oracle,ocid1.organizationssubscription.oc1.us-sanjose-1.amaaaaaa33abj3qa7lv6zso4gq45je75qdvql5fmgrmzlic6nbtm33hlbt5q,,USD,2.32376e-7,us-sanjose-1,TELEMETRY,ocid1.tenancy.oc1..aaaaaaaadsyhydp66mjpsohqocfcgzaabtrit47ex2igzu2j6lhuadrrglca,,oci_vcn,Million Datapoints,B90926,0.0002,Million Datapoints
2023-11-13T06:00:00.000000+0000,2023-11-13T07:00:00.000000+0000,Oracle Autonomous Transaction Processing - Exadata Storage,2023-11-01,2023-11-30,Oracle,ocid1.organizationssubscription.oc1.us-sanjose-1.amaaaaaa33abj3qa7lv6zso4gq45je75qdvql5fmgrmzlic6nbtm33hlbt5q,,USD,0.005718340005699543,us-sanjose-1,DATABASE,ocid1.tenancy.oc1..aaaaaaaadsyhydp66mjpsohqocfcgzaabtrit47ex2igzu2j6lhuadrrglca,sj-1,ocid1.autonomousdatabase.oc1.us-sanjose-1.anzwuljr33abj3qa3ustmv6jdlw6elfui5qg3jd7ugfx6oq7x5qa5emjmpta,TB,B90455,0.000224014336,TB
2023-11-13T05:00:00.000000+0000,2023-11-13T06:00:00.000000+0000,Monitoring Service - Retrieval,2023-11-01,2023-11-30,Oracle,ocid1.organizationssubscription.oc1.us-sanjose-1.amaaaaaa33abj3qa7lv6zso4gq45je75qdvql5fmgrmzlic6nbtm33hlbt5q,,USD,2.32376e-9,us-sanjose-1,TELEMETRY,ocid1.tenancy.oc1..aaaaaaaadsyhydp66mjpsohqocfcgzaabtrit47ex2igzu2j6lhuadrrglca,,oci_compute_infrastructure_health,Million Datapoints,B90926,2e-6,Million Datapoints
2023-11-13T08:00:00.000000+0000,2023-11-13T09:00:00.000000+0000,Container Image Storage,2023-11-01,2023-11-30,Oracle,ocid1.organizationssubscription.oc1.us-sanjose-1.amaaaaaa33abj3qa7lv6zso4gq45je75qdvql5fmgrmzlic6nbtm33hlbt5q,,USD,4.81298076439e-7,us-sanjose-1,COMPUTE,ocid1.tenancy.oc1..aaaaaaaadsyhydp66mjpsohqocfcgzaabtrit47ex2igzu2j6lhuadrrglca,,ocid1.containerrepo.oc1.us-sanjose-1.0.axi5rjbot4mp.aaaaaaaaslfwxxoeeoxnrk7vfyqv77jupswli7ko4e3tvuegtqrwoqtkgb5a,GB Months,B91628,0.000048543887,GB Months
2023-11-13T06:00:00.000000+0000,2023-11-13T07:00:00.000000+0000,Monitoring Service - Retrieval,2023-11-01,2023-11-30,Oracle,ocid1.organizationssubscription.oc1.us-sanjose-1.amaaaaaa33abj3qa7lv6zso4gq45je75qdvql5fmgrmzlic6nbtm33hlbt5q,,USD,4.705614e-7,us-sanjose-1,TELEMETRY,ocid1.tenancy.oc1..aaaaaaaadsyhydp66mjpsohqocfcgzaabtrit47ex2igzu2j6lhuadrrglca,,oci_autonomous_database,Million Datapoints,B90926,0.000405,Million Datapoints
2023-11-13T09:00:00.000000+0000,2023-11-13T10:00:00.000000+0000,Standard - E4,2023-11-01,2023-11-30,Oracle,ocid1.organizationssubscription.oc1.us-sanjose-1.amaaaaaa33abj3qa7lv6zso4gq45je75qdvql5fmgrmzlic6nbtm33hlbt5q,,USD,0.0018230675,us-sanjose-1,COMPUTE,ocid1.tenancy.oc1..aaaaaaaadsyhydp66mjpsohqocfcgzaabtrit47ex2igzu2j6lhuadrrglca,sj-1,ocid1.instance.oc1.us-sanjose-1.anzwuljr33abj3qcn6ugox3wetdefjnrjositn7hexayzgxipdxejwitp7aq,OCPU Hours,B93113,0.25,OCPU Hours
2023-11-13T06:00:00.000000+0000,2023-11-13T07:00:00.000000+0000,Oracle Autonomous Transaction Processing - Exadata Storage,2023-11-01,2023-11-30,Oracle,ocid1.organizationssubscription.oc1.us-sanjose-1.amaaaaaa33abj3qa7lv6zso4gq45je75qdvql5fmgrmzlic6nbtm33hlbt5q,,USD,0.005718340005699543,us-sanjose-1,DATABASE,ocid1.tenancy.oc1..aaaaaaaadsyhydp66mjpsohqocfcgzaabtrit47ex2igzu2j6lhuadrrglca,sj-1,ocid1.autonomousdatabase.oc1.us-sanjose-1.anzwuljr33abj3qa3ustmv6jdlw6elfui5qg3jd7ugfx6oq7x5qa5emjmpta,TB,B90455,0.000224014336,TB
2023-11-13T05:00:00.000000+0000,2023-11-13T06:00:00.000000+0000,Monitoring Service - Retrieval,2023-11-01,2023-11-30,Oracle,ocid1.organizationssubscription.oc1.us-sanjose-1.amaaaaaa33abj3qa7lv6zso4gq45je75qdvql5fmgrmzlic6nbtm33hlbt5q,,USD,2.32376e-9,us-sanjose-1,TELEMETRY,ocid1.tenancy.oc1..aaaaaaaadsyhydp66mjpsohqocfcgzaabtrit47ex2igzu2j6lhuadrrglca,,oci_compute_infrastructure_health,Million Datapoints,B90926,2e-6,Million Datapoints
2023-11-13T05:00:00.000000+0000,2023-11-13T06:00:00.000000+0000,Monitoring Service - Retrieval,2023-11-01,2023-11-30,Oracle,ocid1.organizationssubscription.oc1.us-sanjose-1.amaaaaaa33abj3qa7lv6zso4gq45je75qdvql5fmgrmzlic6nbtm33hlbt5q,,USD,8.13316e-9,us-sanjose-1,TELEMETRY,ocid1.tenancy.oc1..aaaaaaaadsyhydp66mjpsohqocfcgzaabtrit47ex2igzu2j6lhuadrrglca,,oci_blockstore,Million Datapoints,B90926,7e-6,Million Datapoints
